global_step,callback_call,rollout,wall_time_s,env_id,episode,sample_index,episode_step,reward,episode_return,terminal,timeout,termination_reason,pin_x,pin_y,pin_z,pin_qw,pin_qx,pin_qy,pin_qz,pipe_x,pipe_y,pipe_z,pipe_qw,pipe_qx,pipe_qy,pipe_qz,center_x,center_y,center_z,center_qw,center_qx,center_qy,center_qz,ee_frame_x,ee_frame_y,ee_frame_z,ee_frame_qw,ee_frame_qx,ee_frame_qy,ee_frame_qz,contact_left_finger_fx_N,contact_left_finger_fy_N,contact_left_finger_fz_N,contact_left_finger_force_N,contact_right_finger_fx_N,contact_right_finger_fy_N,contact_right_finger_fz_N,contact_right_finger_force_N,contact_pin_tip_fx_N,contact_pin_tip_fy_N,contact_pin_tip_fz_N,contact_pin_tip_force_N,gripper_left_pos_rad,gripper_left_vel_rad_s,gripper_right_pos_rad,gripper_right_vel_rad_s
12500000,3051,26,1680.0,0,6,0,0,-0.02911482259442204,-0.02911482259442204,0,0,,0.035,-0.012,0.062,1.0,0.0,0.0,0.0,0.035,-0.012,0.055,1.0,0.0,0.0,-0.0,0.0,0.0,0.04,1.0,0.0,0.0,0.0,0.035,-0.012,0.107,1.0,0.0,0.0,0.0,0.0,0.0,0.0,0.0,0.0,0.0,0.0,0.0,0.0,0.0,0.0,0.0,0.045399999999999996,-0.2791666666666667,0.0446,-0.2791666666666667
12504096,3052,26,1680.12,0,6,1,5,-0.028727725820228492,-0.05784254841465053,0,0,,0.03502069662341716,-0.011989209404284518,0.06246741935483871,0.9999998709352265,0.0,0.0,0.0005080644942712881,0.03502069662341716,-0.012,0.05501625806451613,0.9999999793496359,0.0,0.0,-0.00020322580505271725,0.0,0.0,0.04,1.0,0.0,0.0,0.0,0.03502069662341716,-0.011989209404284518,0.10762955497087492,0.9999999704381949,0.0,0.0,0.00024315346870485913,-1.1838692645021098,0.10817079574130953,0.18297941766379663,1.202800408950985,1.1056458476413797,0.1010234784646946,0.17088916775696386,1.1233261286306837,0.0,0.0,0.0,0.0,0.04358246519828664,-0.2816987793521981,0.042805114266791656,-0.2816987793521981
12508192,3053,26,1680.24,0,6,2,10,-0.028340629046034946,-0.08618317746068548,0,0,,0.03504104548114324,-0.011978493281688573,0.06293483870967742,0.9999994837409393,0.0,0.0,0.0010161288573961186,0.03504104548114324,-0.012,0.05503251612903226,0.9999999173985443,0.0,0.0,-0.00040645160171206077,0.0,0.0,0.04,1.0,0.0,0.0,0.0,0.03504104548114324,-0.011978493281688573,0.10825904333781192,0.9999998819469814,0.0,0.0,0.00048590742256625824,-2.3737379973486648,0.21688976625520792,0.3769036235091177,2.4132404754142076,2.2290986787998213,0.20367399095632882,0.3539377008488077,2.266194146692054,0.0,0.0,0.0,0.0,0.041760589259364204,-0.2841468687267274,0.04099673338083824,-0.2841468687267274
12512288,3054,26,1680.36,0,6,3,15,-0.027953532271841396,-0.11413670973252688,0,0,,0.03506070465099959,-0.011967925591342882,0.06340225806451613,0.9999988384172384,0.0,0.0,0.0015241929582280674,0.03506070465099959,-0.012,0.05504877419354839,0.9999998141467279,0.0,0.0,-0.0006096773815846572,0.0,0.0,0.04,1.0,0.0,0.0,0.0,0.03506070465099959,-0.011967925591342882,0.10888839852423338,0.9999997351076891,0.0,0.0,0.0007278630033542845,-3.5622287610165926,0.32548283095583075,0.5800356473983087,3.6237900285907303,3.373689501668707,0.3082558935534859,0.5493359089220411,3.4319924956810897,0.0,0.0,0.0,0.0,0.039941729092406786,-0.2864296996319408,0.03917507770890554,-0.2864296996319408
12516384,3055,26,1680.48,0,6,4,20,-0.027566435497647847,-0.14170314523017472,0,0,,0.03507934379964375,-0.01195757926794791,0.06386967741935484,0.9999979349642903,0.0,0.0,0.002032256665620778,0.03507934379964375,-0.012,0.055065032258064514,0.999999669594191,0.0,0.0,-0.0008129031362771336,0.0,0.0,0.04,1.0,0.0,0.0,0.0,0.03507934379964375,-0.01195757926794791,0.10951755400827111,0.9999995308849564,0.0,0.0,0.0009686226649841774,-4.741799455204963,0.433260863927357,0.7901046698450943,4.826659552827834,4.540690238567725,0.41488540250872613,0.7565947475645236,4.621951249405523,0.0,0.0,0.0,0.0,0.03813309326638498,-0.28847152069539334,0.03734388170850274,-0.28847152069539334
12520480,3056,26,1680.6,0,6,5,25,-0.0271793387234543,-0.168882483953629,0,0,,0.03509664973316584,-0.011947525718402704,0.06433709677419355,0.9999967733823283,0.0,0.0,0.0025403198484279963,0.03509664973316584,-0.012,0.05508129032258065,0.9999994837409393,0.0,0.0,-0.0010161288573961186,0.0,0.0,0.04,1.0,0.0,0.0,0.0,0.03509664973316584,-0.011947525718402704,0.110146443350093,0.9999992706203933,0.0,0.0,0.0012077908268858753,-5.905368479379016,0.5395768153747323,1.0044592596773343,6.01443749832723,5.729181177835527,0.5234784832540076,0.9744911100028656,5.834996110912964,0.0,0.0,0.0,0.0,0.0363401524195571,-0.29020457799475535,0.035509767377556456,-0.29020457799475535
12524576,3057,26,1680.72,0,6,6,30,-0.02679224194926075,-0.19567472590288976,0,0,,0.03511233165969079,-0.011937834328978129,0.06480451612903226,0.9999953536716522,0.0,0.0,0.0030483823755036036,0.03511233165969079,-0.012,0.055097548387096774,0.9999992565869807,0.0,0.0,-0.0012193545365482418,0.0,0.0,0.04,1.0,0.0,0.0,0.0,0.03511233165969079,-0.011937834328978129,0.1107750002191959,0.9999989560237673,0.0,0.0,0.0014449745241350293,-7.046913428216438,0.6438804147608929,1.220250287230054,7.180708991233028,6.936080110742991,0.6337535126567201,1.2010582836870414,7.067771347338743,0.0,0.0,0.0,0.0,0.0345653300459567,-0.2915713633419906,0.03368102282629108,-0.2915713633419906
12528672,3058,26,1680.84,0,6,7,35,-0.0264051451750672,-0.22207987107795696,0,0,,0.03512612607555884,-0.011928571986435774,0.06527193548387097,0.9999936758326284,0.0,0.0,0.003556444115701648,0.03512612607555884,-0.012,0.0551138064516129,0.9999989881323247,0.0,0.0,-0.0014225801653401343,0.0,0.0,0.04,1.0,0.0,0.0,0.0,0.03512612607555884,-0.011928571986435774,0.1114031584216536,0.999998589161772,0.0,0.0,0.0016797840532744668,-8.162001925442004,0.74576667339064,1.434627072550594,8.320612849986125,8.15633129644897,0.7452485448532052,1.4336303516546531,8.314832024534482,0.0,0.0,0.0,0.0,0.03280722353708965,-0.2925265225824596,0.03186599278957645,-0.2925265225824596
12532768,3059,26,1680.96,0,6,8,40,-0.026018048400873652,-0.24809791947883061,0,0,,0.035137801192981676,-0.011919802616397687,0.06573935483870967,0.9999917398656901,0.0,0.0,0.004064504937876385,0.035137801192981676,-0.012,0.055130064516129035,0.9999986783769821,0.0,0.0,-0.0016258057353784304,0.0,0.0,0.04,1.0,0.0,0.0,0.0,0.035137801192981676,-0.011919802616397687,0.11203085192730881,0.9999981724444486,0.0,0.0,0.001911833612762347,-9.248217863932734,0.8450148302070517,1.6449280965359072,9.431297480453452,9.383242147616,0.8573520744014619,1.668944100615075,9.568994732533595,0.0,0.0,0.0,0.0,0.031060518557964045,-0.29303836058569777,0.030071361191146662,-0.29303836058569777
12536864,3060,26,1681.08,0,6,9,45,-0.025630951626680106,-0.2737288711055107,0,0,,0.03514716083477632,-0.011911586742152876,0.06620677419354838,0.9999895457713369,0.0,0.0,0.004572564710882304,0.03514716083477632,-0.012,0.05514632258064516,0.9999983273209658,0.0,0.0,-0.0018290312382697655,0.0,0.0,0.04,1.0,0.0,0.0,0.0,0.03514716083477632,-0.011911586742152876,0.11265801489689777,0.9999977086093543,0.0,0.0,0.0021407419369922982,-10.305453133233145,0.9416150070974447,1.848847676432166,10.512242426499904,10.608946233277292,0.9693453411116307,1.9032957929366534,10.821825421171496,0.0,0.0,0.0,0.0,0.029316643601716777,-0.2930898929876307,0.028300633308659912,-0.2930898929876307
12540960,3061,26,1681.2,0,6,10,50,-0.025243854852486557,-0.29897272595799723,0,0,,0.03515404773073348,-0.01190398106694562,0.06667419354838709,0.9999870935501354,0.0,0.0,0.0050806233035741635,0.03515404773073348,-0.012,0.05516258064516129,0.9999979349642903,0.0,0.0,-0.002032256665620778,0.0,0.0,0.04,1.0,0.0,0.0,0.0,0.03515404773073348,-0.01190398106694562,0.11328458170909637,0.9999972007035777,0.0,0.0,0.0023661329228416308,-11.3360433811901,1.0357806135097554,2.044562451351886,11.565420728923984,11.824963330906494,1.0804535023163293,2.132743780347651,12.064233650777924,0.0,0.0,0.0,0.0,0.027565084483491594,-0.2926794097841741,0.026553101317670236,-0.2926794097841741
12545056,3062,26,1681.32,0,6,11,55,-0.024856758078293007,-0.32382948403629025,0,0,,0.035158346160231294,-0.011897038082628436,0.0671416129032258,0.9999843832027183,0.0,0.0,0.005588680584807033,0.035158346160231294,-0.012,0.05517883870967742,0.9999975013069718,0.0,0.0,-0.0022354820090381105,0.0,0.0,0.04,1.0,0.0,0.0,0.0,0.035158346160231294,-0.011897038082628436,0.11391048698747698,0.9999966520637205,0.0,0.0,0.002587636247716306,-12.344735940007984,1.127945415838293,2.230806071227911,12.595287293947,13.022821177608238,1.189902442624103,2.353342241478928,13.287135091977259,0.0,0.0,0.0,0.0,0.0257951612332991,-0.29182053207444497,0.02482350481276583,-0.29182053207444497
12549152,3063,26,1681.44,0,6,12,60,-0.02446966130409946,-0.3482991453403897,0,0,,0.03515998389669084,-0.011890805707380688,0.06760903225806451,0.9999814147297854,0.0,0.0,0.006096736423436315,0.03515998389669084,-0.012,0.05519509677419355,0.9999970263490284,0.0,0.0,-0.0024387072601284084,0.0,0.0,0.04,1.0,0.0,0.0,0.0,0.03515998389669084,-0.011890805707380688,0.11453566562736442,0.9999960662939782,0.0,0.0,0.002804887978075597,-13.338488218154275,1.2187451163795784,2.406886571933816,13.608589588002673,14.194699505374542,1.296977619780415,2.5613870982486184,14.482138960152467,0.0,0.0,0.0,0.0,0.023997981775653408,-0.2905417600706691,0.02310248794222743,-0.2905417600706691
12553248,3064,26,1681.56,0,6,13,65,-0.02408256452990591,-0.3723817098702956,0,0,,0.035158933421200446,-0.01188532695499319,0.06807645161290322,0.9999781881321029,0.0,0.0,0.006604790688317786,0.035158933421200446,-0.012,0.055211354838709675,0.9999965100904794,0.0,0.0,-0.0026419324104983203,0.0,0.0,0.04,1.0,0.0,0.0,0.0,0.035158933421200446,-0.01188532695499319,0.11516005282258045,0.999995447242463,0.0,0.0,0.0030175311674353793,-14.326105113800928,1.3089842235960236,2.5726477702139228,14.614008484289416,15.334055034944068,1.4010811707055493,2.753653011800358,15.642214586528224,0.0,0.0,0.0,0.0,0.02216824311498316,-0.2888855273732105,0.02137782395570014,-0.2888855273732105
12557344,3065,26,1681.68,0,6,14,70,-0.023695467755712362,-0.39607717762600797,0,0,,0.035155212384916416,-0.011880639638001246,0.06854387096774193,0.9999747034105038,0.0,0.0,0.007112843248307626,0.035155212384916416,-0.012,0.05522761290322581,0.9999959525313463,0.0,0.0,-0.002845157451754499,0.0,0.0,0.04,1.0,0.0,0.0,0.0,0.035155212384916416,-0.011880639638001246,0.11578358409206561,0.999994798975923,0.0,0.0,0.003225216442866626,-15.317733870143428,1.399589896764374,2.7283827307813153,15.621648284393352,16.436186409170134,1.5017835297718904,2.927600618919909,16.762291693893868,0.0,0.0,0.0,0.0,0.020305559913364715,-0.2869067928927944,0.0196362468942373,-0.2869067928927944
12561440,3066,26,1681.8,0,6,15,75,-0.023308370981518816,-0.4193855486075268,0,0,,0.03514888331247036,-0.011876776106715057,0.06901129032258065,0.9999709605658874,0.0,0.0,0.0076208939722624625,0.03514888331247036,-0.012,0.055243870967741936,0.9999953536716522,0.0,0.0,-0.003048382375503603,0.0,0.0,0.04,1.0,0.0,0.0,0.0,0.03514888331247036,-0.011876776106715057,0.1164061953063675,0.9999941257530267,0.0,0.0,0.0034276025790249587,-16.324243820979003,1.491555272982853,2.874713054622774,16.642405132839205,17.498700572171767,1.5988660421273695,3.081535875438814,17.839752175599553,0.0,0.0,0.0,0.0,0.018415062579784463,-0.2846712171442901,0.01786562005771443,-0.2846712171442901
12565536,3067,26,1681.92,0,6,16,80,-0.02292127420732527,-0.44230682281485206,0,0,,0.03514005255136684,-0.011873763025948586,0.06947870967741936,0.99996695959922,0.0,0.0,0.00812894272903939,0.03514005255136684,-0.012,0.05526012903225806,0.9999947135114217,0.0,0.0,-0.0032516071733522953,0.0,0.0,0.04,1.0,0.0,0.0,0.0,0.03514005255136684,-0.011873763025948586,0.11702782271398457,0.9999934319963859,0.0,0.0,0.0036243570587679496,-17.35652623538267,1.5858754935882646,3.0124516440257314,17.687251593966888,18.52184679059302,1.6923514834044386,3.2147082347025004,18.874777114229623,0.0,0.0,0.0,0.0,0.01650711409315242,-0.2822529834282507,0.01605710022991447,-0.2822529834282507
12569632,3068,26,1682.04,0,6,17,85,-0.02253417743313172,-0.4648410002479838,0,0,,0.03512886848502453,-0.01187162119098784,0.06994612903225807,0.9999627005115342,0.0,0.0,0.008636989387496012,0.03512886848502453,-0.012,0.055276387096774196,0.9999940320506812,0.0,0.0,-0.0034548318369072434,0.0,0.0,0.04,1.0,0.0,0.0,0.0,0.03512886848502453,-0.01187162119098784,0.11764840296755472,0.9999927222635019,0.0,0.0,0.003815156619439335,-18.42475554362249,1.6834802019553543,3.1424681738423694,18.766481520419205,19.508691247233184,1.78252001243755,3.327340827540458,19.870521099287526,0.0,0.0,0.0,0.0,0.01459613121547055,-0.27973233620013055,0.01420693819201297,-0.27973233620013055
12573728,3069,26,1682.16,0,6,18,90,-0.02214708065893817,-0.48698808090692197,0,0,,0.03511551903948732,-0.011870365384068693,0.07041354838709678,0.9999581833039296,0.0,0.0,0.009145033816490478,0.03511551903948732,-0.012,0.05529264516129032,0.9999933092894588,0.0,0.0,-0.0036580563577751205,0.0,0.0,0.04,1.0,0.0,0.0,0.0,0.03511551903948732,-0.011870365384068693,0.11826787314987786,0.9999920012168253,0.0,0.0,0.003999687783923154,-19.5376572120042,1.7851666488125661,3.265575502142441,19.888963086546397,20.46511370737433,1.869908866663644,3.4205930243417106,20.83309614204195,0.0,0.0,0.0,0.0,0.012698640868416324,-0.27719291831168136,0.012317594741330245,-0.27719291831168136
12577824,3070,26,1682.28,0,6,19,95,-0.021759983884744625,-0.5087480647916666,0,0,,0.03510022852570001,-0.01187000427235478,0.07088096774193549,0.999953407977572,0.0,0.0,0.009653075884881505,0.03510022852570001,-0.012,0.05530890322580645,0.9999925452277847,0.0,0.0,-0.0038612807275626056,0.0,0.0,0.04,1.0,0.0,0.0,0.0,0.03510022852570001,-0.01187000427235478,0.11888617079976181,0.9999912735931274,0.0,0.0,0.004177647375596312,-20.266001093679915,1.8517158359707535,3.3112422838698166,20.618049794505485,20.949099574791312,1.91413092561545,3.4228530828748904,21.313014648844614,0.0,0.0,0.0,0.0,0.011558605485394238,-0.006145101262903613,0.01111798666885254,0.0003237600393457224
12581920,3071,26,1682.4,0,6,20,100,-0.021372887110551075,-0.5301209519022176,0,0,,0.03508325387040792,-0.011870540348119605,0.07134838709677419,0.9999483745336943,0.0,0.0,0.01016111546152843,0.03508325387040792,-0.012,0.05532516129032258,0.9999917398656901,0.0,0.0,-0.004064504937876385,0.0,0.0,0.04,1.0,0.0,0.0,0.0,0.03508325387040792,-0.011870540348119605,0.11950323393768073,0.9999905441723826,0.0,0.0,0.004348743016334771,-20.386680422325032,1.8627423736134547,3.2490551391398137,20.727829290343855,20.760350914270752,1.896884855111033,3.3086075531204453,21.107752750536417,0.0,0.0,0.0,0.0,0.011553553584477263,-0.0062360354794091495,0.010992091164432635,-0.0019423590402125415
12586016,3072,26,1682.52,0,6,21,105,-0.020985790336357526,-0.5511067422385751,0,0,,0.035064880299012786,-0.011871969911545707,0.07181580645161291,0.9999430829735957,0.0,0.0,0.010669152415291224,0.035064880299012786,-0.012,0.05534141935483871,0.9999908932032083,0.0,0.0,-0.004267728980323151,0.0,0.0,0.04,1.0,0.0,0.0,0.0,0.035064880299012786,-0.011871969911545707,0.12011900109123591,0.9999898177463666,0.0,0.0,0.00451269360675684,-20.54538258104807,1.8772430784713972,3.188040866699022,20.875832715009125,20.59072837055818,1.8813863485789195,3.1950772034292174,20.92190784222609,0.0,0.0,0.0,0.0,0.01159410484917895,-0.0055061127147787835,0.010880399832085549,-0.003952803022460112
12590112,3073,26,1682.64,0,6,22,110,-0.020598693562163976,-0.5717054358007391,0,0,,0.03504541654292576,-0.011874283096259554,0.0722832258064516,0.999937533298642,0.0,0.0,0.011177186615030536,0.03504541654292576,-0.012,0.05535767741935484,0.9999900052403745,0.0,0.0,-0.0044709528465096005,0.0,0.0,0.04,1.0,0.0,0.0,0.0,0.03504541654292576,-0.011874283096259554,0.12073341132040796,0.9999890990871788,0.0,0.0,0.004669229787916491,-20.734669278599426,1.8945383097197446,3.1282618372037447,21.05473361555534,20.449024532960244,1.8684387898136263,3.0851663074523685,20.764679602766073,0.0,0.0,0.0,0.0,0.011674921466904393,-0.00405141359572082,0.010797614738563817,-0.005442934705851272
12594208,3074,26,1682.76,0,6,23,115,-0.02021159678797043,-0.5919170325887095,0,0,,0.03502518965194864,-0.011877463937426003,0.07275064516129032,0.9999317255102658,0.0,0.0,0.01168521792960773,0.03502518965194864,-0.012,0.05537393548387097,0.9999890759772252,0.0,0.0,-0.004674176528042442,0.0,0.0,0.04,1.0,0.0,0.0,0.0,0.03502518965194864,-0.011877463937426003,0.12134640424259059,0.9999883929158927,0.0,0.0,0.0048180943836903575,-20.94558744675246,1.9138100205154531,3.0697658319376626,21.255676054812078,20.342688136061703,1.8587227738533536,2.9814054692234526,20.643851131100085,0.0,0.0,0.0,0.0,0.011785365447367812,-0.00206342194737926,0.01075463298703109,-0.006216606233440332
12598304,3075,26,1682.88,0,6,24,120,-0.01982450001377688,-0.6117415326024864,0,0,,0.03500453949885087,-0.011881490481932301,0.07321806451612903,0.9999256596099663,0.0,0.0,0.012193246227884917,0.03500453949885087,-0.012,0.0553901935483871,0.9999881054137988,0.0,0.0,-0.004877400016528389,0.0,0.0,0.04,1.0,0.0,0.0,0.0,0.03500453949885087,-0.011881490481932301,0.1219579200573952,0.9999877038715418,0.0,0.0,0.0049590428231341115,-21.168101991405496,1.9341412987071012,3.012672115526422,21.468712997233443,20.27744105545214,1.8527611116656777,2.885912079731773,20.56540366796087,0.0,0.0,0.0,0.0,0.011910898914271491,0.00019618045688695802,0.010757112318038012,-0.006171978275315758
12602400,3076,26,1683.0,0,6,25,125,-0.019437403239583335,-0.6311789358420697,0,0,,0.034983813068482014,-0.011886334939901204,0.07368548387096774,0.9999193355993092,0.0,0.0,0.012701271378724975,0.034983813068482014,-0.012,0.055406451612903224,0.9999870935501354,0.0,0.0,-0.0050806233035741635,0.0,0.0,0.04,1.0,0.0,0.0,0.0,0.034983813068482014,-0.011886334939901204,0.12256789957121639,0.9999870364806449,0.0,0.0,0.005091843542116974,-21.391584521180334,1.9545610222398275,2.9572361532510896,21.683298706206042,20.256978794935637,1.8508914634966571,2.800384889147004,20.533220512999897,0.0,0.0,0.0,0.0,0.012034997743752709,0.0024299593875488613,0.010804726374210203,-0.005314925264216325
12606496,3077,26,1683.12,0,6,26,130,-0.019050306465389785,-0.6502292423074595,0,0,,0.03496335862737982,-0.011891963876487508,0.07415290322580645,0.999912753479927,0.0,0.0,0.013209293250991608,0.03496335862737982,-0.012,0.05542270967741936,0.9999860403862767,0.0,0.0,-0.005283846380786496,0.0,0.0,0.04,1.0,0.0,0.0,0.0,0.03496335862737982,-0.011891963876487508,0.1231762842215482,0.9999863951274706,0.0,0.0,0.005216278363577355,-21.60533371784054,1.9740914056910135,2.903886248949977,21.88881077820632,20.28277068389637,1.8532480827925615,2.726125856178599,20.54889479401814,0.0,0.0,0.0,0.0,0.012141326655028215,0.004343879790507978,0.01089120765906882,-0.003758262136761209
12610592,3078,26,1683.24,0,6,27,135,-0.018663209691196236,-0.6688924519986558,0,0,,0.0349435198718421,-0.011898338442634281,0.07462032258064516,0.9999059132535187,0.0,0.0,0.013717311713549356,0.0349435198718421,-0.012,0.055438967741935484,0.9999849459222664,0.0,0.0,-0.005487069239772124,0.0,0.0,0.04,1.0,0.0,0.0,0.0,0.0349435198718421,-0.011898338442634281,0.12378301610104106,0.9999857840252359,0.0,0.0,0.005332142855777874,-21.79910111173429,1.9917960406660773,2.8532294733334354,22.075075972116764,20.35397097458746,1.8597536931095142,2.664080027263377,20.61165060408911,0.0,0.0,0.0,0.0,0.01221588944339307,0.0056860099810753665,0.011005172535261544,-0.0017068943652921956
12614688,3079,26,1683.36,0,6,28,140,-0.018276112917002686,-0.6871685649156585,0,0,,0.03492463015279235,-0.0119054146431962,0.07508774193548387,0.99989881492185,0.0,0.0,0.014225326635263645,0.03492463015279235,-0.012,0.05545522580645161,0.9999838101581494,0.0,0.0,-0.005690291872137796,0.0,0.0,0.04,1.0,0.0,0.0,0.0,0.03492463015279235,-0.0119054146431962,0.12438803798128971,0.9999852071884289,0.0,0.0,0.005439246667974246,-21.963595587157766,2.0068259927352274,2.8060284940836575,22.23287380414289,20.467446292729992,1.87012199629005,2.6148832175779186,20.718381410437573,0.0,0.0,0.0,0.0,0.012248871317772985,0.006279683719913849,0.011131619666677316,0.0005691540001917059
12618784,3080,26,1683.48,0,6,29,145,-0.017889016142809137,-0.7050575810584676,0,0,,0.03490700687447895,-0.011913143640579476,0.07555516129032258,0.9998914584867532,0.0,0.0,0.014733337885000817,0.03490700687447895,-0.012,0.055471483870967744,0.999982633093973,0.0,0.0,-0.005893514269490271,0.0,0.0,0.04,1.0,0.0,0.0,0.0,0.03490700687447895,-0.011913143640579476,0.12499129333634207,0.9999846684064371,0.0,0.0,0.005537413842949657,-22.09094099674922,2.0184616139161724,2.7631547313809843,22.3543929794182,20.617918808339635,1.8838707540614894,2.5789077936913642,20.863803833760887,0.0,0.0,0.0,0.0,0.012235930833683706,0.006046755006306833,0.011253904662675649,0.0027702839281616948
12622880,3081,26,1683.6,0,6,30,150,-0.01750191936861559,-0.7225595004270832,0,0,,0.034890946161126514,-0.011921472091802757,0.07602258064516129,0.9998838439501271,0.0,0.0,0.015241345331628152,0.034890946161126514,-0.012,0.05548774193548387,0.9999814147297854,0.0,0.0,-0.006096736423436314,0.0,0.0,0.04,1.0,0.0,0.0,0.0,0.034890946161126514,-0.011921472091802757,0.12559272636591962,0.9999841712186543,0.0,0.0,0.0056264831059042435,-22.17506372651031,2.0261479547065258,2.725526137213789,22.43361806605859,20.7982184335526,1.9003448314921156,2.556298761854784,21.04071918562211,0.0,0.0,0.0,0.0,0.012178771362881062,0.005017884531859205,0.011355930999594215,0.00460675799269589
12626976,3082,26,1683.72,0,6,31,155,-0.01711482259442204,-0.7396743230215053,0,0,,0.03487671788115588,-0.011930342516652731,0.07649,0.9998759713139374,0.0,0.0,0.01574934884401392,0.03487671788115588,-0.012,0.055504,0.9999801550656372,0.0,0.0,-0.006299958325582703,0.0,0.0,0.04,1.0,0.0,0.0,0.0,0.03487671788115588,-0.011930342516652731,0.1261922820183398,0.99998371889123,0.0,0.0,0.005706308129228131,-22.211990742293704,2.0295219967578,2.6940394657858744,22.466627270560146,20.999631678729013,1.9187480721681334,2.5469953218439527,21.24036981731305,0.0,0.0,0.0,0.0,0.012084916876452337,0.0033285037761421788,0.011424268825855701,0.00583683886540265
12631072,3083,26,1683.84,0,6,32,160,-0.016727725820228495,-0.7564020488417338,0,0,,0.03486456111258073,-0.011939693694393525,0.07695741935483871,0.999867840580216,0.0,0.0,0.01625734829102741,0.03486456111258073,-0.012,0.05552025806451613,0.9999788541015804,0.0,0.0,-0.006503179967536224,0.0,0.0,0.04,1.0,0.0,0.0,0.0,0.03486456111258073,-0.011939693694393525,0.12678990601313056,0.9999833143956129,0.0,0.0,0.005776757772725953,-22.20004331331714,2.0284303535010584,2.6695069874839,22.45178657408775,21.21232981779619,1.9381824199001594,2.5507365850701516,21.4528726402361,0.0,0.0,0.0,0.0,0.011966721555295051,0.0012009879953110239,0.011449922749764918,0.0062986094957685375
12635168,3084,26,1683.96,0,6,33,165,-0.016340629046034946,-0.7727426778877687,0,0,,0.03485468012577599,-0.011949461086291963,0.07742483870967742,0.999859451751062,0.0,0.0,0.016765343541538948,0.03485468012577599,-0.012,0.05553651612903226,0.9999775118376686,0.0,0.0,-0.006706401340903677,0.0,0.0,0.04,1.0,0.0,0.0,0.0,0.03485468012577599,-0.011949461086291963,0.12738554486332856,0.9999829603890326,0.0,0.0,0.005837716298900995,-22.139916959017437,2.0229365749356036,2.6526062340907988,22.389830619536575,21.425854973348912,1.957692332590256,2.5670537327775484,21.66770835771587,0.0,0.0,0.0,0.0,0.011839743594167701,-0.0010846153049812732,0.011429515913925213,0.005931286450653867
12639264,3085,26,1684.08,0,6,34,170,-0.015953532271841396,-0.7886962101596101,0,0,,0.03484724095111943,-0.011959577281042537,0.07789225806451613,0.9998508048286405,0.0,0.0,0.017273334464419948,0.03484724095111943,-0.012,0.055552774193548385,0.9999761282739574,0.0,0.0,-0.006909622437291871,0.0,0.0,0.04,1.0,0.0,0.0,0.0,0.03484724095111943,-0.011959577281042537,0.127979145897451,0.9999826591970425,0.0,0.0,0.005889083562947902,-22.034643903591938,2.0133177170794663,2.643848785306004,22.28382634530191,21.62963980494504,1.9763122664416788,2.5952539634910257,21.874242190328943,0.0,0.0,0.0,0.0,0.011720697257475285,-0.0032274493654447715,0.011365734495109834,0.004783220911977026
12643360,3086,26,1684.2,0,6,35,175,-0.015566435497647847,-0.8042626456572579,0,0,,0.03484236858918062,-0.011969972460017918,0.07835967741935485,0.9998418998151839,0.0,0.0,0.01778132092854295,0.03484236858918062,-0.012,0.05556903225806452,0.9999747034105038,0.0,0.0,-0.007112843248307626,0.0,0.0,0.04,1.0,0.0,0.0,0.0,0.03484236858918062,-0.011969972460017918,0.12857065728113262,0.9999824127982443,0.0,0.0,0.005930775177144204,-21.889440160820378,2.000050370024197,2.643570719661909,22.13902116595546,21.813534777601973,1.9931148527758147,2.634403685372012,22.062250317850804,0.0,0.0,0.0,0.0,0.011625252760192571,-0.004945450316533608,0.011266974119526204,0.00300553415147168
12647456,3087,26,1684.32,0,6,36,180,-0.015179338723454297,-0.8194419843807123,0,0,,0.034840144910334395,-0.011980574879134013,0.07882709677419356,0.9998327367129904,0.0,0.0,0.01828930280278164,0.034840144910334395,-0.012,0.055585290322580645,0.9999732372473666,0.0,0.0,-0.0073160637655577745,0.0,0.0,0.04,1.0,0.0,0.0,0.0,0.034840144910334395,-0.011980574879134013,0.12916002803841897,0.9999822228112891,0.0,0.0,0.005962722649372722,-21.711445045680964,1.9837868569657733,2.6519436679546793,21.962583215175293,21.968316553413636,2.0072573500580986,2.6833192289537915,22.22242597793551,0.0,0.0,0.0,0.0,0.011565973578291467,-0.006012475590753474,0.011146234736264589,0.0008322252527626288
12651552,3088,26,1684.44,0,6,37,185,-0.014792241949260751,-0.834234226329973,0,0,,0.03484060727909162,-0.01199131136400388,0.07929451612903225,0.9998233155244257,0.0,0.0,0.01879727995601088,0.03484060727909162,-0.012,0.05560154838709677,0.9999717297846067,0.0,0.0,-0.007519283980649162,0.0,0.0,0.04,1.0,0.0,0.0,0.0,0.03484060727909162,-0.01199131136400388,0.12974720807270668,0.9999820904842458,0.0,0.0,0.005984873495549131,-21.509366178562626,1.9653227980412549,2.669001971711262,21.76324650940188,22.086151894395577,2.0180240309600017,2.740572756272423,22.34684016867414,0.0,0.0,0.0,0.0,0.011550662703025025,-0.006288071345549428,0.011019409418091432,-0.001450630474354214
12655648,3089,26,1684.56,0,6,38,190,-0.014405145175067205,-0.8486393715050402,0,0,,0.034843747926262755,-0.012002107814963128,0.07976193548387096,0.9998136362519214,0.0,0.0,0.019305252257106758,0.034843747926262755,-0.012,0.055617806451612906,0.9999701810222859,0.0,0.0,-0.007722503885188644,0.0,0.0,0.04,1.0,0.0,0.0,0.0,0.034843747926262755,-0.012002107814963128,0.13033214818732294,0.9999820166864013,0.0,0.0,0.005997191325771512,-21.293047692604627,1.9455576571923008,2.694678770932415,21.550878597298734,22.16099355762845,2.0248623555193506,2.8045190967778586,22.429334149373243,0.0,0.0,0.0,0.0,0.01158133552364035,-0.005735960574473607,0.010903192336832878,-0.0035425379370081734
12659744,3090,26,1684.68,0,6,39,195,-0.014018048400873655,-0.8626574199059138,0,0,,0.03484951407950363,-0.012012889718481266,0.08022935483870967,0.9998036988979762,0.0,0.0,0.01981321957494662,0.03484951407950363,-0.012,0.05563406451612903,0.9999685909604684,0.0,0.0,-0.007925723470783092,0.0,0.0,0.04,1.0,0.0,0.0,0.0,0.03484951407950363,-0.012012889718481266,0.1309148001057349,0.9999820019025507,0.0,0.0,0.005999655904051548,-21.072983170960494,1.9254502389710098,2.728842323280803,21.335992097197316,22.188887934058123,2.02741108026927,2.8733462182247216,22.465824310013087,0.0,0.0,0.0,0.0,0.011653954539225783,-0.00442881829393578,0.010812881289108804,-0.005168136796041503
12663840,3091,26,1684.8,0,6,40,200,-0.013630951626680108,-0.876288371532594,0,0,,0.03485780885005002,-0.012023582661429428,0.08069677419354838,0.9997935034651549,0.0,0.0,0.020321181778409088,0.03485780885005002,-0.012,0.05565032258064516,0.99996695959922,0.0,0.0,-0.00812894272903939,0.0,0.0,0.04,1.0,0.0,0.0,0.0,0.03485780885005002,-0.012023582661429428,0.13149511649138135,0.9999820462298127,0.0,0.0,0.005992263181530089,-20.859797640650363,1.9059713580289672,2.771323725739966,21.12922430235806,22.168178513651686,2.0255188489630984,2.945148372465537,22.45450431776372,0.0,0.0,0.0,0.0,0.011758960819896577,-0.002538705241861527,0.010760364028643957,-0.0061134474844087685
12667936,3092,26,1684.92,0,6,41,205,-0.013243854852486558,-0.8895322263850806,0,0,,0.03486849286074106,-0.01203411284465515,0.0811641935483871,0.9997830499560897,0.0,0.0,0.020829138736374108,0.03486849286074106,-0.012,0.05566658064516129,0.9999652869386078,0.0,0.0,-0.008332161651564432,0.0,0.0,0.04,1.0,0.0,0.0,0.0,0.03486849286074106,-0.01203411284465515,0.13207305096711816,0.9999821493769911,0.0,0.0,0.005975025303122965,-20.663724568549952,1.8880560519487264,2.8219285064768536,20.94081061458371,22.099594479971447,2.0192522875100813,3.018017174867242,22.39593453391916,0.0,0.0,0.0,0.0,0.011882532260432774,-0.0003144193122099621,0.010752553466698228,-0.006254037599431864
12672032,3093,26,1685.04,0,6,42,210,-0.012856758078293009,-0.9023889844633736,0,0,,0.03488138658797589,-0.012044407592319693,0.0816316129032258,0.9997723383734786,0.0,0.0,0.021337090317722983,0.03488138658797589,-0.012,0.05568283870967742,0.999963572978701,0.0,0.0,-0.00853538022996513,0.0,0.0,0.04,1.0,0.0,0.0,0.0,0.03488138658797589,-0.012044407592319693,0.1326485581342696,0.9999823106664883,0.0,0.0,0.005947970587586241,-20.494104116964163,1.8725577365754058,2.88042711106183,20.78007787222935,21.986219610955608,2.00889316242234,3.0901425442029518,22.29301427494024,0.0,0.0,0.0,0.0,0.012008403000903322,0.0019512540162599115,0.010790477717098252,-0.005571401092231431
12676128,3094,26,1685.16,0,6,43,215,-0.012469661304099463,-0.914858645767473,0,0,,0.034896273378251574,-0.012054395853482626,0.08209903225806452,0.9997613687200867,0.0,0.0,0.021845036391338394,0.034896273378251574,-0.012,0.055699096774193546,0.9999618177195705,0.0,0.0,-0.008738598455848408,0.0,0.0,0.04,1.0,0.0,0.0,0.0,0.034896273378251574,-0.012054395853482626,0.1332215935912778,0.9999825290387561,0.0,0.0,0.005911143481033371,-20.358927854217416,1.860206605969104,2.946522771070508,20.654982653843064,21.83334289015525,1.9949247310801752,3.1599130590320432,22.150838290737653,0.0,0.0,0.0,0.0,0.012120004521713176,0.0039600813908372695,0.010869144764356305,-0.004155394241586507
12680224,3095,26,1685.28,0,6,44,220,-0.012082564529905913,-0.9269412102973789,0,0,,0.034912903088595335,-0.012064008692471892,0.08256645161290323,0.9997501409987456,0.0,0.0,0.022352976826104466,0.034912903088595335,-0.012,0.05571535483870968,0.9999600211612886,0.0,0.0,-0.008941816320821206,0.0,0.0,0.04,1.0,0.0,0.0,0.0,0.034912903088595335,-0.012064008692471892,0.13379211395194246,0.9999828030592559,0.0,0.0,0.00586460448397997,-20.264452692627227,1.85157435770198,3.0197991253278884,20.57171741229102,21.648198461512685,1.9780079812549662,3.226004263257756,21.976444564794956,0.0,0.0,0.0,0.0,0.012202646578112342,0.005447638406022262,0.010978199568777639,-0.002192407762002477
12684320,3096,26,1685.4,0,6,45,225,-0.011695467755712364,-0.9386366780530913,0,0,,0.03493099628972088,-0.012073179764654997,0.08303387096774194,0.9997386552123535,0.0,0.0,0.022860911490906754,0.03493099628972088,-0.012,0.055731612903225806,0.9999581833039296,0.0,0.0,-0.009145033816490478,0.0,0.0,0.04,1.0,0.0,0.0,0.0,0.03493099628972088,-0.012073179764654997,0.13436007686324353,0.9999831309278825,0.0,0.0,0.005808430052035028,-20.214903149617303,1.8470469882899057,3.099653706666922,20.534403936482118,21.439608409969868,1.9589489917738965,3.2874439805915427,21.778465920508502,0.0,0.0,0.0,0.0,0.012245450895088647,0.00621811611159577,0.01110328711300688,5.9168034123852215e-05
12688416,3097,26,1685.52,0,6,46,230,-0.011308370981518817,-0.9499450490346101,0,0,,0.034950248961283126,-0.012081845774327702,0.08350129032258065,0.9997269113638751,0.0,0.0,0.023368840254632307,0.034950248961283126,-0.012,0.05574787096774193,0.9999563041475694,0.0,0.0,-0.009348250934463193,0.0,0.0,0.04,1.0,0.0,0.0,0.0,0.034950248961283126,-0.012081845774327702,0.1349254410227395,0.9999835104907892,0.0,0.0,0.005742712470400366,-20.212276303156052,1.8468069718619742,3.185226462283231,20.54488931492382,21.217546944750772,1.938659111703116,3.3436457615911452,21.566702679897517,0.0,0.0,0.0,0.0,0.01224278308801924,0.006170095584346421,0.011227941970528614,0.0023029554695150607
12692512,3098,26,1685.64,0,6,47,235,-0.010921274207325268,-0.9608663232419353,0,0,,0.034970337600336895,-0.012089946911560021,0.08396870967741936,0.9997149094563421,0.0,0.0,0.023876762986169718,0.034970337600336895,-0.012,0.05576412903225807,0.9999543836922856,0.0,0.0,-0.009551467666346337,0.0,0.0,0.04,1.0,0.0,0.0,0.0,0.034970337600336895,-0.012089946911560021,0.1354881661955342,0.9999839392545362,0.0,0.0,0.005667559702382804,-20.25625833267944,1.85082563445802,3.2753343845605465,20.602654501303874,20.99264857272117,1.9181100218730003,3.394404956926436,21.351637528896664,0.0,0.0,0.0,0.0,0.012194994323613236,0.0053098978250383415,0.011335755669908212,0.004243602058347831
12696608,3099,26,1685.76,0,6,48,240,-0.010534177433131718,-0.971400500675067,0,0,,0.034990924657162005,-0.012097427264984558,0.08443612903225807,0.9997026494928524,0.0,0.0,0.024384679554409115,0.034990924657162005,-0.012,0.055780387096774194,0.9999524219381576,0.0,0.0,-0.00975468400374691,0.0,0.0,0.04,1.0,0.0,0.0,0.0,0.034990924657162005,-0.012097427264984558,0.13604821323080465,0.9999844144024705,0.0,0.0,0.005583095212165933,-20.344255655011544,1.8588659989350649,3.36842378715485,20.70484000827673,20.77568552931286,1.898285987449906,3.439856169628268,21.14391660432802,0.0,0.0,0.0,0.0,0.012108375095408084,0.0037507517173456166,0.011412536561965671,0.005625658115382096
12700704,3100,26,1685.88,0,6,49,245,-0.010147080658938172,-0.9815475813340052,0,0,,0.03501166420711656,-0.012104235207678251,0.08490354838709677,0.9996901314765705,0.0,0.0,0.02489258982824222,0.03501166420711656,-0.012,0.05579664516129032,0.9999504188852663,0.0,0.0,-0.00995789993827193,0.0,0.0,0.04,1.0,0.0,0.0,0.0,0.03501166420711656,-0.012104235207678251,0.13660554407788428,0.9999849328132289,0.0,0.0,0.005489457762130374,-20.471537760471595,1.870495835982176,3.4625506610013383,20.846387457563043,20.57704094765494,1.8801357211055272,3.4803954430980117,20.95382248974116,0.0,0.0,0.0,0.0,0.01199432719840761,0.001697889571337097,0.01144817788392337,0.006267201910620702
12704800,3101,26,1686.0,0,6,50,250,-0.009759983884744623,-0.9913075652187499,0,0,,0.03503220776321419,-0.012110323753474319,0.08537096774193548,0.999677355410728,0.0,0.0,0.025400493676562396,0.03503220776321419,-0.012,0.055812903225806454,0.9999483745336943,0.0,0.0,-0.01016111546152843,0.0,0.0,0.04,1.0,0.0,0.0,0.0,0.03503220776321419,-0.012110323753474319,0.13716012180189346,0.999985491081242,0.0,0.0,0.005386801185052999,-20.63148329098475,1.8851101484148503,3.5553969902944758,21.02028997936124,20.406203977843425,1.864526251782648,3.5165748958952685,20.790765207836394,0.0,0.0,0.0,0.0,0.011867862896853387,-0.000578467856638926,0.01143798812495805,0.006083786249244944
12708896,3102,26,1686.12,0,6,51,255,-0.009372887110551073,-1.000680452329301,0,0,,0.035052210131756426,-0.012115650881245207,0.08583838709677419,0.9996643212986225,0.0,0.0,0.025908390968264645,0.035052210131756426,-0.012,0.05582916129032258,0.9999462888835264,0.0,0.0,-0.010364330565123462,0.0,0.0,0.04,1.0,0.0,0.0,0.0,0.035052210131756426,-0.012115650881245207,0.1377119105989124,0.9999860855391066,0.0,0.0,0.0052752941315566525,-20.815915990920615,1.9019618671907164,3.6443271965578874,21.217939065820783,20.271311417924277,1.8522010432621165,3.5489810557680204,20.66281640632101,0.0,0.0,0.0,0.0,0.01174562884151224,-0.0027786808527795843,0.011383308575511434,0.005099554359205828
12712992,3103,26,1686.24,0,6,52,260,-0.008985790336357524,-1.0096662426656584,0,0,,0.03507133521262784,-0.012120179824918526,0.0863058064516129,0.9996510291436186,0.0,0.0,0.02641628157224567,0.03507133521262784,-0.012,0.05584541935483871,0.9999441619348485,0.0,0.0,-0.010567545240664094,0.0,0.0,0.04,1.0,0.0,0.0,0.0,0.03507133521262784,-0.012120179824918526,0.13826087581068866,0.999986712281677,0.0,0.0,0.00515511979322238,-21.0155131347368,1.9201991696713827,3.7264844569358027,21.429550708665964,20.178757579135116,1.8437443473321427,3.5781104176148064,20.57630979589066,0.0,0.0,0.0,0.0,0.01164371485066545,-0.00461313268802178,0.011291336771588055,0.0034440618885850168
12717088,3104,26,1686.36,0,6,53,265,-0.008598693562163978,-1.0182649362278224,0,0,,0.035089261646791665,-0.012123879327224292,0.08677322580645161,0.9996374789491475,0.0,0.0,0.026924165357403895,0.035089261646791665,-0.012,0.05586167741935484,0.9999419936877485,0.0,0.0,-0.01077075947975741,0.0,0.0,0.04,1.0,0.0,0.0,0.0,0.035089261646791665,-0.012123879327224292,0.13880698393887492,0.9999873671917182,0.0,0.0,0.005026475601816134,-21.220266033914864,1.9389075563983122,3.7989220462719135,21.644649726341843,20.13289033273569,1.8395534314174742,3.604256460214327,20.5355276194209,0.0,0.0,0.0,0.0,0.011575535987639432,-0.005840352222490107,0.011174179074283433,0.0013352233371018243
12721184,3105,26,1686.48,0,6,54,270,-0.008211596787970428,-1.0264765330157928,0,0,,0.03510568821609071,-0.012126723855422262,0.08724064516129032,0.9996236707187066,0.0,0.0,0.027432042192639516,0.03510568821609071,-0.012,0.05587793548387097,0.9999397841423159,0.0,0.0,-0.010973973274010517,0.0,0.0,0.04,1.0,0.0,0.0,0.0,0.03510568821609071,-0.012126723855422262,0.1393502026587894,0.9999880459669533,0.0,0.0,0.004889572905120931,-21.419970301169514,1.9571546468073668,3.8587606349501464,21.852588305561074,20.135806849494358,1.8398199151822257,3.627421407747985,20.542488672744437,0.0,0.0,0.0,0.0,0.011550066719604167,-0.0062987990471248916,0.011047257094658605,-0.0009493722961450709
12725280,3106,26,1686.6,0,6,55,275,-0.00782450001377688,-1.0343010330295697,0,0,,0.03512033890462088,-0.01212869377752046,0.08770806451612903,0.9996096044558606,0.0,0.0,0.027939911946854516,0.03512033890462088,-0.012,0.055894193548387094,0.999937533298642,0.0,0.0,-0.011177186615030536,0.0,0.0,0.04,1.0,0.0,0.0,0.0,0.03512033890462088,-0.01212869377752046,0.13989050083269497,0.9999887441483254,0.0,0.0,0.004744636619904027,-21.60472268189061,1.9740355749950809,3.9033591392665183,22.04307308845208,20.187257710286218,1.8445210090616846,3.6472635192037854,20.596848370391406,0.0,0.0,0.0,0.0,0.011570659597477655,-0.005928127245402121,0.010927277728204893,-0.0031090008923119147
12729376,3107,26,1686.72,0,6,56,280,-0.0074374032395833345,-1.041738436269153,0,0,,0.03513296753663076,-0.012129775497768685,0.08817548387096774,0.9995952801642402,0.0,0.0,0.028447774488952693,0.03513296753663076,-0.012,0.05591045161290323,0.9999352411568198,0.0,0.0,-0.011380399494424607,0.0,0.0,0.04,1.0,0.0,0.0,0.0,0.03513296753663076,-0.012129775497768685,0.1404278485225899,0.9999894571492907,0.0,0.0,0.004591904862586103,-21.765401382033485,1.9887168775462065,3.9304846635609336,22.206674713485356,20.28466306810562,1.8534209909944221,3.6630869192471187,20.695915803230022,0.0,0.0,0.0,0.0,0.011634603955546084,-0.00477712880017038,0.01083003400574628,-0.004859387896566925
12733472,3108,26,1686.84,0,6,57,285,-0.007050306465389785,-1.0487887427345428,0,0,,0.03514336191301669,-0.01212996155049187,0.08864290322580645,0.9995806978475428,0.0,0.0,0.028955629687839737,0.03514336191301669,-0.012,0.055926709677419355,0.9999329077169439,0.0,0.0,-0.011583611903799891,0.0,0.0,0.04,1.0,0.0,0.0,0.0,0.03514336191301669,-0.01212996155049187,0.14096221700250647,0.9999901802859477,0.0,0.0,0.004431628558216237,-21.894107836358195,2.0004768581444035,3.9384665384802675,22.335294586926345,20.423239564442863,1.8660828028424952,3.673876379577752,20.834786943621673,0.0,0.0,0.0,0.0,0.011733482719708768,-0.002997311045242065,0.010768326237466276,-0.005970127725607011
12737568,3109,26,1686.96,0,6,58,290,-0.0066632096911962355,-1.055451952425739,0,0,,0.03515134737690761,-0.012129250651615714,0.08911032258064516,0.9995658575095328,0.0,0.0,0.0294634774124232,0.03515134737690761,-0.012,0.05594296774193548,0.9999305329791106,0.0,0.0,-0.011786823834763567,0.0,0.0,0.04,1.0,0.0,0.0,0.0,0.03515134737690761,-0.012129250651615714,0.14149357877031093,0.9999909088078075,0.0,0.0,0.004264071028392182,-21.984549678542248,2.0087405797652815,3.9263205188273824,22.422565778733993,20.596231890724944,1.8818892082895888,3.678374543282544,21.006587404180173,0.0,0.0,0.0,0.0,0.011854280357241904,-0.0008229535696456243,0.010750277092414827,-0.006295012336533114
12741664,3110,26,1687.08,0,6,59,295,-0.006276112917002689,-1.0617280653427417,0,0,,0.03515678974842729,-0.012127647707528923,0.08957774193548387,0.9995507591540408,0.0,0.0,0.029971317531612588,0.03515678974842729,-0.012,0.055959225806451615,0.9999281169434182,0.0,0.0,-0.011990035278922834,0.0,0.0,0.04,1.0,0.0,0.0,0.0,0.03515678974842729,-0.012127647707528923,0.14202190755900176,0.9999916379290011,0.0,0.0,0.004089507558800179,-22.03234721565781,2.0131078674205103,3.8938317505308433,22.464168197790386,20.79523835342536,1.9000725399068856,3.6751944115549757,21.202812733111763,0.0,0.0,0.0,0.0,0.011981096127298007,0.0014597302913642285,0.01077826240164163,-0.005791276770450639
12745760,3111,26,1687.2,0,6,60,300,-0.00588901614280914,-1.0676170814855508,0,0,,0.035159597579320905,-0.012125163781220949,0.09004516129032258,0.9995354027849641,0.0,0.0,0.03047914991431936,0.035159597579320905,-0.012,0.05597548387096774,0.9999256596099663,0.0,0.0,-0.012193246227884915,0.0,0.0,0.04,1.0,0.0,0.0,0.0,0.035159597579320905,-0.012125163781220949,0.14254717834749922,0.9999923628597186,0.0,0.0,0.0039082249470822165,-22.03524890982061,2.013372996836401,3.8415888776766702,22.458042444684033,21.010615653737485,1.9197516840978412,3.6629560092041804,21.413749400864862,0.0,0.0,0.0,0.0,0.012097237114881263,0.0035502680678628448,0.010848598424647792,-0.004525228356339739
12749856,3112,26,1687.32,0,6,61,305,-0.00550191936861559,-1.0731190008541664,0,0,,0.03515972368956146,-0.0121218160159289,0.0905125806451613,0.9995197884062668,0.0,0.0,0.030986974429456974,0.03515972368956146,-0.012,0.05599174193548387,0.9999231609788565,0.0,0.0,-0.012396456673257046,0.0,0.0,0.04,1.0,0.0,0.0,0.0,0.03515972368956146,-0.0121218160159289,0.1430693673709244,0.9999930788376749,0.0,0.0,0.0037205210317712563,-21.99324517313351,2.009535091961437,3.770966230278647,22.404491755924454,21.231944441200863,1.939974618992972,3.640433454028265,21.628955638444157,0.0,0.0,0.0,0.0,0.01218741553967539,0.005173479714157124,0.01095202674465544,-0.0026635185962020657
12753952,3113,26,1687.44,0,6,62,310,-0.005114822594422041,-1.0782338234485884,0,0,,0.035157165960116595,-0.012117627516820583,0.09098,0.9995039160219791,0.0,0.0,0.03149479094594091,0.035157165960116595,-0.012,0.056008,0.9999206210501919,0.0,0.0,-0.012599666606646487,0.0,0.0,0.04,1.0,0.0,0.0,0.0,0.035157165960116595,-0.012117627516820583,0.14358845213036123,0.9999937811593951,0.0,0.0,0.003526704203066221,-21.908574123501815,2.0017986508783383,3.6840559120150194,22.30616699315426,21.4485341776593,1.9597645441516114,3.606697482721982,21.837778324971755,0.0,0.0,0.0,0.0,0.012239761105274199,0.006115699894935685,0.011074932965337653,-0.0004512066239222445
12758048,3114,26,1687.56,0,6,63,315,-0.004727725820228495,-1.082961549268817,0,0,,0.03515196736855467,-0.012112627191530294,0.09144741935483872,0.9994877856361984,0.0,0.0,0.03200259933268873,0.03515196736855467,-0.012,0.05602425806451613,0.9999180398240773,0.0,0.0,-0.012802876019660521,0.0,0.0,0.04,1.0,0.0,0.0,0.0,0.03515196736855467,-0.012112627191530294,0.14410441140209912,0.9999944652111129,0.0,0.0,0.0033270928962487634,-21.785617735134572,1.990564057017372,3.5835562556597496,22.167935420421486,21.64994360922581,1.9781674363759625,3.5612389696161504,22.029880337571253,0.0,0.0,0.0,0.0,0.012247383500823114,0.006252903014816172,0.011201138790466776,0.0018204982284020029
12762144,3115,26,1687.68,0,6,64,320,-0.004340629046034945,-1.087302178314852,0,0,,0.03514421526689206,-0.012106849550647891,0.09191483870967743,0.9994713972530884,0.0,0.0,0.032510399458620075,0.03514421526689206,-0.012,0.056040516129032256,0.9999154173006197,0.0,0.0,-0.013006084903906453,0.0,0.0,0.04,1.0,0.0,0.0,0.0,0.03514421526689206,-0.012106849550647891,0.1446172252463512,0.9999951264990803,0.0,0.0,0.003122015068572606,-21.630691908330615,1.9764083977154878,3.4726270136869117,21.996639765288425,21.82649185991542,1.9942987486217136,3.5040610613832834,22.19575225874561,0.0,0.0,0.0,0.0,0.012209279381068576,0.005567028859234477,0.01131403159284412,0.0038525686711941686
12766240,3116,26,1687.8,0,6,65,325,-0.003953532271841396,-1.0912557105866934,0,0,,0.03513403991381575,-0.01210033446953813,0.09238225806451614,0.9994547508768794,0.0,0.0,0.03301819119265675,0.03513403991381575,-0.012,0.05605677419354839,0.999912753479927,0.0,0.0,-0.013209293250991606,0.0,0.0,0.04,1.0,0.0,0.0,0.0,0.03513403991381575,-0.01210033446953813,0.14512687501544577,0.9999957606790882,0.0,0.0,0.002911807660483807,-21.451739180051504,1.960057387009782,3.3547243646251688,21.800759490713578,21.96973499575367,2.0073869539267313,3.43573099859198,22.327183110753683,0.0,0.0,0.0,0.0,0.012130464437921545,0.004148359882587935,0.011398751154746829,0.0053775207854429505
12770336,3117,26,1687.92,0,6,66,330,-0.0035664354976478498,-1.0948221460843413,0,0,,0.03512161228594467,-0.012093126913134092,0.09284967741935483,0.9994378465118684,0.0,0.0,0.03352597440372268,0.03512161228594467,-0.012,0.056073032258064516,0.9999100483621095,0.0,0.0,-0.013412501052523328,0.0,0.0,0.04,1.0,0.0,0.0,0.0,0.03512161228594467,-0.012093126913134092,0.14563334336148623,0.9999963635850059,0.0,0.0,0.0026968160420563535,-21.25793784331083,1.9423496506578422,3.2334300401971654,21.589991045397095,22.072883992290105,2.0168117353361517,3.357387094671372,22.417666814732353,0.0,0.0,0.0,0.0,0.012021313178793614,0.002183637218285168,0.011444145736571078,0.006194623258279412
12774432,3118,26,1688.04,0,6,67,335,-0.003179338723454301,-1.0980014848077955,0,0,,0.03510714120490674,-0.012085276625604106,0.09331709677419354,0.9994206841624187,0.0,0.0,0.03403374896074402,0.03510714120490674,-0.012,0.05608929032258064,0.9999073019472787,0.0,0.0,-0.013615708300108989,0.0,0.0,0.04,1.0,0.0,0.0,0.0,0.03510714120490674,-0.012085276625604106,0.14613661424347774,0.9999969312561494,0.0,0.0,0.00247739344555218,-21.059245838776537,1.9241950512587698,3.1122884901441807,21.374767871001534,22.13114243531283,2.0221348418052334,3.270701163872598,22.462724254059314,0.0,0.0,0.0,0.0,0.011896193317491218,-6.852028515796178e-05,0.01144423999396239,0.006196319891323047
12778528,3119,26,1688.16,0,6,68,340,-0.0027922419492607516,-1.1007937267570562,0,0,,0.03509086982850585,-0.012076837787033964,0.09378451612903226,0.9994032638329605,0.0,0.0,0.034541514732649166,0.03509086982850585,-0.012,0.056105548387096776,0.9999045142355482,0.0,0.0,-0.01381891498535598,0.0,0.0,0.04,1.0,0.0,0.0,0.0,0.03509086982850585,-0.012076837787033964,0.14663667293391658,0.9999974599633012,0.0,0.0,0.0022539003850379053,-20.86590160778274,1.9065290809141588,2.994664076860217,21.16574392680963,22.141945964784224,2.023121966325462,3.1778013439777437,22.46012499920336,0.0,0.0,0.0,0.0,0.011771574534465654,-0.002311658379618105,0.011399021519705007,0.005382387354690153
12782624,3120,26,1688.28,0,6,69,345,-0.002405145175067202,-1.1031988719321235,0,0,,0.03507307156493737,-0.012067868639493906,0.09425193548387097,0.9993855855279907,0.0,0.0,0.03504927158836876,0.03507307156493737,-0.012,0.0561218064516129,0.9999016852270329,0.0,0.0,-0.01402212109987172,0.0,0.0,0.04,1.0,0.0,0.0,0.0,0.03507307156493737,-0.012067868639493906,0.14713350602484007,0.9999979462332095,0.0,0.0,0.0020267040640121756,-20.68790685190916,1.8902656006820548,2.8836271025552107,20.973266298337574,22.1050902969536,2.019754443376471,3.081164176782978,22.409997718257397,0.0,0.0,0.0,0.0,0.01166386055262148,-0.004250510052813249,0.011314442476898874,0.0038599645841797567
12786720,3121,26,1688.4,0,6,70,350,-0.002018048400873656,-1.1052169203329971,0,0,,0.035054045478705935,-0.01205843108507113,0.09471935483870968,0.9993676492520723,0.0,0.0,0.03555701939683575,0.035054045478705935,-0.012,0.05613806451612903,0.99989881492185,0.0,0.0,-0.014225326635263645,0.0,0.0,0.04,1.0,0.0,0.0,0.0,0.035054045478705935,-0.01205843108507113,0.14762710143333457,0.9999983868714045,0.0,0.0,0.0017961777720176162,-20.534517586784137,1.8762503378787536,2.781873454121008,20.80686299678739,22.022740381110943,2.0122300855837407,2.9834875153161944,22.314823807621483,0.0,0.0,0.0,0.0,0.011587229895197487,-0.005629861886445144,0.011201636108447188,0.0018294499520493926
12790816,3122,26,1688.52,0,6,71,355,-0.0016309516266801065,-1.1068478719596773,0,0,,0.03503411126543982,-0.012048590258642074,0.09518677419354839,0.9993494550098354,0.0,0.0,0.03606475802698544,0.03503411126543982,-0.012,0.05615432258064516,0.9998959033201178,0.0,0.0,-0.01442853158313922,0.0,0.0,0.04,1.0,0.0,0.0,0.0,0.03503411126543982,-0.012048590258642074,0.1481174484064989,0.9999987789831857,0.0,0.0,0.001562700271229839,-20.413769853641707,1.8652175500789376,2.691678349342242,20.67477130424642,21.89931952515381,2.000953053059739,2.8875570094990906,22.179314558129143,0.0,0.0,0.0,0.0,0.011551769549402647,-0.006268148110752252,0.011075451254669392,-0.00044187741595094456
12794912,3123,26,1688.64,0,6,72,360,-0.0012438548524865574,-1.1080917268121637,0,0,,0.035013603880040274,-0.012038414078333072,0.0956541935483871,0.9993310028059763,0.0,0.0,0.03657248734775547,0.035013603880040274,-0.012,0.05617058064516129,0.9998929504219566,0.0,0.0,-0.014631735935105935,0.0,0.0,0.04,1.0,0.0,0.0,0.0,0.035013603880040274,-0.012038414078333072,0.14860453752586164,0.9999991199926374,0.0,0.0,0.0013266551740328057,-20.332064921006122,1.8577521247619808,2.6148806596766154,20.583530012449668,21.741283757933303,1.9865132367654796,2.796118477687208,22.01017793712906,0.0,0.0,0.0,0.0,0.011562147203946448,-0.006081350328963814,0.010952497782279545,-0.002655039918968165
12799008,3124,26,1688.76,0,6,73,365,-0.0008567580782930111,-1.1089484848904567,0,0,,0.03499286790842894,-0.012027972776771916,0.0961216129032258,0.9993122926452582,0.0,0.0,0.037080207228085915,0.03499286790842894,-0.012,0.05618683870967742,0.9998899562274883,0.0,0.0,-0.014834939682771298,0.0,0.0,0.04,1.0,0.0,0.0,0.0,0.03499286790842894,-0.012027972776771916,0.14908836071125006,0.9999994076595519,0.0,0.0,0.0010884303126048904,-20.293835849356327,1.8542591131391568,2.5528910979976316,20.537655740067198,21.556792868339887,1.9696562011681116,2.71176651981785,21.815786531255625,0.0,0.0,0.0,0.0,0.011616996835462247,-0.005094056961679451,0.010848960207305398,-0.004518716268502802
12803104,3125,26,1688.88,0,6,74,370,-0.0004696613040994618,-1.1094181461945563,0,0,,0.03497225177746524,-0.012017338416365517,0.0965890322580645,0.9992933245325107,0.0,0.0,0.03758791753691926,0.03497225177746524,-0.012,0.05620309677419355,0.9998869207368367,0.0,0.0,-0.01503814281774285,0.0,0.0,0.04,1.0,0.0,0.0,0.0,0.03497225177746524,-0.012017338416365517,0.1495689112241096,0.9999996400941461,0.0,0.0,0.0008484171015535365,-20.301313090951115,1.854942312878782,2.506715598745642,20.539419351430702,21.355295079205725,1.951245235663467,2.6368565940063085,21.60576308735709,0.0,0.0,0.0,0.0,0.01170909851983461,-0.003436226642976899,0.010778467307438807,-0.005787588466101447
12807200,3126,26,1689.0,0,6,75,375,-8.256452990591248e-05,-1.109500710724462,0,0,,0.034952101900324266,-0.012006584391949033,0.09705645161290323,0.99927409847263,0.0,0.0,0.038095618143200484,0.034952101900324266,-0.012,0.05621935483870968,0.9998838439501271,0.0,0.0,-0.015241345331628152,0.0,0.0,0.04,1.0,0.0,0.0,0.0,0.034952101900324266,-0.012006584391949033,0.15004618367027164,0.9999998157694769,0.0,0.0,0.0006070098946480075,-20.35440162646619,1.859793042012139,2.476984705586899,20.588733544400384,21.147046849246575,1.9322174786113622,2.573443944714353,21.390504168099167,0.0,0.0,0.0,0.0,0.01182632879964559,-0.0013260816063792608,0.010750298149350749,-0.006294633311686497
12811296,3127,26,1689.12,0,6,76,380,0.00030453224428763357,-1.1091961784801745,0,0,,0.03493275685571076,-0.011995784924238997,0.09752387096774193,0.999254614470579,0.0,0.0,0.038603308915877044,0.03493275685571076,-0.012,0.056235612903225804,0.9998807258674864,0.0,0.0,-0.015444547216034788,0.0,0.0,0.04,1.0,0.0,0.0,0.0,0.03493275685571076,-0.011995784924238997,0.1505201740021698,0.999999933531472,0.0,0.0,0.0003646053367096769,-20.450676322488842,1.868589714745173,2.4639807288014515,20.683157171988082,20.94259260704724,1.9135363803393415,2.5232488051340973,21.180665502203713,0.0,0.0,0.0,0.0,0.011953256509710014,0.0009586171747803727,0.010768160673790703,-0.00597310787176733
12815392,3128,26,1689.24,0,6,77,385,0.000691629018481183,-1.1085045494616934,0,0,,0.03491454169871575,-0.011985014547586515,0.09799129032258064,0.9992348725313869,0.0,0.0,0.039110989723898974,0.03491454169871575,-0.012,0.05625187096774194,0.9998775664890438,0.0,0.0,-0.01564774846257038,0.0,0.0,0.04,1.0,0.0,0.0,0.0,0.03491454169871575,-0.011985014547586515,0.15099087952050225,0.9999999926065118,0.0,0.0,0.00012160171172747949,-20.585496069916466,1.8809082703476974,2.4676566413658882,20.818016083807933,20.75223116333247,1.8961429489339314,2.4876437701297194,20.98663450547144,0.0,0.0,0.0,0.0,0.012073174000231791,0.003117132004172336,0.010829703614808424,-0.004865334933448332
12819488,3129,26,1689.36,0,6,78,390,0.001078725792674729,-1.1074258236690186,0,0,,0.034897762498910724,-0.011974347595565843,0.09845870967741935,0.9992148726601499,0.0,0.0,0.03961866043621884,0.034897762498910724,-0.012,0.056268129032258064,0.9998743658149294,0.0,0.0,-0.015850949062842564,0.0,0.0,0.04,1.0,0.0,0.0,0.0,0.034897762498910724,-0.011974347595565843,0.15145829887534099,0.9999999926065118,0.0,0.0,-0.00012160171172747537,-20.752231163332468,1.896142948933931,2.487643770129719,20.986634505471436,20.58549606991647,1.8809082703476976,2.4676566413658882,20.818016083807937,0.0,0.0,0.0,0.0,0.012170296385191567,0.004865334933448309,0.0109268259997682,-0.0031171320041723676
12823584,3130,26,1689.48,0,6,79,395,0.0014658225668682783,-1.1059600011021504,0,0,,0.03488270119745574,-0.011963857687948668,0.09892612903225806,0.9991946148620304,0.0,0.0,0.04012632092179183,0.03488270119745574,-0.012,0.05628438709677419,0.9998711238452754,0.0,0.0,-0.01605414900845901,0.0,0.0,0.04,1.0,0.0,0.0,0.0,0.03488270119745574,-0.011963857687948668,0.1519224320666859,0.999999933531472,0.0,0.0,-0.0003646053367096727,-20.94259260704723,1.9135363803393408,2.523248805134096,21.180665502203706,20.450676322488846,1.8685897147451735,2.4639807288014515,20.683157171988086,0.0,0.0,0.0,0.0,0.01223183932620929,0.005973107871767326,0.011046743490289977,-0.0009586171747803866
12827680,3131,26,1689.6,0,6,80,400,0.0018529193410618278,-1.1041070817610885,0,0,,0.034869610869637704,-0.011953617222604808,0.09939354838709677,0.9991740991422577,0.0,0.0,0.04063397104957578,0.034869610869637704,-0.012,0.056300645161290325,0.999867840580216,0.0,0.0,-0.01625734829102741,0.0,0.0,0.04,1.0,0.0,0.0,0.0,0.034869610869637704,-0.011953617222604808,0.1523832804444652,0.9999998157694769,0.0,0.0,-0.000607009894648006,-21.147046849246564,1.9322174786113613,2.5734439447143522,21.390504168099156,20.354401626466192,1.8597930420121391,2.4769847055868994,20.588733544400387,0.0,0.0,0.0,0.0,0.012249701850649244,0.006294633311686498,0.011173671200354401,0.0013260816063792472
12831776,3132,26,1689.72,0,6,81,405,0.002240016115255377,-1.1018670656458331,0,0,,0.034858711472442266,-0.01194369687583609,0.09986096774193548,0.9991533255061273,0.0,0.0,0.04114161068853119,0.034858711472442266,-0.012,0.05631690322580645,0.9998645160198866,0.0,0.0,-0.016460546902155485,0.0,0.0,0.04,1.0,0.0,0.0,0.0,0.034858711472442266,-0.01194369687583609,0.15284084670798054,0.9999996400941461,0.0,0.0,-0.000848417101553535,-21.35529507920572,1.9512452356634669,2.636856594006308,21.605763087357087,20.301313090951115,1.854942312878782,2.5067155987456418,20.539419351430702,0.0,0.0,0.0,0.0,0.012221532692561186,0.005787588466101453,0.011290901480165382,0.003436226642976887
12835872,3133,26,1689.84,0,6,82,410,0.0026271128894489264,-1.0992399527563843,0,0,,0.03485018614861312,-0.011934165114591902,0.10032838709677419,0.9991322939590017,0.0,0.0,0.04164923970762128,0.03485018614861312,-0.012,0.05633316129032258,0.9998611501644245,0.0,0.0,-0.016663744833450983,0.0,0.0,0.04,1.0,0.0,0.0,0.0,0.03485018614861312,-0.011934165114591902,0.15329513490479849,0.9999994076595519,0.0,0.0,-0.001088430312604889,-21.55679286833988,1.969656201168111,2.711766519817849,21.81578653125562,20.293835849356324,1.8542591131391564,2.5528910979976307,20.537655740067194,0.0,0.0,0.0,0.0,0.012151039792694595,0.004518716268502813,0.011383003164537745,0.005094056961679443
12839968,3134,26,1689.96,0,6,83,415,0.0030142096636424755,-1.0962257430927418,0,0,,0.0348441781493016,-0.011925087723932984,0.1007958064516129,0.9991110045063097,0.0,0.0,0.04215685797581198,0.0348441781493016,-0.012,0.05634941935483871,0.9998577430139686,0.0,0.0,-0.016866942076521688,0.0,0.0,0.04,1.0,0.0,0.0,0.0,0.0348441781493016,-0.011925087723932984,0.15374615042908743,0.9999991199926374,0.0,0.0,-0.0013266551740328044,-21.741283757933303,1.9865132367654796,2.796118477687209,22.01017793712906,20.332064921006122,1.8577521247619808,2.614880659676616,20.583530012449668,0.0,0.0,0.0,0.0,0.012047502217720447,0.0026550399189681573,0.011437852796053544,0.006081350328963816
12844064,3135,26,1690.08,0,6,84,420,0.003401306437836025,-1.0928244366549058,0,0,,0.03484078842701529,-0.011916527353004705,0.10126322580645161,0.9990894571535467,0.0,0.0,0.04266446536207203,0.03484078842701529,-0.012,0.05636567741935484,0.9998542945686598,0.0,0.0,-0.017070138622975396,0.0,0.0,0.04,1.0,0.0,0.0,0.0,0.03484078842701529,-0.011916527353004705,0.15419390001940214,0.9999987789831857,0.0,0.0,-0.0015627002712298402,-21.899319525153807,2.000953053059739,2.8875570094990906,22.179314558129143,20.413769853641707,1.8652175500789376,2.691678349342242,20.67477130424642,0.0,0.0,0.0,0.0,0.011924548745330601,0.0004418774159509361,0.011448230450597346,0.006268148110752252
12848160,3136,26,1690.2,0,6,85,425,0.0037884032120295676,-1.0890360334428761,0,0,,0.03484007393931145,-0.011908543082653407,0.10173064516129032,0.9990676519062747,0.0,0.0,0.04317206173537296,0.03484007393931145,-0.012,0.056381935483870965,0.9998508048286405,0.0,0.0,-0.017273334464419948,0.0,0.0,0.04,1.0,0.0,0.0,0.0,0.03484007393931145,-0.011908543082653407,0.1546383917559152,0.9999983868714045,0.0,0.0,-0.0017961777720176123,-22.02274038111094,2.0122300855837407,2.9834875153161917,22.31482380762148,20.53451758678413,1.876250337878753,2.7818734541210053,20.806862996787384,0.0,0.0,0.0,0.0,0.011798363891552808,-0.0018294499520493579,0.011412770104802508,0.00562986188644516
12852256,3137,26,1690.32,0,6,86,430,0.004175499986223117,-1.084860533456653,0,0,,0.034842046691738286,-0.011901190017669963,0.10219806451612903,0.9990455887701222,0.0,0.0,0.04367964696468915,0.034842046691738286,-0.012,0.0563981935483871,0.9998472737940549,0.0,0.0,-0.01747652959246321,0.0,0.0,0.04,1.0,0.0,0.0,0.0,0.034842046691738286,-0.011901190017669963,0.15507963505709815,0.9999979462332095,0.0,0.0,-0.0020267040640121743,-22.105090296953595,2.0197544433764705,3.0811641767829765,22.409997718257394,20.68790685190915,1.8902656006820542,2.8836271025552094,20.973266298337567,0.0,0.0,0.0,0.0,0.011685557523101119,-0.0038599645841797463,0.011336139447378513,0.00425051005281326
12856352,3138,26,1690.44,0,6,87,435,0.004562596760416667,-1.0802979366962364,0,0,,0.03484667353610552,-0.011894518906474747,0.10266548387096774,0.9990232677507845,0.0,0.0,0.04418722091899787,0.03484667353610552,-0.012,0.056414451612903226,0.9998437014650486,0.0,0.0,-0.017679723998713075,0.0,0.0,0.04,1.0,0.0,0.0,0.0,0.03484667353610552,-0.011894518906474747,0.15551764067585205,0.9999974599633012,0.0,0.0,-0.002253900385037904,-22.141945964784224,2.023121966325462,3.1778013439777433,22.46012499920336,20.865901607782735,1.9065290809141584,2.9946640768602157,21.165743926809625,0.0,0.0,0.0,0.0,0.011600978480294986,-0.005382387354690146,0.011228425465534339,0.0023116583796181176
12860448,3139,26,1690.56,0,6,88,440,0.004949693534610216,-1.0753482431616261,0,0,,0.03485387672747398,-0.011888575790868841,0.10313290322580645,0.9990006888540233,0.0,0.0,0.04469478346727926,0.03485387672747398,-0.012,0.05643070967741935,0.9998400878417694,0.0,0.0,-0.017882917674777458,0.0,0.0,0.04,1.0,0.0,0.0,0.0,0.03485387672747398,-0.011888575790868841,0.15595242069509066,0.9999969312561494,0.0,0.0,-0.002477393445552178,-22.13114243531283,2.0221348418052334,3.270701163872597,22.462724254059314,21.059245838776533,1.9241950512587696,3.1122884901441794,21.37476787100153,0.0,0.0,0.0,0.0,0.011555760006037603,-0.006196319891323049,0.011103806682508776,6.852028515797567e-05
12864544,3140,26,1690.68,0,6,89,445,0.005336790308803765,-1.0700114528528224,0,0,,0.03486353523050502,-0.011883401688268763,0.10360032258064517,0.9989778520856668,0.0,0.0,0.045202334478516445,0.03486353523050502,-0.012,0.056446967741935486,0.9998364329243663,0.0,0.0,-0.01808611061226432,0.0,0.0,0.04,1.0,0.0,0.0,0.0,0.03486353523050502,-0.011883401688268763,0.15638398852277655,0.9999963635850059,0.0,0.0,-0.002696816042056352,-22.072883992290105,2.0168117353361517,3.3573870946713713,22.417666814732353,21.25793784331083,1.9423496506578422,3.233430040197165,21.589991045397095,0.0,0.0,0.0,0.0,0.011555854263428915,-0.0061946232582794115,0.010978686821206379,-0.0021836372182851547
12868640,3141,26,1690.8,0,6,90,450,0.005723887082997314,-1.064287565769825,0,0,,0.03487548675321922,-0.011879032308617836,0.10406774193548388,0.9989547574516099,0.0,0.0,0.04570987382169551,0.03487548675321922,-0.012,0.05646322580645161,0.9998327367129904,0.0,0.0,-0.01828930280278164,0.0,0.0,0.04,1.0,0.0,0.0,0.0,0.03487548675321922,-0.011879032308617836,0.1568123588864135,0.9999957606790882,0.0,0.0,-0.002911807660483808,-21.96973499575367,2.0073869539267313,3.435730998591981,22.327183110753683,21.4517391800515,1.9600573870097817,3.3547243646251688,21.800759490713574,0.0,0.0,0.0,0.0,0.011601248845253164,-0.005377520785442946,0.010869535562078448,-0.004148359882587908
12872736,3142,26,1690.92,0,6,91,455,0.006110983857190857,-1.058176581912634,0,0,,0.03488953047399113,-0.01187549780792798,0.10453516129032259,0.998931404957814,0.0,0.0,0.04621740136580554,0.03488953047399113,-0.012,0.05647948387096774,0.9998289992077944,0.0,0.0,-0.018492494237937435,0.0,0.0,0.04,1.0,0.0,0.0,0.0,0.03488953047399113,-0.01187549780792798,0.15723754782699637,0.9999951264990803,0.0,0.0,-0.003122015068572603,-21.826491859915425,1.9942987486217139,3.504061061383282,22.195752258745614,21.630691908330615,1.9764083977154878,3.47262701368691,21.996639765288425,0.0,0.0,0.0,0.0,0.011685968407155871,-0.0038525686711941972,0.010790720618931418,-0.005567028859234439
12876832,3143,26,1691.04,0,6,92,460,0.006498080631384406,-1.0516785012812497,0,0,,0.0349054304159582,-0.011872822580152907,0.1050025806451613,0.998907794610307,0.0,0.0,0.0467249169798387,0.0349054304159582,-0.012,0.05649574193548387,0.9998252204089326,0.0,0.0,-0.018695684909339753,0.0,0.0,0.04,1.0,0.0,0.0,0.0,0.0349054304159582,-0.011872822580152907,0.1576595726924217,0.9999944652111129,0.0,0.0,-0.0033270928962487603,-21.649943609225815,1.9781674363759627,3.561238969616149,22.029880337571257,21.785617735134572,1.990564057017372,3.583556255659748,22.167935420421486,9.284022594031016e-06,2.649960830329974e-05,-0.000749439314222004,0.0007499651378679561,0.011798861209533216,-0.0018204982284019948,0.010752616499176878,-0.006252903014816168
12880928,3144,26,1691.16,0,6,93,465,0.006885177405577956,-1.0447933238756717,0,0,,0.034922919412143726,-0.011871025088829118,0.10547000000000001,0.9988839264151834,0.0,0.0,0.04723242053279021,0.034922919412143726,-0.012,0.056512,0.9998214003165611,0.0,0.0,-0.01889887480859667,0.0,0.0,0.04,1.0,0.0,0.0,0.0,0.034922919412143726,-0.011871025088829118,0.15807845213036123,0.9999937811593951,0.0,0.0,-0.0035267042030662195,-21.44853417765931,1.9597645441516123,3.6066974827219838,21.837778324971765,21.908574123501815,2.0017986508783383,3.6840559120150194,22.30616699315426,5.82665500362598e-18,0.0036756218563055356,-0.12951856603174325,0.1295707109764764,0.011925067034662342,0.00045120662392225295,0.010760238894725794,-0.006115699894935695
12885024,3145,26,1691.28,0,6,94,470,0.007272274179771505,-1.0375210496959002,0,0,,0.03494170359466781,-0.011870117739646694,0.10593741935483872,0.9988598003786046,0.0,0.0,0.0477399118936584,0.03494170359466781,-0.012,0.056528258064516126,0.9998175389308375,0.0,0.0,-0.01910206392731629,0.0,0.0,0.04,1.0,0.0,0.0,0.0,0.03494170359466781,-0.011870117739646694,0.15849420608060183,0.9999930788376749,0.0,0.0,-0.003720521031771255,-21.231944441200874,1.9399746189929732,3.640433454028267,21.628955638444168,21.99324517313351,2.009535091961437,3.770966230278647,22.404491755924454,-0.002990211684322412,0.005120295818090274,-0.24138051920705833,0.24145333679170985,0.012047973255344553,0.002663518596202073,0.010812584460324601,-0.005173479714157145
12889120,3146,26,1691.4,0,6,95,475,0.007659370953965055,-1.0298616787419352,0,0,,0.03496146733261401,-0.011870106794829324,0.10640483870967743,0.9988354165067979,0.0,0.0,0.04824739093144477,0.03496146733261401,-0.012,0.05654451612903226,0.9998136362519214,0.0,0.0,-0.01930525225710676,0.0,0.0,0.04,1.0,0.0,0.0,0.0,0.03496146733261401,-0.011870106794829324,0.15890685576685407,0.9999923628597186,0.0,0.0,-0.003908224947082215,-21.010615653737492,1.919751684097842,3.6629560092041813,21.41374940086487,22.03524890982061,2.013372996836401,3.8415888776766702,22.458042444684033,-0.008221853789943471,0.004638696719542568,-0.33356002446001465,0.33369358145574907,0.012151401575352203,0.004525228356339745,0.010902762885118728,-0.0035502680678628747
12893216,3147,26,1691.52,0,6,96,480,0.008046467728158604,-1.0218152110137766,0,0,,0.03498187853558057,-0.011870992329914516,0.10687225806451614,0.9988107748060575,0.0,0.0,0.04875485751515396,0.03498187853558057,-0.012,0.05656077419354839,0.9998096922799741,0.0,0.0,-0.019508439789576254,0.0,0.0,0.04,1.0,0.0,0.0,0.0,0.03498187853558057,-0.011870992329914516,0.15931642368803403,0.9999916379290011,0.0,0.0,-0.004089507558800178,-20.795238353425365,1.900072539906886,3.675194411554976,21.202812733111767,22.03234721565781,2.0131078674205103,3.8938317505308433,22.464168197790386,-0.016614762993896682,0.0029503872048220357,-0.4532529917818183,0.4535670068393101,0.012221737598358363,0.005791276770450634,0.011018903872701984,-0.0014597302913642854
12897312,3148,26,1691.64,0,6,97,485,0.008433564502352154,-1.0133816465114245,0,0,,0.035002594233800775,-0.011872768233232255,0.10733967741935485,0.9987858752827444,0.0,0.0,0.04926231151379387,0.035002594233800775,-0.012,0.056577032258064514,0.9998057070151584,0.0,0.0,-0.01971162651633298,0.0,0.0,0.04,1.0,0.0,0.0,0.0,0.035002594233800775,-0.011872768233232255,0.15972293360902062,0.9999909088078075,0.0,0.0,-0.004264071028392184,-20.596231890724944,1.8818892082895888,3.678374543282544,21.006587404180173,21.984549678542248,2.0087405797652815,3.9263205188273824,22.422565778733993,-0.029562913852666142,-0.0005697718030171588,-0.6122147294116674,0.6129283526024627,0.012249722907585168,0.006295012336533115,0.011145719642758086,0.0008229535696455885
12901408,3149,26,1691.76,0,6,98,490,0.008820661276545697,-1.0045609852348787,0,0,,0.035023266341069344,-0.011875422248085736,0.10780709677419355,0.9987607179432858,0.0,0.0,0.04976975279637562,0.035023266341069344,-0.012,0.05659329032258065,0.9998016804576387,0.0,0.0,-0.019914812428985164,0.0,0.0,0.04,1.0,0.0,0.0,0.0,0.035023266341069344,-0.011875422248085736,0.16012641055089355,0.9999901802859477,0.0,0.0,-0.0044316285582162345,-20.42323956444287,1.8660828028424958,3.6738763795777523,20.83478694362168,21.894107836358202,2.0004768581444043,3.938466538480268,22.335294586926352,-0.04653186391708954,-0.006549800176551541,-0.7830387085344366,0.7844474063346947,0.012231673762533717,0.005970127725607008,0.011266517280291223,0.0029973110452420335
12905504,3150,26,1691.88,0,6,99,495,0.009207758050739246,-0.9953532271841394,0,0,,0.03504354750364043,-0.011878936057343015,0.10827451612903226,0.9987353027941754,0.0,0.0,0.05027718123191364,0.03504354750364043,-0.012,0.056609548387096774,0.9997976126075816,0.0,0.0,-0.0201179975191411,0.0,0.0,0.04,1.0,0.0,0.0,0.0,0.03504354750364043,-0.011878936057343015,0.16052688078065444,0.9999894571492907,0.0,0.0,-0.004591904862586103,-20.284663068105626,1.8534209909944226,3.66308691924712,20.69591580323003,21.765401382033488,1.988716877546207,3.9304846635609345,22.20667471348536,-0.06705376524621208,-0.015091450439569384,-0.9585790615356872,0.9610399453325043,0.012169965994253712,0.004859387896566933,0.011365396044453907,0.004777128800170342
12909600,3151,26,1692.0,0,6,100,500,0.009594854824932796,-0.9857583723592066,0,0,,0.03506309693681813,-0.011883285409855804,0.10874193548387097,0.9987096298419739,0.0,0.0,0.05078459668942563,0.03506309693681813,-0.012,0.0566258064516129,0.9997935034651549,0.0,0.0,-0.020321181778409088,0.0,0.0,0.04,1.0,0.0,0.0,0.0,0.03506309693681813,-0.011883285409855804,0.1609243718004369,0.9999887441483254,0.0,0.0,-0.004744636619904028,-20.187257710286218,1.8445210090616846,3.6472635192037854,20.596848370391406,21.60472268189061,1.9740355749950809,3.9033591392665183,22.04307308845208,-0.09015790065243137,-0.026020026982740023,-1.1303663288288568,1.1342546125999502,0.0120727222717951,0.0031090008923119073,0.011429340402522338,0.005928127245402108
12913696,3152,26,1692.12,0,6,101,505,0.009981951599126343,-0.9757764207600803,0,0,,0.035081586151167146,-0.011888440287832857,0.10920935483870968,0.9986836990933079,0.0,0.0,0.051291999037932696,0.035081586151167146,-0.012,0.056642064516129034,0.9997893530305285,0.0,0.0,-0.020524365198397468,0.0,0.0,0.04,1.0,0.0,0.0,0.0,0.035081586151167146,-0.011888440287832857,0.16131891233620876,0.9999880459669533,0.0,0.0,-0.004889572905120929,-20.135806849494358,1.8398199151822257,3.627421407747985,20.542488672744437,21.41997030116952,1.9571546468073673,3.8587606349501478,21.85258830556108,-0.11443956429325673,-0.038868693034937035,-1.2894578857973051,1.2951095816257134,0.011952742905341386,0.0009493722961450624,0.011449933280395825,0.006298799047124892
12917792,3153,26,1692.24,0,6,102,510,0.010369048373319893,-0.9654073723867604,0,0,,0.03509870447212593,-0.011894365114012834,0.10967677419354839,0.9986575105548711,0.0,0.0,0.05179938814645928,0.03509870447212593,-0.012,0.05665832258064516,0.9997851613038737,0.0,0.0,-0.020727547770714616,0.0,0.0,0.04,1.0,0.0,0.0,0.0,0.03509870447212593,-0.011894365114012834,0.16171053232597168,0.9999873671917182,0.0,0.0,-0.005026475601816132,-20.13289033273569,1.8395534314174742,3.604256460214327,20.5355276194209,21.22026603391487,1.938907556398313,3.798922046271915,21.64464972634185,-0.13821147827744792,-0.05291212325055956,-1.4273668498861467,1.43501854680294,0.01182582092571656,-0.0013352233371018106,0.011424464012360561,0.00584035222249013
12921888,3154,26,1692.36,0,6,103,515,0.010756145147513442,-0.954651227239247,0,0,,0.03511416426027628,-0.011901018997206783,0.1101441935483871,0.9986310642334235,0.0,0.0,0.05230676388403326,0.03511416426027628,-0.012,0.05667458064516129,0.9997809282853636,0.0,0.0,-0.02093072948696895,0.0,0.0,0.04,1.0,0.0,0.0,0.0,0.03511416426027628,-0.011901018997206783,0.16209926290746288,0.999986712281677,0.0,0.0,-0.00515511979322238,-20.178757579135112,1.8437443473321422,3.5781104176148055,20.576309795890655,21.015513134736803,1.920199169671383,3.7264844569358035,21.429550708665968,-0.15971646606892975,-0.06724685795677585,-1.536982225524567,1.5467209997336486,0.011708663228411935,-0.0034440618885850614,0.011356285149334542,0.004613132688021774
12925984,3155,26,1692.48,0,6,104,520,0.011143241921706992,-0.94350798531754,0,0,,0.035127705744553074,-0.011908356014515585,0.11061161290322581,0.9986043601357917,0.0,0.0,0.052814126119685986,0.035127705744553074,-0.012,0.05669083870967742,0.999776653975173,0.0,0.0,-0.02113391033876891,0.0,0.0,0.04,1.0,0.0,0.0,0.0,0.035127705744553074,-0.011908356014515585,0.16248513640536402,0.9999860855391066,0.0,0.0,-0.005275294131556652,-20.271311417924277,1.8522010432621165,3.5489810557680204,20.66281640632101,20.815915990920615,1.9019618671907164,3.6443271965578874,21.217939065820783,-0.177368841848985,-0.08090828998467124,-1.613393722787301,1.625129275527507,0.011616691424488557,-0.0050995543592058466,0.011254371158487753,0.002778680852779597
12930080,3156,26,1692.6,0,6,105,525,0.011530338695900534,-0.9319776466216394,0,0,,0.03513910138718152,-0.011916325528274598,0.11107903225806451,0.9985773982688687,0.0,0.0,0.053321474722452245,0.03513910138718152,-0.012,0.05670709677419355,0.9997723383734786,0.0,0.0,-0.02133709031772298,0.0,0.0,0.04,1.0,0.0,0.0,0.0,0.03513910138718152,-0.011916325528274598,0.16286818631802252,0.999985491081242,0.0,0.0,-0.005386801185052998,-20.40620397784342,1.8645262517826473,3.5165748958952685,20.790765207836387,20.631483290984754,1.8851101484148505,3.5553969902944775,21.020289979361245,-0.18998585622159467,-0.09300816964799909,-1.6545429287274314,1.6680100264049582,0.011562011875041942,-0.0060837862492449405,0.01113213710314661,0.0005784678566389844
12934176,3157,26,1692.72,0,6,106,530,0.011917435470094084,-0.9200602111515453,0,0,,0.03514815970699805,-0.01192487253553807,0.11154645161290322,0.9985501786396144,0.0,0.0,0.0538288095613704,0.03514815970699805,-0.012,0.056723354838709675,0.9997679814804584,0.0,0.0,-0.021540269415439683,0.0,0.0,0.04,1.0,0.0,0.0,0.0,0.03514815970699805,-0.01192487253553807,0.1632484473036907,0.9999849328132289,0.0,0.0,-0.005489457762130372,-20.577040947654933,1.8801357211055265,3.4803954430980117,20.953822489741153,20.4715377604716,1.8704958359821762,3.46255066100134,20.846387457563047,-0.19697056976554267,-0.10287271752805657,-1.6616372343378556,1.6764302848324253,0.011551822116076622,-0.006267201910620703,0.011005672801592386,-0.0016978895713370406
12938272,3158,26,1692.84,0,6,107,535,0.012304532244287633,-0.9077556789072577,0,0,,0.03515472849691132,-0.011933938047691247,0.11201387096774193,0.9985227012550547,0.0,0.0,0.05433613050548233,0.03515472849691132,-0.012,0.05673961290322581,0.9997635832962926,0.0,0.0,-0.021743447623527576,0.0,0.0,0.04,1.0,0.0,0.0,0.0,0.03515472849691132,-0.011933938047691247,0.16362595516628853,0.9999844144024705,0.0,0.0,-0.005583095212165931,-20.77568552931286,1.8982859874499056,3.4398561696282677,21.143916604328016,20.344255655011548,1.8588659989350653,3.368423787154851,20.704840008276733,-0.19841374906992498,-0.11016042837624022,-1.6392826263189937,1.6549171776108063,0.011587463438034322,-0.005625658115382102,0.01089162490459191,-0.0037507517173455693
12942368,3159,26,1692.96,0,6,108,540,0.012691629018481183,-0.8950640498887765,0,0,,0.03515869738144039,-0.011943459497570273,0.11248129032258064,0.9984949661222825,0.0,0.0,0.054843437423833505,0.03515869738144039,-0.012,0.056755870967741935,0.9997591438211626,0.0,0.0,-0.02194662493359524,0.0,0.0,0.04,1.0,0.0,0.0,0.0,0.03515869738144039,-0.011943459497570273,0.16400074684069546,0.9999839392545362,0.0,0.0,-0.005667559702382804,-20.992648572721166,1.9181100218729998,3.394404956926436,21.35163752889666,20.25625833267944,1.85082563445802,3.275334384560547,20.602654501303874,-0.2208593777326265,-0.13012045404703496,-1.806002909933741,1.8241043577556053,0.011664244330091783,-0.0042436020583478075,0.010805005676386759,-0.005309897825038334
12946464,3160,26,1693.08,0,6,109,545,0.013078725792674733,-0.8819853240961018,0,0,,0.03515999967135564,-0.01195337117128004,0.11294870967741935,0.998466973248457,0.0,0.0,0.05535073018547302,0.03515999967135564,-0.012,0.05677212903225806,0.999754663055252,0.0,0.0,-0.022149801337251317,0.0,0.0,0.04,1.0,0.0,0.0,0.0,0.03515999967135564,-0.01195337117128004,0.16437286037757823,0.9999835104907892,0.0,0.0,-0.005742712470400366,-21.217546944750765,1.9386591117031153,3.343645761591145,21.56670267989751,20.212276303156052,1.8468069718619742,3.185226462283232,20.54488931492382,-0.2534310519794471,-0.15837708276415377,-2.072346766712986,2.0937840671755192,0.01177205802947138,-0.002302955469515032,0.010757216911980753,-0.006170095584346418
12950560,3161,26,1693.2,0,6,110,550,0.013465822566868282,-0.8685195015292335,0,0,,0.03515861348425901,-0.01196360466172974,0.11341612903225806,0.998438722640804,0.0,0.0,0.05585800865945363,0.03515861348425901,-0.012,0.056788387096774195,0.9997501409987456,0.0,0.0,-0.022352976826104466,0.0,0.0,0.04,1.0,0.0,0.0,0.0,0.03515861348425901,-0.01196360466172974,0.16474233492775964,0.9999831309278825,0.0,0.0,-0.005808430052035028,-21.43960840996986,1.9589489917738958,3.2874439805915414,21.778465920508495,20.214903149617303,1.8470469882899057,3.099653706666922,20.534403936482118,-0.282936499447709,-0.187702957788798,-2.3376045766500075,2.36213475903841,0.011896712886993115,-5.916803412382133e-05,0.010754549104911346,-0.006218116111595772
12954656,3162,26,1693.32,0,6,111,555,0.013852919341061832,-0.8546665821881717,0,0,,0.035154562112274246,-0.011974089340755958,0.11388354838709677,0.9984102143066159,0.0,0.0,0.056365272714831764,0.035154562112274246,-0.012,0.05680464516129032,0.9997455776518303,0.0,0.0,-0.022556151391763393,0.0,0.0,0.04,1.0,0.0,0.0,0.0,0.035154562112274246,-0.011974089340755958,0.16510921072613602,0.9999828030592559,0.0,0.0,-0.00586460448397997,-21.648198461512685,1.9780079812549662,3.2260042632577552,21.976444564794956,20.264452692627227,1.85157435770198,3.019799125327888,20.57171741229102,-0.3068061293935051,-0.21648471454770363,-2.5882063951490313,2.6153026548674183,0.012021800431222356,0.002192407762002506,0.01079735342188765,-0.005447638406022268
12958752,3163,26,1693.44,0,6,112,560,0.014240016115255374,-0.8404265660729163,0,0,,0.03514791363066896,-0.011984752846574877,0.11435096774193548,0.9983814482532514,0.0,0.0,0.056872522220667576,0.03514791363066896,-0.012,0.05682090322580645,0.9997409730146946,0.0,0.0,-0.022759325025836837,0.0,0.0,0.04,1.0,0.0,0.0,0.0,0.03514791363066896,-0.011984752846574877,0.16547352907514876,0.9999825290387561,0.0,0.0,-0.00591114348103337,-21.833342890155247,1.994924731080175,3.1599130590320432,22.15083829073765,20.358927854217413,1.8602066059691038,2.946522771070508,20.65498265384306,-0.3227323518821198,-0.24294529878817744,-2.8106014905410635,2.839482228820298,0.012130855235643688,0.0041553942415864875,0.010879995478286815,-0.0039600813908373155
12962848,3164,26,1693.56,0,6,113,565,0.014627112889448924,-0.8257994531834674,0,0,,0.03513877975398487,-0.011995521583199357,0.1148183870967742,0.9983524244881359,0.0,0.0,0.057379757046025014,0.03513877975398487,-0.012,0.05683716129032258,0.9997363270875287,0.0,0.0,-0.022962497719933587,0.0,0.0,0.04,1.0,0.0,0.0,0.0,0.03513877975398487,-0.011995521583199357,0.165835332327818,0.9999823106664883,0.0,0.0,-0.005947970587586241,-21.986219610955608,2.0088931624223396,3.0901425442029535,22.29301427494024,20.49410411696416,1.8725577365754054,2.880427111061832,20.78007787222935,-0.32897338733458587,-0.26533026861146763,-2.992428616868331,3.0221271760249167,0.012209522282901739,0.005571401092231424,0.010991596999096668,-0.0019512540162599675
12966944,3165,26,1693.68,0,6,114,570,0.015014209663642473,-0.810785243519825,0,0,,0.03512731395889657,-0.01200632122837407,0.1152858064516129,0.9983231430187613,0.0,0.0,0.05788697705997174,0.03512731395889657,-0.012,0.05685341935483871,0.9997316398705243,0.0,0.0,-0.023165669465662456,0.0,0.0,0.04,1.0,0.0,0.0,0.0,0.03512731395889657,-0.01200632122837407,0.16619466387034396,0.9999821493769911,0.0,0.0,-0.005975025303122965,-22.099594479971447,2.0192522875100813,3.0180171748672433,22.39593453391916,20.66372456854995,1.8880560519487262,2.8219285064768544,20.940810614583707,-0.32459710726600793,-0.28210720014226676,-3.123660300054673,3.153125659493326,0.012247446533301764,0.006254037599431868,0.011117467739567219,0.0003144193122099483
12971040,3166,26,1693.8,0,6,115,575,0.015401306437836023,-0.795383937081989,0,0,,0.03511370890534051,-0.012017077246523108,0.11575322580645162,0.9982936038526862,0.0,0.0,0.058394182131579306,0.03511370890534051,-0.012,0.056869677419354836,0.9997269113638751,0.0,0.0,-0.02336884025463231,0.0,0.0,0.04,1.0,0.0,0.0,0.0,0.03511370890534051,-0.012017077246523108,0.1665515681042846,0.9999820462298127,0.0,0.0,-0.005992263181530089,-22.168178513651686,2.025518848963098,2.9451483724655367,22.454504317763718,20.859797640650363,1.9059713580289672,2.771323725739966,21.12922430235806,-0.3096250151420284,-0.2921527699930781,-3.197625030983698,3.2258373687757147,0.012239635971356036,0.006113447484408764,0.011241039180103416,0.002538705241861504
12975136,3167,26,1693.92,0,6,116,580,0.01578840321202957,-0.7795955338699594,0,0,,0.03509819319924708,-0.012027715403169856,0.11622064516129033,0.9982638069975353,0.0,0.0,0.0589013721299231,0.03509819319924708,-0.012,0.05688593548387097,0.9997221415677765,0.0,0.0,-0.023572010078452037,0.0,0.0,0.04,1.0,0.0,0.0,0.0,0.03509819319924708,-0.012027715403169856,0.16690609042831553,0.9999820019025507,0.0,0.0,-0.005999655904051548,-22.188887934058123,2.02741108026927,2.8733462182247207,22.465824310013087,21.07298317096049,1.9254502389710095,2.728842323280802,21.335992097197312,-0.2850490741945322,-0.2949020720231511,-3.2118155886846425,3.2378974014783704,0.012187118710891188,0.0051681367960414995,0.011346045460774208,0.004428818293935754
12979232,3168,26,1694.04,0,6,117,585,0.01617549998622312,-0.7634200338837362,0,0,,0.03508102755127151,-0.012038162277278762,0.11668806451612904,0.998233752461,0.0,0.0,0.05940854692408238,0.03508102755127151,-0.012,0.056902193548387096,0.9997173304824254,0.0,0.0,-0.023775178928730586,0.0,0.0,0.04,1.0,0.0,0.0,0.0,0.03508102755127151,-0.012038162277278762,0.16725827721958103,0.9999820166864013,0.0,0.0,-0.005997191325771512,-22.16099355762845,2.0248623555193506,2.8045190967778595,22.429334149373243,21.293047692604627,1.9455576571923008,2.6946787709324154,21.550878597298734,-0.25271152627332133,-0.2904380841920952,-3.1684034137790023,3.1917076289514683,0.012096807663167114,0.0035425379370081565,0.011418664476359643,0.005735960574473596
12983328,3169,26,1694.16,0,6,118,590,0.016562596760416663,-0.7468574371233195,0,0,,0.0350625003960686,-0.012048345767983039,0.11715548387096775,0.9982034402508385,0.0,0.0,0.059915706383140345,0.0350625003960686,-0.012,0.05691845161290322,0.9997124781080203,0.0,0.0,-0.023978346797076923,0.0,0.0,0.04,1.0,0.0,0.0,0.0,0.0350625003960686,-0.012048345767983039,0.16760817581464216,0.9999820904842458,0.0,0.0,-0.005984873495549132,-22.08615189439558,2.018024030960002,2.7405727562724245,22.346840168674145,21.50936617856262,1.9653227980412544,2.669001971711262,21.763246509401874,-0.2150578476099762,-0.2795057160310492,-3.0743978206279867,3.0945589803063664,0.011980590581908562,0.0014506304743542385,0.011449337296974966,0.006288071345549423
12987424,3170,26,1694.28,0,6,119,595,0.016949693534610212,-0.7299077435887094,0,0,,0.03504292304572066,-0.012058195592200957,0.11762290322580646,0.9981728703748751,0.0,0.0,0.06042285037618418,0.03504292304572066,-0.012,0.05693470967741936,0.999707584444762,0.0,0.0,-0.02418151367510008,0.0,0.0,0.04,1.0,0.0,0.0,0.0,0.03504292304572066,-0.012058195592200957,0.16795583449003187,0.9999822228112891,0.0,0.0,-0.005962722649372722,-21.968316553413644,2.0072573500580995,2.683319228953793,22.22242597793552,21.711445045680957,1.9837868569657726,2.651943667954679,21.962583215175286,-0.17479273921710162,-0.2634438937810038,-2.9414141032826273,2.958356319621329,0.011853765263735402,-0.0008322252527626483,0.011434026421708526,0.0060124755907534815
12991520,3171,26,1694.4,0,6,120,600,0.01733679030880376,-0.7125709532799056,0,0,,0.035022624458755654,-0.012067643769706433,0.11809032258064517,0.9981420428410009,0.0,0.0,0.060929978772305014,0.035022624458755654,-0.012,0.05695096774193548,0.9997026494928524,0.0,0.0,-0.024384679554409112,0.0,0.0,0.04,1.0,0.0,0.0,0.0,0.035022624458755654,-0.012067643769706433,0.16830130244242292,0.9999824127982443,0.0,0.0,-0.005930775177144204,-21.81353477760198,1.9931148527758151,2.6344036853720127,22.06225031785081,21.889440160820378,2.000050370024197,2.643570719661909,22.13902116595546,-0.15433817023789573,-0.28006451230947454,-3.196170093414644,3.212126969452749,0.011733025880473789,-0.0030055341514716874,0.011374747239807423,0.004945450316533631
12995616,3172,26,1694.52,0,6,121,605,0.01772388708299731,-0.6948470661969083,0,0,,0.035001945712651854,-0.012076625092306021,0.11855774193548388,0.9981109576571733,0.0,0.0,0.06143709144059802,0.035001945712651854,-0.012,0.05696722580645161,0.9996976732524953,0.0,0.0,-0.024587844426613124,0.0,0.0,0.04,1.0,0.0,0.0,0.0,0.035001945712651854,-0.012076625092306021,0.16864462976841874,0.9999826591970425,0.0,0.0,-0.005889083562947902,-21.629639804945043,1.9763122664416792,2.595253963491026,21.874242190328946,22.034643903591938,2.0133177170794663,2.643848785306004,22.28382634530191,-0.13105845726940918,-0.30429581234774883,-3.575292520121431,3.59061121051423,0.011634265504890159,-0.0047832209119770385,0.01127930274252471,0.003227449365444793
12999712,3173,26,1694.64,0,6,122,610,0.01811098385719086,-0.6767360823397174,0,0,,0.034981234272707544,-0.012085077573884296,0.11902516129032259,0.9980796148314164,0.0,0.0,0.061944188250162464,0.034981234272707544,-0.012,0.056983483870967744,0.9996926557238961,0.0,0.0,-0.024791008283321248,0.0,0.0,0.04,1.0,0.0,0.0,0.0,0.034981234272707544,-0.012085077573884296,0.1689858674439737,0.9999829603890326,0.0,0.0,-0.005837716298900996,-21.425854973348923,1.957692332590257,2.56705373277755,21.66770835771588,22.139916959017437,2.0229365749356036,2.6526062340907988,22.389830619536575,-0.09708535517056449,-0.3231242435264387,-3.9387459656620205,3.9531701993415327,0.011570484086074778,-0.005931286450653869,0.011160256405832293,0.001084615304981309
13003808,3174,26,1694.76,0,6,123,615,0.01849808063138441,-0.658238001708333,0,0,,0.034960838153576146,-0.012092942878211492,0.1194925806451613,0.9980480143718206,0.0,0.0,0.06245126907010164,0.034960838153576146,-0.012,0.05699974193548387,0.9996875969072623,0.0,0.0,-0.024994171116142678,0.0,0.0,0.04,1.0,0.0,0.0,0.0,0.034960838153576146,-0.012092942878211492,0.16932506730345315,0.9999833143956129,0.0,0.0,-0.005776757772725954,-21.212329817796192,1.9381824199001596,2.550736585070152,21.452872640236105,22.20004331331714,2.0284303535010584,2.6695069874839,22.45178657408775,-0.05284625758053362,-0.33455620732061453,-4.265937812971119,4.279362803845198,0.011550077250235075,-0.006298609495768537,0.011033278444704944,-0.0012009879953109883
13007904,3175,26,1694.88,0,6,124,620,0.01888517740557796,-0.6393528243027551,0,0,,0.034941100071570454,-0.012100166721560853,0.11996000000000001,0.9980161562865429,0.0,0.0,0.06295833376952302,0.034941100071570454,-0.012,0.057016,0.9996824968028027,0.0,0.0,-0.02519733291668664,0.0,0.0,0.04,1.0,0.0,0.0,0.0,0.034941100071570454,-0.012100166721560853,0.16966228201833977,0.99998371889123,0.0,0.0,-0.005706308129228132,-20.999631678729013,1.9187480721681334,2.5469953218439523,21.24036981731305,22.211990742293704,2.0295219967578,2.6940394657858744,22.466627270560146,-2.7218761925490996e-16,-0.3371447737865034,-4.537768683174767,4.550275949928006,0.011575731174144292,-0.005836838865402647,0.010915083123547657,-0.003328503776142148
13012000,3176,26,1695.0,0,6,125,625,0.019272274179771502,-0.6200805501229836,0,0,,0.03492235168599503,-0.012106699247356946,0.12042741935483871,0.9979840405838071,0.0,0.0,0.06346538221753824,0.03492235168599503,-0.012,0.05703225806451613,0.999677355410728,0.0,0.0,-0.025400493676562396,0.0,0.0,0.04,1.0,0.0,0.0,0.0,0.03492235168599503,-0.012106699247356946,0.16999756507559705,0.9999841712186543,0.0,0.0,-0.005626483105904245,-20.79821843355261,1.9003448314921167,2.5562987618547846,21.04071918562212,22.17506372651031,2.0261479547065258,2.7255261372137882,22.43361806605859,0.058697124653681064,-0.33016945844390605,-4.738240606560117,4.7500927642928135,0.011644069000405778,-0.004606757992695884,0.010821228637118933,-0.005017884531859184
13016096,3177,26,1695.12,0,6,126,630,0.01965937095396505,-0.6004211791690185,0,0,,0.03490490802626964,-0.012112495370269238,0.12089483870967742,0.9979516672719028,0.0,0.0,0.06397241428326308,0.03490490802626964,-0.012,0.05704851612903226,0.9996721727312504,0.0,0.0,-0.025603653387379268,0.0,0.0,0.04,1.0,0.0,0.0,0.0,0.03490490802626964,-0.012112495370269238,0.1703309707556969,0.9999846684064371,0.0,0.0,-0.005537413842949659,-20.61791880833964,1.8838707540614896,2.5789077936913647,20.86380383376089,22.09094099674922,2.0184616139161724,2.7631547313809843,22.3543929794182,0.1196921120197595,-0.31373243362478576,-4.855900485826646,4.867496663567355,0.011746095337324345,-0.0027702839281616874,0.010764069166316287,-0.006046755006306822
13020192,3178,26,1695.24,0,6,127,635,0.0200464677281586,-0.58037471144086,0,0,,0.03488906219848491,-0.012117515087376123,0.12136225806451613,0.9979190363591868,0.0,0.0,0.0644794298358176,0.03488906219848491,-0.012,0.057064774193548384,0.9996669487645841,0.0,0.0,-0.025806812040746613,0.0,0.0,0.04,1.0,0.0,0.0,0.0,0.03488906219848491,-0.012117515087376123,0.17066255411032197,0.9999852071884289,0.0,0.0,-0.005439246667974248,-20.467446292729996,1.8701219962900504,2.614883217577919,20.718381410437576,21.963595587157773,2.006825992735228,2.8060284940836584,22.232873804142898,0.17906768935511547,-0.2887552034515493,-4.8849908940306905,4.896792913699137,0.011868380333322676,-0.0005691540001917086,0.010751128682227006,-0.006279683719913853
13024288,3179,26,1695.36,0,6,128,640,0.02043356450235215,-0.5599411469385078,0,0,,0.034875080460336084,-0.012121723754251842,0.12182967741935484,0.9978861478540819,0.0,0.0,0.06498642874432611,0.034875080460336084,-0.012,0.05708103225806452,0.9996616835109448,0.0,0.0,-0.026009969628273823,0.0,0.0,0.04,1.0,0.0,0.0,0.0,0.034875080460336084,-0.012121723754251842,0.17099237093975075,0.9999857840252359,0.0,0.0,-0.0053321428557778746,-20.353970974587465,1.8597536931095147,2.664080027263377,20.611650604089114,21.79910111173429,1.9917960406660773,2.8532294733334345,22.075075972116764,0.23304982488170825,-0.2568724497826316,-4.826200021772354,4.838646745371085,0.01199482746473845,0.001706894365292204,0.010784110556606922,-0.005686009981075382
13028384,3180,26,1695.48,0,6,129,645,0.0208206612765457,-0.5391204856619621,0,0,,0.034863197747190725,-0.012125092324070847,0.12229709677419355,0.9978530017650777,0.0,0.0,0.06549341087791723,0.034863197747190725,-0.012,0.057097290322580645,0.9996563769705499,0.0,0.0,-0.026213126141570346,0.0,0.0,0.04,1.0,0.0,0.0,0.0,0.034863197747190725,-0.012125092324070847,0.17132047776993528,0.9999863951274706,0.0,0.0,-0.005216278363577356,-20.28277068389637,1.8532480827925615,2.726125856178599,20.54889479401814,21.60533371784054,1.9740914056910135,2.903886248949977,21.88881077820632,0.2785197149571614,-0.22023339339141473,-4.686932771273269,4.700363260602295,0.012108792340931172,0.003758262136761216,0.010858673344971776,-0.004343879790508004
13032480,3181,26,1695.6,0,6,130,650,0.02120775805073925,-0.5179127276112229,0,0,,0.03485361372446601,-0.01212759754807937,0.12276451612903226,0.9978195981007303,0.0,0.0,0.06600037610572386,0.03485361372446601,-0.012,0.05711354838709677,0.9996510291436186,0.0,0.0,-0.026416281572245667,0.0,0.0,0.04,1.0,0.0,0.0,0.0,0.03485361372446601,-0.01212759754807937,0.1716469318292809,0.9999870364806449,0.0,0.0,-0.005091843542116975,-20.256978794935637,1.8508914634966571,2.8003848891470042,20.533220512999897,21.39158452118034,1.9545610222398282,2.957236153251091,21.68329870620605,0.3134557700671601,-0.18123372383845884,-4.481062872467071,4.495667319703226,0.01219527362578979,0.005314925264216324,0.010965002256247282,-0.002429959387548905
13036576,3182,26,1695.72,0,6,131,655,0.0215948548249328,-0.4963178727862901,0,0,,0.034846489432647565,-0.012129222136050628,0.12323193548387097,0.997785936869662,0.0,0.0,0.06650732429688329,0.034846489432647565,-0.012,0.057129806451612905,0.9996456400303718,0.0,0.0,-0.026619435911909326,0.0,0.0,0.04,1.0,0.0,0.0,0.0,0.034846489432647565,-0.012129222136050628,0.17197179102513713,0.9999877038715418,0.0,0.0,-0.004959042823134111,-20.27744105545214,1.8527611116656777,2.885912079731772,20.56540366796087,21.1681019914055,1.9341412987071016,3.0126721155264216,21.468712997233446,0.33723823362699656,-0.14221113452527376,-4.228167929012179,4.243978990161233,0.01224288768196198,0.0061719782753157666,0.011089101085728501,-0.0001961804568869607
13040672,3183,26,1695.84,0,6,132,660,0.021981951599126342,-0.4743359211871637,0,0,,0.03484194458132367,-0.012129954875616243,0.12369935483870967,0.9977520180805619,0.0,0.0,0.06701425532053723,0.03484194458132367,-0.012,0.05714606451612903,0.9996402096310322,0.0,0.0,-0.026822589152170888,0.0,0.0,0.04,1.0,0.0,0.0,0.0,0.03484194458132367,-0.012129954875616243,0.17229511392000996,0.9999883929158927,0.0,0.0,-0.004818094383690359,-20.342688136061703,1.8587227738533536,2.9814054692234504,20.643851131100085,20.94558744675246,1.9138100205154531,3.0697658319376604,21.255676054812078,0.4080582304081367,-0.12231671689252668,-4.597832107398805,4.617524551798563,0.012245367012968902,0.0062166062334403326,0.011214634552632177,0.0020634219473792148
13044768,3184,26,1695.96,0,6,133,665,0.02236904837331989,-0.45196687281384385,0,0,,0.03484005553770309,-0.012129790709650297,0.12416677419354838,0.9977178417421853,0.0,0.0,0.0675211690458318,0.03484005553770309,-0.012,0.05716232258064516,0.9996347379458237,0.0,0.0,-0.02702574128463999,0.0,0.0,0.04,1.0,0.0,0.0,0.0,0.03484005553770309,-0.012129790709650297,0.1726169597075047,0.9999890990871788,0.0,0.0,-0.004669229787916493,-20.44902453296024,1.8684387898136259,3.085166307452367,20.76467960276607,20.73466927859943,1.8945383097197448,3.1282618372037447,21.054733615555342,0.491745833511662,-0.09850830172656638,-5.078461717305201,5.10316482826291,0.012202385261436176,0.005442934705851277,0.011325078533095598,0.004051413595720784
13048864,3185,26,1696.08,0,6,134,670,0.02275614514751344,-0.4292107276663304,0,0,,0.034840854043415706,-0.01212873077117194,0.12463419354838709,0.9976834078633541,0.0,0.0,0.06802806534191759,0.034840854043415706,-0.012,0.05717858064516129,0.9996292249749726,0.0,0.0,-0.027228892300926292,0.0,0.0,0.04,1.0,0.0,0.0,0.0,0.034840854043415706,-0.01212873077117194,0.1729373881880101,0.9999898177463666,0.0,0.0,-0.004512693606756841,-20.590728370558175,1.8813863485789193,3.195077203429217,20.921907842226087,20.545382581048074,1.8772430784713974,3.1880408666990223,20.87583271500913,0.5743447146428133,-0.06667802244973943,-5.527029488299647,5.557191086731659,0.012119600167914446,0.003952803022460118,0.01140589515082104,0.005506112714778761
13052960,3186,26,1696.2,0,6,135,675,0.02314324192170699,-0.4060674857446234,0,0,,0.034844326681157375,-0.012126782375525672,0.1251016129032258,0.9976487164529568,0.0,0.0,0.0685349440779497,0.034844326681157375,-0.012,0.05719483870967742,0.9996236707187066,0.0,0.0,-0.027432042192639516,0.0,0.0,0.04,1.0,0.0,0.0,0.0,0.034844326681157375,-0.012126782375525672,0.17325645974413234,0.9999905441723826,0.0,0.0,-0.004348743016334771,-20.760350914270745,1.8968848551110324,3.308607553120443,21.10775275053641,20.386680422325036,1.862742373613455,3.249055139139813,20.72782929034386,0.6504926908587264,-0.027522901151239086,-5.917052923218912,5.952765201746318,0.012007908835567358,0.0019423590402125547,0.011446446415522728,0.006236035479409143
13057056,3187,26,1696.32,0,6,136,680,0.02353033869590054,-0.3825371470487229,0,0,,0.034850415100141134,-0.012123958969893253,0.1255690322580645,0.9976137675199483,0.0,0.0,0.06904180512308773,0.034850415100141134,-0.012,0.057211096774193546,0.999618075177255,0.0,0.0,-0.027635190951389416,0.0,0.0,0.04,1.0,0.0,0.0,0.0,0.034850415100141134,-0.012123958969893253,0.17357423531589083,0.9999912735931274,0.0,0.0,-0.004177647375596312,-20.949099574791305,1.9141309256154493,3.422853082874889,21.313014648844607,20.266001093679915,1.8517158359707535,3.3112422838698166,20.618049794505485,0.7148185636154166,0.017378470584795528,-6.225189723457721,6.266119587366067,0.011882013331147452,-0.00032376003934575325,0.011441394514605754,0.006145101262903613
13061152,3188,26,1696.44,0,6,137,685,0.02391743547009409,-0.3586197115786288,0,0,,0.03485901699656636,-0.012120280040485702,0.12603645161290322,0.99757856107335,0.0,0.0,0.06954864834649589,0.03485901699656636,-0.012,0.05722735483870968,0.9996124383508489,0.0,0.0,-0.027838338568785807,0.0,0.0,0.04,1.0,0.0,0.0,0.0,0.03485901699656636,-0.012120280040485702,0.1738907763756843,0.9999920012168253,0.0,0.0,-0.003999687783923154,-21.147284164286805,1.9322391622190989,3.534612791819768,21.527532680110014,20.188912452404335,1.8446722037729848,3.3744280188805225,20.55192852276461,0.7625789814206401,0.06572296430226457,-6.43309115245113,6.478464940607938,0.011758485433958736,-0.00254726218874265,0.011391404435969787,0.005245279847456192
13065248,3189,26,1696.56,0,6,138,690,0.02430453224428764,-0.3343151793343412,0,0,,0.034869987832631184,-0.012115770978055928,0.12650387096774193,0.9975430971222495,0.0,0.0,0.07005547361734296,0.034869987832631184,-0.012,0.057243612903225806,0.9996067602397211,0.0,0.0,-0.02804148503643854,0.0,0.0,0.04,1.0,0.0,0.0,0.0,0.034869987832631184,-0.012115770978055928,0.1742061449030386,0.9999927222635019,0.0,0.0,-0.003815156619439333,-21.344803364619832,1.9502866018434366,3.6405023171913227,21.74068779098517,20.158850183022253,1.8419253974335053,3.4382298843216508,20.532738604693954,0.7902442518873972,0.11473996545308861,-6.52895113740794,6.577602465334439,0.011653585272268148,-0.004435465099173216,0.011303056434838093,0.00365501582708571
13069344,3190,26,1696.68,0,6,139,695,0.02469162901848118,-0.30962355031586,0,0,,0.034883143265203455,-0.012110462902660152,0.12697129032258064,0.9975073756758013,0.0,0.0,0.07056228080480234,0.034883143265203455,-0.012,0.05725987096774193,0.9996010408441061,0.0,0.0,-0.02824463034595752,0.0,0.0,0.04,1.0,0.0,0.0,0.0,0.034883143265203455,-0.012110462902660152,0.17452040335914584,0.9999934319963859,0.0,0.0,-0.003624357058767952,-21.53164689406438,1.9673585994576595,3.737098322841654,21.94192839529193,20.176961748632355,1.8435802612963574,3.501975036179911,20.561429977986506,0.7959521776918954,0.1615195672730618,-6.508629897617009,6.559107529530107,0.011581120982724421,-0.0057398223109603125,0.011187979866710307,0.0015836376007855471
13073440,3191,26,1696.8,0,6,140,700,0.02507872579267473,-0.28454482452318525,0,0,,0.034898262243341305,-0.012104392448877583,0.12743870967741935,0.997471396743226,0.0,0.0,0.07106906977805216,0.034898262243341305,-0.012,0.057276129032258066,0.9995952801642402,0.0,0.0,-0.028447774488952693,0.0,0.0,0.04,1.0,0.0,0.0,0.0,0.034898262243341305,-0.012104392448877583,0.17483361466120623,0.9999941257530267,0.0,0.0,-0.0034276025790249596,-21.69838870949299,1.982593892237938,3.8211044855441285,22.121292697743446,20.24206233801396,1.8495285384987374,3.5646441877322386,20.63658236472061,0.7797642366336341,0.2033731895529356,-6.376258481210826,6.426979472362951,0.011550631128434099,-0.006288639688186109,0.011061322401067258,-0.0006961967807893323
13077536,3192,26,1696.92,0,6,141,705,0.025465822566868277,-0.25907900195631695,0,0,,0.03491509072261562,-0.01209760151297068,0.12790612903225806,0.9974351603338111,0.0,0.0,0.07157584040627521,0.03491509072261562,-0.012,0.05729238709677419,0.9995894782003611,0.0,0.0,-0.02865091745703407,0.0,0.0,0.04,1.0,0.0,0.0,0.0,0.03491509072261562,-0.01209760151297068,0.17514584215658174,0.999994798975923,0.0,0.0,-0.003225216442866626,-21.83664765789746,1.9952266895540824,3.889526536565021,22.26990182188756,20.35070357033341,1.8594551485583823,3.6248513423237467,20.754475577836878,0.7436829703774317,0.23818250556801698,-6.144264591257677,6.1936889358258,0.011566129126227584,-0.0060096757279033885,0.01093975611510116,-0.00288438992817909
13081632,3193,26,1697.04,0,6,142,710,0.025852919341061827,-0.23322608261525513,0,0,,0.034933345933822635,-0.012090136963731016,0.12837354838709678,0.99739866645691,0.0,0.0,0.07208259255865897,0.034933345933822635,-0.012,0.05730864516129032,0.9995836349527087,0.0,0.0,-0.028854059241811683,0.0,0.0,0.04,1.0,0.0,0.0,0.0,0.034933345933822635,-0.012090136963731016,0.17545714959677403,0.999995447242463,0.0,0.0,-0.003017531167435378,-21.939494126919975,2.004623828855632,3.939842001498974,22.380399331494228,20.49735039359209,1.8728543506835411,3.68086527122915,20.909273677521774,0.6914202580269907,0.2646923372418821,-5.832798507313439,5.879597131906451,0.011625574955690558,-0.0049396507975698585,0.010839282927793315,-0.004692907299720305
13085728,3194,26,1697.16,0,6,143,715,0.026240016115255376,-0.20698606649999976,0,0,,0.0349527211343593,-0.012082050319006402,0.12884096774193549,0.9973619151219429,0.0,0.0,0.07258932610439578,0.0349527211343593,-0.012,0.05732490322580645,0.9995777504215242,0.0,0.0,-0.02905719983489564,0.0,0.0,0.04,1.0,0.0,0.0,0.0,0.0349527211343593,-0.012082050319006402,0.17576760111123538,0.9999960662939782,0.0,0.0,-0.0028048879780756,-22.00178423333054,2.010315310659643,3.9701500022853584,22.447315388236323,20.674656738139124,1.8890549303883464,3.730674186497414,21.09331386140414,0.6279393417705391,0.28270829584274426,-5.468578652425552,5.5117677994674255,0.011721143689547473,-0.003219413588145377,0.010773128247737206,-0.005883691540730279
13089824,3195,26,1697.28,0,6,144,720,0.026627112889448926,-0.18035895361055082,0,0,,0.03497289076242414,-0.01207339739014174,0.1293083870967742,0.9973249063383965,0.0,0.0,0.07309604091268271,0.03497289076242414,-0.012,0.05734116129032258,0.9995718246070506,0.0,0.0,-0.02926033922789608,0.0,0.0,0.04,1.0,0.0,0.0,0.0,0.03497289076242414,-0.01207339739014174,0.17607726118102537,0.9999966520637205,0.0,0.0,-0.002587636247716308,-22.020406718501203,2.0120168575280286,3.979287790137096,22.467337519161546,20.87382622583168,1.9072531576902045,3.7720902658944677,21.297485787946748,0.6589692520694223,0.34570766866104613,-5.994157957595826,6.0401725048175035,0.011840255498414134,-0.0010754010285454808,0.01075000009642151,-0.006299998264412801
13093920,3196,26,1697.4,0,6,145,725,0.027014209663642468,-0.15334474394690836,0,0,,0.034993515907437316,-0.012064237896787611,0.1297758064516129,0.9972876401158238,0.0,0.0,0.07360273685272173,0.034993515907437316,-0.012,0.05735741935483871,0.9995658575095328,0.0,0.0,-0.029463477412423198,0.0,0.0,0.04,1.0,0.0,0.0,0.0,0.034993515907437316,-0.012064237896787611,0.17638619461232216,0.9999972007035777,0.0,0.0,-0.0023661329228416316,-21.994431795486083,2.009643514308373,3.9669034314466316,22.43947459044694,21.08504068901358,1.9265519411281444,3.8028861595145065,21.511682555798604,0.6840399905176547,0.41650042461498493,-6.58264819433137,6.631186964840149,0.011967231549133355,0.0012101678844005086,0.010772942860705625,-0.005887028507298713
13098016,3197,26,1697.52,0,6,146,730,0.027401306437836018,-0.12594343750907233,0,0,,0.03501425000476052,-0.01205463505473501,0.1302432258064516,0.9972501164638444,0.0,0.0,0.07410941379371962,0.03501425000476052,-0.012,0.05737367741935484,0.999559849129217,0.0,0.0,-0.029666614380087247,0.0,0.0,0.04,1.0,0.0,0.0,0.0,0.03501425000476052,-0.01205463505473501,0.17669446650980097,0.9999977086093543,0.0,0.0,-0.002140741936992303,-21.92515554877307,2.003313704964037,3.9334779720690833,22.36510587042109,21.2979364753485,1.9460043480013858,3.820951864626476,21.72530101476647,0.6898059674121553,0.4876686214438361,-7.123910278719673,7.1738239883806845,0.012085357828769506,0.003336440917851202,0.010838936556451979,-0.004699141983864354
13102112,3198,26,1697.64,0,6,147,735,0.027788403212029567,-0.09815503429704277,0,0,,0.03503474465902804,-0.012044655139620882,0.13071064516129033,0.9972123353921442,0.0,0.0,0.07461607160488809,0.03503474465902804,-0.012,0.05738993548387097,0.9995537994663516,0.0,0.0,-0.029869750122498515,0.0,0.0,0.04,1.0,0.0,0.0,0.0,0.03503474465902804,-0.012044655139620882,0.17700214224988947,0.9999981724444486,0.0,0.0,-0.0019118336127623514,-21.816037993207203,1.9933435729833993,3.880295033930051,22.24791275314061,21.502106533643598,1.9646594802313948,3.8244578244459846,21.92776664205427,0.6731720154123708,0.5551343541708338,-7.58502506656864,7.635046821990656,0.012179085230583996,0.005023534150512026,0.010939294352733579,-0.0028927016507955456
13106208,3199,26,1697.76,0,6,148,740,0.028175499986223117,-0.06997953431081966,0,0,,0.03505465549823963,-0.012034367029515618,0.131178064516129,0.9971742969104755,0.0,0.0,0.07512271015544382,0.03505465549823963,-0.012,0.057406193548387094,0.9995477085211864,0.0,0.0,-0.03007288463126735,0.0,0.0,0.04,1.0,0.0,0.0,0.0,0.03505465549823963,-0.012034367029515618,0.17730928745391164,0.999998589161772,0.0,0.0,-0.00167978405327447,-21.67253744485012,1.9802318477528027,3.809360648682364,22.093696522334483,21.68760511617446,1.981608589295128,3.812009078491577,22.109057001391694,0.6331016879792153,0.6146906526330947,-7.937594216787232,7.986492615418281,0.012236076301982592,0.006049373435686753,0.011060806030018931,-0.0007054914596592092
13110304,3200,26,1697.88,0,6,149,745,0.028562596760416666,-0.04141693755040299,0,0,,0.03507364796024865,-0.012023841729549413,0.13164548387096775,0.9971360010286573,0.0,0.0,0.07562932931460839,0.03507364796024865,-0.012,0.05742245161290323,0.9995415762939728,0.0,0.0,-0.030276017898004152,0.0,0.0,0.04,1.0,0.0,0.0,0.0,0.03507364796024865,-0.012023841729549413,0.17761596796113138,0.9999989560237673,0.0,0.0,-0.0014449745241350315,-21.50184834330327,1.9646358892358318,3.723280679429827,21.9100911767501,21.845431627470955,1.9960292857587676,3.7827758904131663,22.260197872822385,0.5708005379629542,0.6624591891591192,-8.159980904808362,8.206701761260565,0.012248829238497629,0.006278926292957444,0.011187476857534205,0.0015745834356157074
13114400,3201,26,1698.0,0,6,150,750,0.028949693534610216,-0.012467244015792772,0,0,,0.03509140291441517,-0.012013151881858367,0.13211290322580646,0.9970974477565749,0.0,0.0,0.07613592895160846,0.03509140291441517,-0.012,0.057438709677419354,0.9995354027849641,0.0,0.0,-0.03047914991431936,0.0,0.0,0.04,1.0,0.0,0.0,0.0,0.03509140291441517,-0.012013151881858367,0.17792224980170593,0.9999992706203933,0.0,0.0,-0.0012077908268858766,-21.312553981548167,1.9473399577049086,3.6251069292106615,21.706185532596233,21.96797074328994,2.0072257531940045,3.7365884459996836,22.373707493777296,0.48960896907817225,0.695335102953914,-8.239145019356188,8.282917269777817,0.01221566535548998,0.00568197639881976,0.011302632999247596,0.0036473939864567514
13118496,3202,26,1698.12,0,6,151,755,0.029336790308803765,0.016869546293010993,0,0,,0.03510762202396312,-0.0120023712642325,0.13258032258064517,0.99705863710418,0.0,0.0,0.07664250893567567,0.03510762202396312,-0.012,0.05745496774193548,0.9995291879944154,0.0,0.0,-0.030682280671823485,0.0,0.0,0.04,1.0,0.0,0.0,0.0,0.03510762202396312,-0.0120023712642325,0.17822819916956142,0.9999995308849564,0.0,0.0,-0.0009686226649841777,-21.11420960933993,1.9292171216655774,3.518165576175036,21.49207330973569,22.049367466703075,2.01466301726221,3.673986714779687,22.443966920649427,0.39460944436102025,0.7113642231231924,-8.171918215057222,8.212308018158025,0.01214095005546229,0.004337100998321337,0.011391116311309823,0.005240093603576839
13122592,3203,26,1698.24,0,6,152,760,0.029723887082997308,0.0465934333760083,0,0,,0.035122032758937896,-0.011991574280925878,0.13304774193548385,0.9970195690814907,0.0,0.0,0.07714906913604676,0.035122032758937896,-0.012,0.057471225806451615,0.9995229319225833,0.0,0.0,-0.030885410162127067,0.0,0.0,0.04,1.0,0.0,0.0,0.0,0.035122032758937896,-0.011991574280925878,0.1785338823952011,0.9999997351076891,0.0,0.0,-0.000727863003354289,-20.91687491034599,1.9111865400316133,3.4058826353166567,21.27835347322276,22.08581831830287,2.0179935519261503,3.5962210138695143,22.467498177262524,0.29199264043460865,0.710003715518397,-7.965598901643994,8.002507784437945,0.012034518204785653,0.002421327686141871,0.011441279627077892,0.006143033287402067
13126688,3204,26,1698.36,0,6,153,765,0.030110983857190857,0.07670441723319915,0,0,,0.03513439297553146,-0.011980835449143077,0.1335151612903226,0.9969802436985917,0.0,0.0,0.0776556094219636,0.03513439297553146,-0.012,0.05748748387096774,0.9995166345697263,0.0,0.0,-0.03108853837684072,0.0,0.0,0.04,1.0,0.0,0.0,0.0,0.03513439297553146,-0.011980835449143077,0.1788393659184571,0.9999998819469814,0.0,0.0,-0.0004859074225662618,-20.730617712838345,1.8941681158938586,3.2916206178939125,21.07560556423611,22.075763375342586,2.0170748261734337,3.505203698634795,22.443136421352133,0.18826243912768362,0.6922293822393096,-7.6377937877150694,7.671409140912811,0.011910379558204346,0.00018683204767834912,0.011446519887912846,0.006237357982431241
13130784,3205,26,1698.48,0,6,154,770,0.030498080631384407,0.10720249786458355,0,0,,0.03514449498482865,-0.011970228884746104,0.13398258064516128,0.9969406609656342,0.0,0.0,0.07816212966267315,0.03514449498482865,-0.012,0.05750374193548387,0.9995102959361043,0.0,0.0,-0.0312916653075751,0.0,0.0,0.04,1.0,0.0,0.0,0.0,0.03514449498482865,-0.011970228884746104,0.1791447162611975,0.9999999704381949,0.0,0.0,-0.00024315346870486162,-20.565012766129662,1.8790366994433194,3.1785385202795298,20.893865992530717,22.01996831973924,2.011976800788357,3.4034171685466186,22.372087606488318,0.08938515978796396,0.6604702898872955,-7.215487917509604,7.246204289028926,0.011784874637675228,-0.002072256521845793,0.011406147311868519,0.005510651613633379
13134880,3206,26,1698.6,0,6,155,775,0.030885177405577956,0.1380876752701615,0,1,time_out,0.03515216904260723,-0.011959827790731258,0.13445000000000001,0.9969008208928353,0.0,0.0,0.07866862972742758,0.03515216904260723,-0.012,0.05752,0.9995039160219791,0.0,0.0,-0.03149479094594091,0.0,0.0,0.04,1.0,0.0,0.0,0.0,0.03515216904260723,-0.011959827790731258,0.17945,1.0,0.0,0.0,-1.4695761589768239e-18,-20.42866029900424,1.8665780983861737,3.0694839840128196,20.742131214935412,21.921490886263808,2.0029788627043073,3.2937874631137505,22.25786878506459,5.048582672873003e-16,0.6183720901881288,-6.7333849820485145,6.7617200000000075,0.011674523809466802,-0.004058571429597457,0.011325476190533193,0.004058571429597478
