global_step,callback_call,rollout,wall_time_s,env_id,episode,sample_index,episode_step,reward,episode_return,terminal,timeout,termination_reason,pin_x,pin_y,pin_z,pin_qw,pin_qx,pin_qy,pin_qz,pipe_x,pipe_y,pipe_z,pipe_qw,pipe_qx,pipe_qy,pipe_qz,center_x,center_y,center_z,center_qw,center_qx,center_qy,center_qz,ee_frame_x,ee_frame_y,ee_frame_z,ee_frame_qw,ee_frame_qx,ee_frame_qy,ee_frame_qz,contact_left_finger_fx_N,contact_left_finger_fy_N,contact_left_finger_fz_N,contact_left_finger_force_N,contact_right_finger_fx_N,contact_right_finger_fy_N,contact_right_finger_fz_N,contact_right_finger_force_N,contact_pin_tip_fx_N,contact_pin_tip_fy_N,contact_pin_tip_fz_N,contact_pin_tip_force_N,gripper_left_pos_rad,gripper_left_vel_rad_s,gripper_right_pos_rad,gripper_right_vel_rad_s
20000000,4882,32,0.0,0,12,0,0,-0.015,-0.015,0,0,,0.035,-0.012,0.062,1.0,0.0,0.0,0.0,0.035,-0.012,0.055,1.0,0.0,0.0,-0.0,0.0,0.0,0.04,1.0,0.0,0.0,0.0,0.035,-0.012,0.107,1.0,0.0,0.0,0.0,0.0,0.0,0.0,0.0,0.0,0.0,0.0,0.0,0.0,0.0,0.0,0.0,0.045399999999999996,-0.2791666666666667,0.0446,-0.2791666666666667
20004096,4883,32,0.12,0,12,1,5,-0.014776536312849161,-0.029776536312849163,0,0,,0.03510521830411281,-0.011964905613901476,0.06264245810055866,0.9999997561717898,0.0,0.0,0.0006983239655893356,0.03507018877219705,-0.012,0.055022346368715086,0.999999960987485,0.0,0.0,-0.00027932960530609733,0.0,0.0,0.04,1.0,0.0,0.0,0.0,0.03521032857118771,-0.011964905613901476,0.10778285726800871,0.9999984600061593,0.0,0.0,0.00175498869223457,-1.0246345102131238,0.09362142732911792,0.15777957020002373,1.0409299899356026,0.9564645609284664,0.08739270099854007,0.1472823390493245,0.9716758862376612,0.0,0.0,0.0,0.0,0.04382656019934131,-0.2813623284204761,0.043046515318817966,-0.2813623284204761
20008192,4884,32,0.24,0,12,2,10,-0.014553072625698323,-0.04432960893854748,0,0,,0.03520991825406535,-0.011929854463924796,0.06328491620111731,0.9999990246872782,0.0,0.0,0.001396647590636506,0.03514029107215041,-0.012,0.055044692737430165,0.9999998439499432,0.0,0.0,-0.0005586591888174938,0.0,0.0,0.04,1.0,0.0,0.0,0.0,0.03541897428696558,-0.011929854463924796,0.1085656712899055,0.9999938419266422,0.0,0.0,0.0035094314060560494,-2.054488205553594,0.18771973451758725,0.32391537754265864,2.0883202956670184,1.9258664057650638,0.1759674888516302,0.30363656614520323,1.957580428561658,0.0,0.0,0.0,0.0,0.04224915698338611,-0.28350332119518074,0.04148303924412626,-0.28350332119518074
20012288,4885,32,0.36,0,12,3,15,-0.014329608938547485,-0.058659217877094966,0,0,,0.035313584049350345,-0.011894889732925107,0.06392737430167597,0.9999978055468217,0.0,0.0,0.0020949705345995116,0.03521022053414979,-0.012,0.05506703910614525,0.9999996488873836,0.0,0.0,-0.0008379887287394903,0.0,0.0,0.04,1.0,0.0,0.0,0.0,0.03562426974691553,-0.011894889732925107,0.10934839883289925,0.9999861514650972,0.0,0.0,0.0052627823462148,-3.084828799055336,0.2818625298629241,0.4973569683686571,3.1373522529685403,2.910624249651591,0.26594536291232806,0.46927053239074906,2.9601816314687097,0.0,0.0,0.0,0.0,0.04067249100951921,-0.28553633719459537,0.03990924220874277,-0.28553633719459537
20016384,4886,32,0.48,0,12,4,20,-0.014106145251396647,-0.0727653631284916,0,0,,0.03541570498418598,-0.011860054497289768,0.06456983240223464,0.9999960987510151,0.0,0.0,0.0027932924569366857,0.03527989100542047,-0.012,0.055089385474860336,0.9999993757998215,0.0,0.0,-0.0011173182032773914,0.0,0.0,0.04,1.0,0.0,0.0,0.0,0.03582457830509036,-0.011860054497289768,0.11013099669083627,0.9999753981197197,0.0,0.0,0.007014496083689993,-4.110737105160286,0.37560034463393477,0.6767333761664673,4.182965841248093,3.912030556337741,0.35744441631512347,0.644021152005437,3.9807678692314425,0.0,0.0,0.0,0.0,0.03910142716242561,-0.287410757096778,0.038326815925448204,-0.287410757096778
20020480,4887,32,0.6,0,12,5,25,-0.013882681564245809,-0.08664804469273742,0,0,,0.03551577796348944,-0.01182539167386845,0.0652122905027933,0.9999939043006906,0.0,0.0,0.003491613017106859,0.03534921665226311,-0.012,0.05511173184357542,0.9999990246872782,0.0,0.0,-0.001396647590636506,0.0,0.0,0.04,1.0,0.0,0.0,0.0,0.03601830906011341,-0.01182539167386845,0.11091342169750877,0.9999615951714335,0.0,0.0,0.008764027738558939,-5.127412105864556,0.4684945071348325,0.8604216932129843,5.220169297708017,4.930161007625774,0.45047156414854783,0.827321345429233,5.019349838357838,0.0,0.0,0.0,0.0,0.03754019882674015,-0.28907991040601677,0.03673927768240903,-0.28907991040601677
20024576,4888,32,0.72,0,12,6,30,-0.01365921787709497,-0.10030726256983238,0,0,,0.03561330998135657,-0.011790943967099772,0.06585474860335196,0.9999912221969183,0.0,0.0,0.004189931874569527,0.035418112065800464,-0.012,0.0551340782122905,0.999998595549781,0.0,0.0,-0.0016759768690221505,0.0,0.0,0.04,1.0,0.0,0.0,0.0,0.03620393138530484,-0.011790943967099772,0.1116956307399511,0.9999447596673671,0.0,0.0,0.010510833162572703,-6.1304721667538065,0.5601446649825813,1.0466306120978375,6.244348378432441,5.96385146829088,0.5449204387270855,1.0181841370341125,6.074632627351691,0.0,0.0,0.0,0.0,0.0359916822863522,-0.2905022374844361,0.035151497799288486,-0.2905022374844361
20028672,4889,32,0.84,0,12,7,35,-0.013435754189944133,-0.11374301675977652,0,0,,0.03570782054983761,-0.011756753816399623,0.06649720670391061,0.9999880524410062,0.0,0.0,0.004888248688785016,0.03548649236720076,-0.012,0.055156424581005586,0.9999980883873635,0.0,0.0,-0.00195530601663965,0.0,0.0,0.04,1.0,0.0,0.0,0.0,0.03637998885310587,-0.011756753816399623,0.11247758077171945,0.9999249123996451,0.0,0.0,0.01225436912134085,-7.116236735437569,0.6502145240501332,1.2334935271819791,7.251559176044607,7.010743582970812,0.6405755558044397,1.2152078622206426,7.144059964562409,0.0,0.0,0.0,0.0,0.03445684341232473,-0.29164232433022297,0.03356900932847486,-0.29164232433022297
20032768,4890,32,0.96,0,12,8,40,-0.013212290502793295,-0.12695530726256982,0,0,,0.03579884406604366,-0.011722863343876015,0.06713966480446927,0.9999843950345001,0.0,0.0,0.005586563119214648,0.035554273312247975,-0.012,0.05517877094972067,0.9999975032000652,0.0,0.0,-0.002234635011694339,0.0,0.0,0.04,1.0,0.0,0.0,0.0,0.03654511241447721,-0.011722863343876015,0.11325922882615112,0.9999020778795212,0.0,0.0,0.013994093476028615,-8.081973917268359,0.7384544695981242,1.4191647200285258,8.238789104331362,8.067396797648502,0.7371225500389494,1.4166050317523815,8.22392914369229,0.0,0.0,0.0,0.0,0.0329344379911142,-0.29247178433790777,0.03199718893600244,-0.29247178433790777
20036864,4891,32,1.08,0,12,9,45,-0.012988826815642458,-0.13994413407821227,0,0,,0.03588593210592241,-0.011689314302434814,0.06778212290502793,0.9999802499791833,0.0,0.0,0.006284874825320906,0.03562137139513038,-0.012,0.05520111731843576,0.9999968399879319,0.0,0.0,-0.0025139638323915642,0.0,0.0,0.04,1.0,0.0,0.0,0.0,0.03669803270182231,-0.011689314302434814,0.1140405320295993,0.9998762843068876,0.0,0.0,0.015729465364470663,-9.026101049158163,0.824719892816482,1.6019116710658539,9.20417210036396,9.129461423755696,0.8341639879573732,1.6202556037884959,9.30957161572198,0.0,0.0,0.0,0.0,0.03142101555123303,-0.2929699650860738,0.03044041690450562,-0.2929699650860738
20040960,4892,32,1.2,0,12,10,50,-0.01276536312849162,-0.15270949720670388,0,0,,0.035968655633403,-0.011656148024340379,0.0684245810055866,0.9999756172770775,0.0,0.0,0.006983183466567604,0.03568770395131925,-0.012,0.05522346368715084,0.9999960987510151,0.0,0.0,-0.0027932924569366857,0.0,0.0,0.04,1.0,0.0,0.0,0.0,0.0368375913332455,-0.011656148024340379,0.114821447614639,0.9998475635351978,0.0,0.0,0.01745994538160635,-9.94832767470783,0.9089842545418322,1.780196711244311,10.147146211082589,10.191904490333481,0.931240004192907,1.823783398403254,10.395590938940428,0.0,0.0,0.0,0.0,0.029911238119149187,-0.29312446255444574,0.0289013298652798,-0.29312446255444574
20045056,4893,32,1.3199999999999998,0,12,11,55,-0.012541899441340782,-0.16525139664804467,0,0,,0.03604660711402662,-0.011623405370294382,0.06906703910614526,0.9999704969304417,0.0,0.0,0.00768148870242005,0.03575318925941124,-0.012,0.05524581005586592,0.9999952794893728,0.0,0.0,-0.0030726208635350805,0.0,0.0,0.04,1.0,0.0,0.0,0.0,0.03696275110649813,-0.011623405370294382,0.11560193293324048,0.9998159510318495,0.0,0.0,0.019184995759142474,-10.849733040737451,0.9913461661587519,1.952742052128119,11.068544429986138,11.249277666454503,1.0278527817065028,2.024652355304246,11.47614684977902,0.0,0.0,0.0,0.0,0.028398484607667505,-0.29293142996705485,0.02738027127141295,-0.29293142996705485
20049152,4894,32,1.44,0,12,12,60,-0.012318435754189944,-0.17756983240223462,0,0,,0.03611940252265033,-0.011591126679095625,0.06970949720670391,0.9999648889417729,0.0,0.0,0.008379790192345214,0.03581774664180875,-0.012,0.05526815642458101,0.999994382203069,0.0,0.0,-0.0033519490303921397,0.0,0.0,0.04,1.0,0.0,0.0,0.0,0.03707260498267954,-0.011591126679095625,0.11638194546990574,0.9997814858340773,0.0,0.0,0.02090408054435066,-11.732773258865196,1.0720300439572261,2.1185736417011793,11.970612809476389,12.296014563415483,1.1234937164542065,2.220277489155659,12.545271794723664,0.0,0.0,0.0,0.0,0.02687567348923311,-0.29239567357170687,0.025875022562024532,-0.29239567357170687
20053248,4895,32,1.56,0,12,13,65,-0.012094972067039106,-0.18966480446927372,0,0,,0.036186683235332896,-0.011559351717942824,0.07035195530726257,0.9999587933138059,0.0,0.0,0.009078087595811888,0.03588129656411435,-0.012,0.05529050279329609,0.9999934068921735,0.0,0.0,-0.0036312769357132765,0.0,0.0,0.04,1.0,0.0,0.0,0.0,0.03716638377251576,-0.011559351717942824,0.11716144285476436,0.9997442105004112,0.0,0.0,0.022616665777907673,-12.601216479418062,1.1513801859366757,2.2770411556314545,12.856953352881247,13.326743300975755,1.2176719767389015,2.408143929312051,13.597204464055098,0.0,0.0,0.0,0.0,0.02533620576661747,-0.29153053297097586,0.024380864868976573,-0.29153053297097586
20057344,4896,32,1.68,0,12,14,70,-0.011871508379888268,-0.20153631284916199,0,0,,0.036248117796082724,-0.011528119633441596,0.07099441340782123,0.9999522100495132,0.0,0.0,0.009776380572290862,0.03594376073311681,-0.012,0.05531284916201117,0.9999923535567626,0.0,0.0,-0.003910604557703921,0.0,0.0,0.04,1.0,0.0,0.0,0.0,0.037243462451700536,-0.011528119633441596,0.11794038287662424,0.9997041710577639,0.0,0.0,0.024322219670688528,-13.46000768740888,1.2298484181388822,2.4278135712834046,13.732392829132609,14.33659938047498,1.3099430906017748,2.5859264979863363,14.626723780458793,0.0,0.0,0.0,0.0,0.023774910951138,-0.2903575489843171,0.022890980784220402,-0.2903575489843171
20061440,4897,32,1.7999999999999998,0,12,15,75,-0.01164804469273743,-0.2131843575418994,0,0,,0.03630340354976375,-0.01149746890337603,0.07163687150837988,0.9999451391521051,0.0,0.0,0.01047466878125508,0.03600506219324794,-0.012,0.05533519553072626,0.9999912221969183,0.0,0.0,-0.004189931874569527,0.0,0.0,0.04,1.0,0.0,0.0,0.0,0.03730336504620166,-0.01149746890337603,0.11871872349597366,0.999661416944214,0.0,0.0,0.026020212779423752,-14.315067937128271,1.3079757506005525,2.5708519758104607,14.602782285930495,15.3215236698431,1.3999361728790647,2.751601988341295,15.629466477008783,0.0,0.0,0.0,0.0,0.0221888734363707,-0.28890592731108106,0.021397162884151118,-0.28890592731108106
20065536,4898,32,1.92,0,12,16,80,-0.011424581005586592,-0.224608938547486,0,0,,0.036352268133114984,-0.011467437289304229,0.07227932960893854,0.99993758062503,0.0,0.0,0.011172951882179817,0.03606512542139154,-0.012,0.055357541899441344,0.999990012812729,0.0,0.0,-0.004469258864515575,0.0,0.0,0.04,1.0,0.0,0.0,0.0,0.03734576804345506,-0.011467437289304229,0.11949642285793043,0.9996160009475576,0.0,0.0,0.02771011818113367,-15.173035884767566,1.3863687610447524,2.706363312284335,15.474735496289549,16.278530678053386,1.4873784375886345,2.9035466955697906,16.6022118727079,0.0,0.0,0.0,0.0,0.02057802633730292,-0.2872118113484848,0.019890755542275495,-0.2872118113484848
20069632,4899,32,2.04,0,12,17,85,-0.011201117318435753,-0.23581005586592177,0,0,,0.036394470816538245,-0.011438061790036248,0.0729217877094972,0.9999295344719737,0.0,0.0,0.011871229534542834,0.03612387641992751,-0.012,0.05537988826815642,0.9999887254042891,0.0,0.0,-0.004748585505747565,0.0,0.0,0.04,1.0,0.0,0.0,0.0,0.0373705023008283,-0.011438061790036248,0.1202734393051341,0.9995679791397083,0.0,0.0,0.02939141164625453,-16.04096225344401,1.465671677979656,2.83474046331474,16.355317697262905,17.205933274878397,1.572115730699549,3.0406128069355303,17.543118707116502,0.0,0.0,0.0,0.0,0.018945423806141216,-0.2853173822703814,0.018363723998817735,-0.2853173822703814
20073728,4900,32,2.16,0,12,18,90,-0.010977653631284915,-0.2467877094972067,0,0,,0.03642980369004382,-0.011409378596051727,0.07356424581005587,0.9999210006968601,0.0,0.0,0.012569501397824551,0.03618124280789655,-0.012,0.05540223463687151,0.9999873599716989,0.0,0.0,-0.00502791177647103,0.0,0.0,0.04,1.0,0.0,0.0,0.0,0.03737755343846461,-0.011409378596051727,0.12104973139057736,0.9995174108070263,0.0,0.0,0.031063571810373128,-16.925970270679667,1.5465353546813907,2.9564952370221387,17.251698620534327,18.103511579647417,1.6541279615921496,3.162178882667593,18.451900880769387,0.0,0.0,0.0,0.0,0.017297138575284015,-0.2832698087736373,0.016809723856061658,-0.2832698087736373
20077824,4901,32,2.28,0,12,19,95,-0.010754189944134077,-0.25754189944134076,0,0,,0.036458092687511455,-0.011381423044913392,0.07420670391061453,0.9999119793038506,0.0,0.0,0.01326776713150821,0.036237153910173216,-0.012,0.055424581005586594,0.999985916515065,0.0,0.0,-0.0053072376548915275,0.0,0.0,0.04,1.0,0.0,0.0,0.0,0.03736706071945198,-0.011381423044913392,0.12182525789037267,0.9994643583766687,0.0,0.0,0.032726080344488546,-17.83489705550783,1.6295845025337106,3.0721913331535045,18.170785844837958,18.97261586976354,1.7335385058667194,3.268171711949279,19.329931583730747,0.0,0.0,0.0,0.0,0.015641775090360036,-0.281120072641997,0.01522503800196209,-0.281120072641997
20081920,4902,32,2.4,0,12,20,100,-0.010530726256983241,-0.268072625698324,0,0,,0.036479198444220824,-0.011354229577731339,0.07484916201117318,0.9999024702973445,0.0,0.0,0.013966026395080045,0.036291540844537326,-0.012,0.05544692737430167,0.9999843950345001,0.0,0.0,-0.005586563119214648,0.0,0.0,0.04,1.0,0.0,0.0,0.0,0.03733931443602518,-0.011354229577731339,0.12259997781645016,0.9994088873390526,0.0,0.0,0.03437842212372173,-18.773932305337098,1.715384677645014,3.1823841692294024,19.11885581822932,19.816195997673546,1.8106168931884459,3.3590591151442317,20.180268469253477,0.0,0.0,0.0,0.0,0.013989635119945587,-0.2789216993692929,0.013609257648287645,-0.2789216993692929
20086016,4903,32,2.52,0,12,21,105,-0.010307262569832401,-0.2783798882681564,0,0,,0.036493016983426725,-0.011327831696731737,0.07549162011173184,0.9998924736819791,0.0,0.0,0.01466427884802944,0.03634433660653653,-0.012,0.05546927374301676,0.9999827955301228,0.0,0.0,-0.005865888147646014,0.0,0.0,0.04,1.0,0.0,0.0,0.0,0.03729475183603451,-0.011327831696731737,0.12337385042918286,0.9993510661665301,0.0,0.0,0.0360200853943959,-19.74827135375405,1.8044105805460555,3.287573551336981,20.10120043331094,20.63875288287498,1.8857743750850235,3.435815565569562,21.007596106045018,0.0,0.0,0.0,0.0,0.012351616719946433,-0.2767294254477471,0.011965609085065925,-0.2767294254477471
20090112,4904,32,2.6399999999999997,0,12,22,110,-0.010083798882681565,-0.288463687150838,0,0,,0.036499480228596795,-0.011302261923982255,0.0761340782122905,0.9998819894626292,0.0,0.0,0.015362524149849104,0.0363954761520355,-0.012,0.055491620111731844,0.9999811180020579,0.0,0.0,-0.006145212718391282,0.0,0.0,0.04,1.0,0.0,0.0,0.0,0.03723395163903556,-0.011302261923982255,0.12414683524993544,0.9992909662283785,0.0,0.0,0.037650561939412894,-20.27106621975446,1.8521786393684276,3.3080895628775737,20.62256404896885,20.93930062264695,1.9132355898865232,3.4171405239765082,21.302385555345527,0.0,0.0,0.0,0.0,0.011557248082992107,-0.00616953450614195,0.01111157229107533,0.00020830123935598784
20094208,4905,32,2.76,0,12,23,115,-0.009860335195530725,-0.2983240223463687,0,0,,0.03649855633878805,-0.011277551761325008,0.07677653631284917,0.9998710176444076,0.0,0.0,0.016060761960035235,0.03644489647734998,-0.012,0.05551396648044693,0.9999793624504365,0.0,0.0,-0.006424536809656143,0.0,0.0,0.04,1.0,0.0,0.0,0.0,0.03715762720590657,-0.011277551761325008,0.12491889207353254,0.9992286617022146,0.0,0.0,0.03926934724185324,-20.37501749359904,1.8616767253034654,3.2542227256240697,20.71707372294581,20.77556335294128,1.8982748241266143,3.318196434531835,21.124343954739267,0.0,0.0,0.0,0.0,0.011552194796141826,-0.006260493669447018,0.011002319069457351,-0.0017582567497676687
20098304,4906,32,2.88,0,12,24,120,-0.009636871508379889,-0.30796089385474856,0,0,,0.036490249865510124,-0.011253731651566453,0.07741899441340783,0.9998595582326646,0.0,0.0,0.016758991938087678,0.0364925366968671,-0.012,0.05553631284916201,0.9999775288753953,0.0,0.0,-0.006703860399646328,0.0,0.0,0.04,1.0,0.0,0.0,0.0,0.03706661843972993,-0.011253731651566453,0.12568998098064282,0.9991642294819431,0.0,0.0,0.04087594064672991,-20.50791578081056,1.8738197160131476,3.201230518354866,20.840673857449644,20.625592770822422,1.8845719282984956,3.2195995801240107,20.96026025499368,0.0,0.0,0.0,0.0,0.011581565388586738,-0.005731823005438604,0.010902733778408382,-0.0035507919886490795
20102400,4907,32,3.0,0,12,25,125,-0.009413407821229049,-0.31737430167597763,0,0,,0.03647460173030245,-0.011230830940971968,0.07806145251396648,0.9998476112329886,0.0,0.0,0.017457213743510103,0.03653833811805607,-0.012,0.055558659217877095,0.9999756172770775,0.0,0.0,-0.006983183466567604,0.0,0.0,0.04,1.0,0.0,0.0,0.0,0.03696188250863165,-0.011230830940971968,0.1264600623500751,0.9990977490823593,0.0,0.0,0.042469845520828414,-20.665094297526053,1.8881812048500963,3.149158253360603,20.988771957708774,20.49521433297891,1.8726591776325907,3.123270208296212,20.81623116090774,0.0,0.0,0.0,0.0,0.011642452917825879,-0.004635847479134071,0.01082267283180786,-0.0049918890274584715
20106496,4908,32,3.12,0,12,26,130,-0.009189944134078212,-0.32656424581005583,0,0,,0.036451689023135773,-0.011208877843111406,0.07870391061452514,0.9998351766512056,0.0,0.0,0.01815542703581017,0.03658224431377719,-0.012,0.05558100558659218,0.9999736276556324,0.0,0.0,-0.007262505988625783,0.0,0.0,0.04,1.0,0.0,0.0,0.0,0.0368444834932212,-0.011208877843111406,0.12722909687098255,0.9990293025405235,0.0,0.0,0.044050569410568396,-20.840985062344835,1.9042524422447056,3.0980316414762856,21.155865280915922,20.389548626726953,1.8630044430511936,3.03092519917158,20.69760822702625,0.0,0.0,0.0,0.0,0.01172883106529397,-0.003081040824708412,0.010770060229444928,-0.005938915869991259
20110592,4909,32,3.2399999999999998,0,12,27,135,-0.008966480446927372,-0.3355307262569832,0,0,,0.03642162462263119,-0.011187899404100103,0.0793463687150838,0.9998222544933794,0.0,0.0,0.018853631474499675,0.03662420119179979,-0.012,0.055603351955307266,0.9999715600112149,0.0,0.0,-0.007541827944026714,0.0,0.0,0.04,1.0,0.0,0.0,0.0,0.0367155810720858,-0.011187899404100103,0.12799704555497127,0.9989589743140336,0.0,0.0,0.04561762419782468,-21.029320361576765,1.9214607436973694,3.047901097129736,21.33574529650375,20.3128145152366,1.8559932044378615,2.9440537583850075,20.608799014925324,0.0,0.0,0.0,0.0,0.011832150588802572,-0.001221289401553605,0.010750103282346152,-0.006298140917769246
20114688,4910,32,3.36,0,12,28,140,-0.008743016759776536,-0.3442737430167597,0,0,,0.03638455663996773,-0.011167921469278185,0.07998882681564246,0.9998088447658114,0.0,0.0,0.019551826719094743,0.03666415706144364,-0.012,0.055625698324022345,0.9999694143439866,0.0,0.0,-0.007821149310976293,0.0,0.0,0.04,1.0,0.0,0.0,0.0,0.03657641836835463,-0.011167921469278185,0.1287638697481097,0.9988868511763251,0.0,0.0,0.047170526253648426,-21.22336122341681,1.9391903655913836,2.9988783185216636,21.52172837071721,20.268164741552063,1.85191352968496,2.8639082735208845,20.553103325562926,0.0,0.0,0.0,0.0,0.0119421854803258,0.0007593386458644908,0.010764777221274061,-0.006034010017066887
20118784,4911,32,3.48,0,12,29,145,-0.008519553072625698,-0.3527932960893854,0,0,,0.03634066768921799,-0.011148968651369226,0.08063128491620111,0.9997949474750413,0.0,0.0,0.02025001242911598,0.03670206269726155,-0.012,0.05564804469273743,0.9999671906541148,0.0,0.0,-0.008100470067680462,0.0,0.0,0.04,1.0,0.0,0.0,0.0,0.036428309088557424,-0.011148968651369226,0.12952953114283475,0.9988130221091285,0.0,0.0,0.048708796589831634,-21.416144422568745,1.956805074143337,2.9511621033598714,21.706904104151356,20.257560607009403,1.8509446239907066,2.791508312155436,20.532590591656284,0.0,0.0,0.0,0.0,0.012048045081006232,0.002664811458112286,0.010812629699061804,-0.0051726654168875
20122880,4912,32,3.5999999999999996,0,12,30,150,-0.00829608938547486,-0.3610893854748603,0,0,,0.03629017398770653,-0.011131064300157499,0.08127374301675977,0.999780562627846,0.0,0.0,0.020948188264088646,0.036737871399685006,-0.012,0.055670391061452516,0.9999648889417729,0.0,0.0,-0.008379790192345214,0.0,0.0,0.04,1.0,0.0,0.0,0.0,0.03627262409177527,-0.011131064300157499,0.1302939917897515,0.9987375781922219,0.0,0.0,0.05023196100826137,-21.600738720306158,1.9736715582005626,2.905051580521856,21.88439209500863,20.281690887554923,1.8531494211979118,2.727654777526612,20.54802298570299,0.0,0.0,0.0,0.0,0.012139251979707876,0.0043065356347418695,0.010888924536086225,-0.00379935835044792
20126976,4913,32,3.7199999999999998,0,12,31,155,-0.00807262569832402,-0.3691620111731843,0,0,,0.036233324290823085,-0.011114230473721134,0.08191620111731844,0.9997656902312404,0.0,0.0,0.021646353883542812,0.036771539052557735,-0.012,0.055692737430167595,0.9999625092071408,0.0,0.0,-0.008659109663176585,0.0,0.0,0.04,1.0,0.0,0.0,0.0,0.03611077753234698,-0.011114230473721134,0.1310572141093226,0.9986606124906166,0.0,0.0,0.05173955024801267,-21.770500613467156,1.989182797169588,2.860946387195381,22.04759758776306,20.33993845571126,1.858471534024379,2.6729506350738887,20.598827100649263,0.0,0.0,0.0,0.0,0.01220677901054314,0.005522022189776649,0.010986110481729332,-0.0020500113288720073
20131072,4914,32,3.84,0,12,32,160,-0.007849162011173184,-0.3770111731843575,0,0,,0.03617039866653812,-0.011098487911256678,0.0825586592178771,0.999750330292477,0.0,0.0,0.022344508947013526,0.03680302417748665,-0.012,0.05571508379888268,0.9999600514504039,0.0,0.0,-0.008938428458380665,0.0,0.0,0.04,1.0,0.0,0.0,0.0,0.035944212723100395,-0.011098487911256678,0.13181916090344326,0.9985822199393177,0.0,0.0,0.05323110013013201,-21.919319843858535,2.0027804933474807,2.8193346602172524,22.190456508332723,20.430396214748736,1.866736709977042,2.6278244297963997,20.68311525544037,0.0,0.0,0.0,0.0,0.012243942712963278,0.006190968833339111,0.01109456859635222,-9.776526566000828e-05
20135168,4915,32,3.96,0,12,33,165,-0.007625698324022346,-0.38463687150837983,0,0,,0.03610170711565815,-0.011083856007528495,0.08320111731843575,0.9997344828190463,0.0,0.0,0.02304265311404099,0.036832287984943014,-0.012,0.055737430167597767,0.9999575156717541,0.0,0.0,-0.009217746556163597,0.0,0.0,0.04,1.0,0.0,0.0,0.0,0.03577438786818839,-0.011083856007528495,0.1325797953668994,0.9985024972258053,0.0,0.0,0.05470615170006653,-22.0418453070793,2.013975713337195,2.7807709029578658,22.307660781217358,20.54993201264472,1.877658762576675,2.592553037298168,20.797755633822735,0.0,0.0,0.0,0.0,0.012247064824561393,0.0062471668421051904,0.01120356428195306,0.001864157075155114
20139264,4916,32,4.08,0,12,34,170,-0.0074022346368715075,-0.39203910614525134,0,0,,0.036027588044618,-0.011070352788974504,0.08384357541899441,0.9997181478186764,0.0,0.0,0.023740786044170726,0.036859294422051,-0.012,0.05575977653631285,0.9999549018713892,0.0,0.0,-0.009497063934731579,0.0,0.0,0.04,1.0,0.0,0.0,0.0,0.035602761815104425,-0.011070352788974504,0.13333908109870443,0.9984215426703824,0.0,0.0,0.05616425136769615,-22.133682773592277,2.0223669539322895,2.7458467158973807,22.39485555670269,20.694300276736712,1.8908497714784815,2.56728069313742,20.938488650315755,0.0,0.0,0.0,0.0,0.012215836335605582,0.005685054040900582,0.011302309734660032,0.003641575223880606
20143360,4917,32,4.2,0,12,35,175,-0.007178770949720669,-0.39921787709497203,0,0,,0.03594840659833379,-0.0110579948914977,0.08448603351955307,0.9997013252993332,0.0,0.0,0.02443890739695372,0.036884010217004604,-0.012,0.05578212290502793,0.9999522100495132,0.0,0.0,-0.009776380572290862,0.0,0.0,0.04,1.0,0.0,0.0,0.0,0.03543077997433326,-0.0110579948914977,0.1340969821133115,0.9983394561045412,0.0,0.0,0.057604951044929964,-22.191556951703173,2.027654949901813,2.7151579505637615,22.448801019944394,20.858296281466593,1.9058341780020238,2.5520322484399642,21.100085219651636,0.0,0.0,0.0,0.0,0.012153348073152085,0.004560265316737619,0.01138103166325372,0.0050585699385669895
20147456,4918,32,4.32,0,12,36,180,-0.006955307262569831,-0.40617318435754185,0,0,,0.03586455286132971,-0.011046797539970789,0.08512849162011174,0.9996840152692201,0.0,0.0,0.025137016831946617,0.03690640492005843,-0.012,0.05580446927374302,0.999949440206336,0.0,0.0,-0.01005569644704776,0.0,0.0,0.04,1.0,0.0,0.0,0.0,0.03525986055237374,-0.011046797539970789,0.13485346285169794,0.9982563387474991,0.0,0.0,0.05902780828082996,-22.21343182368407,2.0296536691691025,2.6892720123130576,22.46749276974273,21.035947307505747,1.9220662514472253,2.5467196962448075,21.27654104901339,0.0,0.0,0.0,0.0,0.012065784787688251,0.0029841261783886373,0.011431938596710307,0.005974894740785548
20151552,4919,32,4.4399999999999995,0,12,37,185,-0.006731843575418993,-0.41290502793296086,0,0,,0.035776439936000784,-0.01103677452947922,0.0857709497206704,0.9996662177367788,0.0,0.0,0.025835114008711864,0.036926450941041564,-0.012,0.0558268156424581,0.999946592342074,0.0,0.0,-0.01033501153720864,0.0,0.0,0.04,1.0,0.0,0.0,0.0,0.035091381239588784,-0.01103677452947922,0.1356084881923181,0.9981722930810585,0.0,0.0,0.06043238639422901,-22.198584805093514,2.02829708879027,2.6686987908648483,22.450236294206064,21.22073353384957,1.9389502721283873,2.5511421750658276,21.46129973393583,0.0,0.0,0.0,0.0,0.011961813019956032,0.0011126343592086784,0.011449992041892948,0.00629985675407308
20155648,4920,32,4.56,0,12,38,190,-0.006508379888268155,-0.419413407821229,0,0,,0.035684501907478905,-0.011027938208325698,0.08641340782122905,0.9996479327106882,0.0,0.0,0.026533198586817894,0.03694412358334861,-0.012,0.05584916201117318,0.999943666456949,0.0,0.0,-0.010614325820979936,0.0,0.0,0.04,1.0,0.0,0.0,0.0,0.03492666648854269,-0.011027938208325698,0.13636202346192192,0.9980874227229488,0.0,0.0,0.0618182546038123,-22.14763204216222,2.0236415063904567,2.6538680756563044,22.397672776080654,21.405830373398064,1.9558626737114984,2.564980750661286,21.647496368503493,0.0,0.0,0.0,0.0,0.011851723333589375,-0.0008689799953911459,0.011433405166370916,0.006001292994676496
20159744,4921,32,4.68,0,12,39,195,-0.006284916201117319,-0.4256983240223463,0,0,,0.035589191705128136,-0.01102029946281714,0.08705586592178771,0.999629160199865,0.0,0.0,0.02723127022583928,0.036959401074365725,-0.012,0.05587150837988827,0.9999406625511896,0.0,0.0,-0.010893639276568142,0.0,0.0,0.04,1.0,0.0,0.0,0.0,0.03476697551124608,-0.01102029946281714,0.13711403444623455,0.9980018322988051,0.0,0.0,0.06318498815563463,-22.062504002454258,2.0158633098689167,2.6451153921685964,22.3117552689221,21.58436315081552,1.972175313272484,2.5877901798466616,21.828212618248777,0.0,0.0,0.0,0.0,0.011746411810743155,-0.0027645874066230926,0.011383819649436298,0.005108753689853401
20163840,4922,32,4.8,0,12,40,200,-0.006061452513966481,-0.4317597765363128,0,0,,0.035490978871204656,-0.011013867703852789,0.08769832402234637,0.9996099002134639,0.0,0.0,0.027929328585356905,0.036972264592294427,-0.012,0.05589385474860335,0.99993758062503,0.0,0.0,-0.011172951882179817,0.0,0.0,0.04,1.0,0.0,0.0,0.0,0.03461349111512855,-0.011013867703852789,0.13786448740049567,0.997915627312947,0.0,0.0,0.06453216844804882,-21.946372363133527,2.005252297139104,2.6426770821750782,22.195676129308296,21.749664549873106,1.9872789944046494,2.6189904691263846,21.99673377824498,0.0,0.0,0.0,0.0,0.011656301616771534,-0.004386570898112268,0.011306143197560457,0.0037105775560882554
20167936,4923,32,4.92,0,12,41,205,-0.005837988826815641,-0.43759776536312844,0,0,,0.035390347247673835,-0.011008650855330029,0.08834078212290503,0.999590152760877,0.0,0.0,0.028627373324958134,0.03698269828933995,-0.012,0.05591620111731844,0.9999344206787109,0.0,0.0,-0.01145226361602159,0.0,0.0,0.04,1.0,0.0,0.0,0.0,0.03446730948769535,-0.011008650855330029,0.13861334905985315,0.9978289140181155,0.0,0.0,0.06585938315402311,-21.803530997382694,1.992200801791312,2.646694271156352,22.053748401427313,21.895525135999897,2.000606357604051,2.6578612862461255,22.14679826512661,0.0,0.0,0.0,0.0,0.011590311371655282,-0.005574395310204804,0.011208063806132164,0.001945148510378963
20172032,4924,32,5.04,0,12,42,210,-0.0056145251396648044,-0.44321229050279326,0,0,,0.03528779259258036,-0.011004655344382185,0.08898324022346368,0.9995699178517344,0.0,0.0,0.02932540410423696,0.036990689311235635,-0.012,0.05593854748603352,0.9999311827124786,0.0,0.0,-0.01173157445630015,0.0,0.0,0.04,1.0,0.0,0.0,0.0,0.034329431028811024,-0.011004655344382185,0.1393605866496098,0.9977417992843302,0.0,0.0,0.06716622634082853,-21.63923554620957,1.9771890346790468,2.6572242515297995,21.89124556132229,22.01642748951055,2.0116532731532484,2.703542134482767,22.272830272894993,0.0,0.0,0.0,0.0,0.011554972433198548,-0.006210496202426033,0.01109928884322533,-1.2800821944020172e-05
20176128,4925,32,5.16,0,12,43,215,-0.005391061452513966,-0.4486033519553072,0,0,,0.035183820137714164,-0.011001886093460322,0.08962569832402234,0.9995491954959038,0.0,0.0,0.030023420582794193,0.03699622781307936,-0.012,0.0559608938547486,0.9999278667265858,0.0,0.0,-0.012010884381222262,0.0,0.0,0.04,1.0,0.0,0.0,0.0,0.03420075231751253,-0.011001886093460322,0.14010616789531832,0.9976543904670321,0.0,0.0,0.06845229858707955,-21.459507587629357,1.9607671907478597,2.674256884653089,21.714205575266842,22.10775505931395,2.019997924201274,2.755040670442789,22.370146947934714,0.0,0.0,0.0,0.0,0.011553782458533427,-0.006231915746398221,0.010990584266772466,-0.001969483198095583
20180224,4926,32,5.279999999999999,0,12,44,220,-0.005167597765363128,-0.45377094972067034,0,0,,0.03507894209960437,-0.011000346514268804,0.090268156424581,0.9995279857034906,0.0,0.0,0.030721422420237617,0.0369993069714624,-0.012,0.05598324022346369,0.9999244727212915,0.0,0.0,-0.01229019336899476,0.0,0.0,0.04,1.0,0.0,0.0,0.0,0.034082059287324364,-0.011000346514268804,0.140850061032723,0.9975667952746713,0.0,0.0,0.06971720709711446,-21.27091072893449,1.9435349904610193,2.69773299104669,21.52920655269089,22.16596775150126,2.0253168503909778,2.8112506908488815,22.435132385432222,0.0,0.0,0.0,0.0,0.011586859224920816,-0.005636533951425205,0.01089270906823528,-0.0037312367717649347
20184320,4927,32,5.3999999999999995,0,12,45,225,-0.004944134078212288,-0.45871508379888265,0,0,,0.03497367515610312,-0.011000038503562097,0.09091061452513967,0.9995062884848378,0.0,0.0,0.031419409276182156,0.036999922992875814,-0.012,0.056005586592178774,0.9999210006968601,0.0,0.0,-0.012569501397824551,0.0,0.0,0.04,1.0,0.0,0.0,0.0,0.033974021670371925,-0.011000038503562097,0.1415922348175433,0.9974791216359071,0.0,0.0,0.07096056581270421,-21.080307004332273,1.926119421715639,2.7275614289853785,21.343122329511658,22.188737478955044,2.027397333102491,2.870980223060422,22.46537198217424,0.0,0.0,0.0,0.0,0.011650928972793684,-0.004483278489713585,0.010815350405778924,-0.005123692695979337
20188416,4928,32,5.52,0,12,46,230,-0.004720670391061452,-0.4634357541899441,0,0,,0.03486853790099085,-0.01100096244080797,0.09155307262569833,0.9994841038505262,0.0,0.0,0.03211738081025004,0.036998075118384065,-0.012,0.05602793296089385,0.9999174506535627,0.0,0.0,-0.012848808445918623,0.0,0.0,0.04,1.0,0.0,0.0,0.0,0.033877188756320877,-0.01100096244080797,0.14233265853509824,0.9973914775665823,0.0,0.0,0.07218199552208113,-20.89460271725362,1.9091515173125133,2.7636316897455466,21.16286706343176,22.17503838336299,2.026145639089004,2.932988945847778,22.459742153704404,0.0,0.0,0.0,0.0,0.01173965042478532,-0.0028862923538641185,0.01076616482171299,-0.006009033209166175
20192512,4929,32,5.64,0,12,47,235,-0.004497206703910614,-0.4679329608938547,0,0,,0.034764048289142875,-0.011003117187719997,0.09219553072625698,0.9994614318113743,0.0,0.0,0.03281533668207096,0.036993765624560006,-0.012,0.05605027932960894,0.9999138225916764,0.0,0.0,-0.013128114491484029,0.0,0.0,0.04,1.0,0.0,0.0,0.0,0.033791986497468576,-0.011003117187719997,0.14307130200976712,0.9973039710366369,0.0,0.0,0.0733811239662815,-20.7204932875198,1.8932430414992711,2.805819353967208,20.995138331038344,22.12518815373493,2.0215907957727346,2.9960329742393994,22.418452082301652,0.0,0.0,0.0,0.0,0.011844242411090401,-0.0010036366003726594,0.010750020439315007,-0.0062996320923298516
20196608,4930,32,5.76,0,12,48,240,-0.004273743016759776,-0.4722067039106145,0,0,,0.034660721084843416,-0.01100650008965992,0.09283798882681564,0.9994382723784382,0.0,0.0,0.033513276551282264,0.03698699982068016,-0.012,0.056072625698324025,0.9999101165114841,0.0,0.0,-0.013407419512727909,0.0,0.0,0.04,1.0,0.0,0.0,0.0,0.033718715976341115,-0.01100650008965992,0.14380813561428402,0.9972167098371257,0.0,0.0,0.07455758594279842,-20.56421672071654,1.87896396432943,2.8539826063272256,20.84616827220448,22.04083874617559,2.0138837433053838,3.0589139992421006,22.34303594458963,0.0,0.0,0.0,0.0,0.01195435298219273,0.0009783536794692323,0.010768515142299193,-0.005966727438614525
20200704,4931,32,5.88,0,12,49,245,-0.004050279329608938,-0.4762569832402234,0,0,,0.03455906532581809,-0.011011106978908147,0.09348044692737431,0.9994146255630119,0.0,0.0,0.03421120007752909,0.036977786042183707,-0.012,0.0560949720670391,0.9999063324132751,0.0,0.0,-0.013686723487857481,0.0,0.0,0.04,1.0,0.0,0.0,0.0,0.03365755323707477,-0.011011106978908147,0.14454313027886406,0.9971298014475015,0.0,0.0,0.07571102340654318,-20.43132499586452,1.8668215732262001,2.907949106414866,20.72149202828793,21.924916785506365,2.0032918890310385,3.120529000813135,22.236295907568604,0.0,0.0,0.0,0.0,0.012059083988879168,0.0028635117998251276,0.010819818424922484,-0.0050432683513952515
20204800,4932,32,6.0,0,12,50,250,-0.0038268156424580996,-0.48008379888268155,0,0,,0.03445958181547794,-0.011016932179798367,0.09412290502793297,0.9993904913766268,0.0,0.0,0.034909106920464554,0.03696613564040327,-0.012,0.05611731843575419,0.9999024702973445,0.0,0.0,-0.013966026395080045,0.0,0.0,0.04,1.0,0.0,0.0,0.0,0.033608550466847166,-0.011016932179798367,0.1452762575001572,0.9970433529033296,0.0,0.0,0.07684108556811672,-20.326481969743455,1.8572420073877267,2.967493745578116,20.62574207805277,21.78151591659015,1.9901892715666123,3.1799163449880177,22.102198011113074,0.0,0.0,0.0,0.0,0.012148069722147535,0.0044652549986557355,0.01089885256554967,-0.0036206538201059243
20208896,4933,32,6.12,0,12,51,255,-0.0036033519553072633,-0.4836871508379888,0,0,,0.034362760655729636,-0.011023968515709947,0.09476536312849163,0.9993658698310521,0.0,0.0,0.035606996739749895,0.03695206296858011,-0.012,0.056139664804469275,0.9998985301639938,0.0,0.0,-0.014245328212602978,0.0,0.0,0.04,1.0,0.0,0.0,0.0,0.033571638498841046,-0.011023968515709947,0.14600748935002827,0.9969574706645933,0.0,0.0,0.0779474289893939,-20.253295343447384,1.8505549044774259,3.0323090498111034,20.562476112982097,21.615745281369115,1.975042716064183,3.2362940905966404,21.945724805531945,0.0,0.0,0.0,0.0,0.012212502855060096,0.005625051391081847,0.010997795192097265,-0.0018396865422492124
20212992,4934,32,6.24,0,12,52,260,-0.0033798882681564234,-0.48706703910614524,0,0,,0.0342690788325062,-0.011032207317909486,0.09540782122905028,0.9993407609382947,0.0,0.0,0.03630486919505467,0.03693558536418103,-0.012,0.05616201117318436,0.9998945120135303,0.0,0.0,-0.014524628918633757,0.0,0.0,0.04,1.0,0.0,0.0,0.0,0.03354663059383121,-0.011032207317909486,0.14673679848415902,0.9968722604847546,0.0,0.0,0.07902971767642568,-20.214188870909133,1.8469817242455047,3.101971082865239,20.534044847457984,21.433540035404608,1.9583945210014362,3.2890867804714072,21.7726902195997,0.0,0.0,0.0,0.0,0.012246006144362904,0.006228110598532369,0.011106853498144779,0.00012336296660602907
20217088,4935,32,6.359999999999999,0,12,53,265,-0.0031564245810055853,-0.4902234636871508,0,0,,0.034178997865913066,-0.011041638436230667,0.09605027932960894,0.9993151647105991,0.0,0.0,0.03700272394605689,0.036916723127538666,-0.012,0.05618435754189944,0.9998904158462677,0.0,0.0,-0.014803928491379926,0.0,0.0,0.04,1.0,0.0,0.0,0.0,0.033533227443644405,-0.011041638436230667,0.1474641581504713,0.9967878272807276,0.0,0.0,0.08008762316966647,-20.210319371632245,1.846628165935941,3.175904539724957,20.541504675462484,21.241441300170038,1.9408423522998006,3.3379378432881683,21.589523537834395,0.0,0.0,0.0,0.0,0.01224526361555598,0.006214745080007755,0.011215233481987018,0.002074202675766354
20221184,4936,32,6.4799999999999995,0,12,54,270,-0.0029329608938547472,-0.49315642458100556,0,0,,0.034092961536566053,-0.011052250251579208,0.0966927374301676,0.9992890811604475,0.0,0.0,0.0377005606524432,0.03689549949684159,-0.012,0.056206703910614525,0.9998862416625254,0.0,0.0,-0.015083226909049131,0.0,0.0,0.04,1.0,0.0,0.0,0.0,0.0335310233266023,-0.011052250251579208,0.14818954219736674,0.9967042750039249,0.0,0.0,0.08112082463153603,-20.24154131799276,1.8494809326084756,3.2533512022746787,20.584578419132914,21.046354103038087,1.9230171261659168,3.3827059090482092,21.403030513576933,0.0,0.0,0.0,0.0,0.012210348760127492,0.005586277682294964,0.011312208278584552,0.0038197490145219677
20225280,4937,32,6.6,0,12,55,275,-0.002709497206703909,-0.4958659217877095,0,0,,0.034011393699322226,-0.011064029690247532,0.09733519553072625,0.9992625103005597,0.0,0.0,0.03839837897390906,0.03687194061950494,-0.012,0.05622905027932961,0.9998819894626292,0.0,0.0,-0.015362524149849106,0.0,0.0,0.04,1.0,0.0,0.0,0.0,0.03353951333276382,-0.011064029690247532,0.14891292508178272,0.9966217065125353,0.0,0.0,0.08212900893132573,-20.306419888795105,1.8554089238492988,3.33334599644734,20.6616656276009,20.855292634014468,1.9055597330571594,3.4234447326034645,21.22014049396981,0.0,0.0,0.0,0.0,0.012144717261763442,0.004404910711742055,0.01138817984668981,0.005187237240416609
20229376,4938,32,6.72,0,12,56,280,-0.002486033519553071,-0.49835195530726256,0,0,,0.03393469619517433,-0.011076962240021516,0.09797765363128491,0.999235452143893,0.0,0.0,0.03909617857015888,0.03684607551995697,-0.012,0.056251396648044696,0.9998776592469109,0.0,0.0,-0.015641820191987673,0.0,0.0,0.04,1.0,0.0,0.0,0.0,0.033558101565468706,-0.011076962240021516,0.14963428187705943,0.9965402234451861,0.0,0.0,0.08311187072746277,-20.40229150619097,1.8641687670631344,3.4147045258484185,20.769902043450653,20.67512251883196,1.8890974890303311,3.4603678913274525,21.047648952676475,0.0,0.0,0.0,0.0,0.01205486497145336,0.0027875694861605933,0.011435628931095248,0.00604132075971449
20233472,4939,32,6.84,0,12,57,285,-0.0022625698324022347,-0.5006145251396648,0,0,,0.03386324687159568,-0.011091031968059476,0.09862011173184357,0.9992079067036427,0.0,0.0,0.03979395910090621,0.036817936063881056,-0.012,0.056273743016759775,0.9998732510157082,0.0,0.0,-0.015921115013672753,0.0,0.0,0.04,1.0,0.0,0.0,0.0,0.03358611021547169,-0.011091031968059476,0.15035358828061854,0.9964599260961453,0.0,0.0,0.08406911254714548,-20.525369089487707,1.8754144345724808,3.496025187163725,20.90526602725695,20.512309769468175,1.8742211972102898,3.4938008319515736,20.89196499681247,0.0,0.0,0.0,0.0,0.011949684983267494,0.0008943296988149974,0.011449859277874468,0.006297467001740444
20237568,4940,32,6.96,0,12,58,290,-0.0020391061452513966,-0.5026536312849161,0,0,,0.03379739772108832,-0.011106221540521344,0.09926256983240223,0.9991798739932413,0.0,0.0,0.04049172022587389,0.03678755691895732,-0.012,0.05629608938547486,0.9998687647693653,0.0,0.0,-0.016200408593112357,0.0,0.0,0.04,1.0,0.0,0.0,0.0,0.03362278939495677,-0.011106221540521344,0.1510708206214484,0.9963809132922158,0.0,0.0,0.08500044486336547,-20.670887642957233,1.888710546057006,3.5757078645854046,21.062727985885562,20.37268564707514,1.8614636631845307,3.5241240506569325,20.758873229737603,0.0,0.0,0.0,0.0,0.011839587443970224,-0.0010874260085358548,0.011429462444214014,0.005930323995852272
20241664,4941,32,7.08,0,12,59,295,-0.0018156424581005585,-0.5044692737430166,0,0,,0.0337374731471047,-0.011122512243923893,0.0999050279329609,0.9991513540263594,0.0,0.0,0.04118946160479423,0.03675497551215222,-0.012,0.05631843575418995,0.999864200508232,0.0,0.0,-0.016479700908514597,0.0,0.0,0.04,1.0,0.0,0.0,0.0,0.033667327611029495,-0.011122512243923893,0.1517859558673957,0.9963032822714694,0.0,0.0,0.08590558616933351,-20.83328440585651,1.9035488289615086,3.651989854186939,21.23643725238838,20.261235900612704,1.851280437619435,3.5517120824945456,20.653318817950957,0.0,0.0,0.0,0.0,0.011735469212957058,-0.0029615541667728515,0.011376457198470837,0.00497622957247509
20245760,4942,32,7.199999999999999,0,12,60,300,-0.0015921787709497204,-0.5060614525139664,0,0,,0.03368376836588584,-0.011139884008195646,0.10054748603351955,0.9991223468169046,0.0,0.0,0.04188718289740918,0.03672023198360871,-0.012,0.056340782122905025,0.9998595582326646,0.0,0.0,-0.016758991938087678,0.0,0.0,0.04,1.0,0.0,0.0,0.0,0.033718862751984366,-0.011139884008195646,0.15249897163225956,0.9962271285639694,0.0,0.0,0.08678426305032665,-21.00640667310514,1.9193671071872715,3.722998207359681,21.41993947377144,20.181921783670802,1.844033462467383,3.576873464888177,20.57922374815743,0.0,0.0,0.0,0.0,0.011647635350005901,-0.004542563699893667,0.011296089713391159,0.0035296148410408888
20249856,4943,32,7.319999999999999,0,12,61,305,-0.0013687150837988823,-0.5074301675977653,0,0,,0.033636547952089216,-0.01115831543140313,0.10118994413407821,0.9990928523790228,0.0,0.0,0.042584883763470444,0.03668336913719374,-0.012,0.05636312849162011,0.9998548379430252,0.0,0.0,-0.017038281660039914,0.0,0.0,0.04,1.0,0.0,0.0,0.0,0.033776493454799446,-0.01115831543140313,0.15320984618268707,0.9961525458746247,0.0,0.0,0.08763621025297595,-21.183739566881265,1.9355701127099632,3.786816237992194,21.60641642936163,20.13753896651985,1.8399781796820165,3.5997968777353466,20.539341101670335,0.0,0.0,0.0,0.0,0.011584779176156008,-0.00567397482919175,0.011196314328286045,0.0017336579091488228
20253952,4944,32,7.4399999999999995,0,12,62,310,-0.0011452513966480424,-0.5085754189944133,0,0,,0.0335960445353713,-0.011177783806117945,0.10183240223463688,0.9990628707270969,0.0,0.0,0.04328256386273974,0.03664443238776412,-0.012,0.0563854748603352,0.9998500396396821,0.0,0.0,-0.017317570052579716,0.0,0.0,0.04,1.0,0.0,0.0,0.0,0.033839290718971675,-0.011177783806117945,0.15391855844486782,0.9960796259683173,0.0,0.0,0.08846117075201489,-21.35864550790462,1.951551366204483,3.841560641395315,21.788939369064902,20.129619016243993,1.8392545294030045,3.620508243861572,20.53515276074008,0.0,0.0,0.0,0.0,0.011553121855776293,-0.006243806596026619,0.011087006271517198,-0.0002338871126904204
20258048,4945,32,7.56,0,12,63,315,-0.0009217877094972043,-0.5094972067039105,0,0,,0.033562457654346005,-0.01119826514739221,0.10247486033519554,0.9990324018757477,0.0,0.0,0.04398022285498887,0.03660346970521559,-0.012,0.05640782122905028,0.9998451633230099,0.0,0.0,-0.017596857093915595,0.0,0.0,0.04,1.0,0.0,0.0,0.0,0.03390630963000563,-0.01119826514739221,0.15462508801102476,0.9960084585574436,0.0,0.0,0.08925889581450865,-21.52460689174345,1.96671535051463,3.8854646400909725,21.960726458463,20.158376576736764,1.8418821237627498,3.638842734014951,20.566814347639248,0.0,0.0,0.0,0.0,0.011555796659339632,-0.006195660131886523,0.010978984263766381,-0.0021782832522051353
20262144,4946,32,7.68,0,12,64,320,-0.000698324022346368,-0.5101955307262569,0,0,,0.03353595277356492,-0.01121973422230792,0.1031173184357542,0.9990014458398336,0.0,0.0,0.04467786039999996,0.03656053155538416,-0.012,0.05643016759776536,0.9998402089933888,0.0,0.0,-0.01787614276225617,0.0,0.0,0.04,1.0,0.0,0.0,0.0,0.0339766010556221,-0.01121973422230792,0.15532941514570078,0.995939131192002,0.0,0.0,0.09002914506158681,-21.675463502319328,1.9804992032576034,3.9169618943514646,22.115394765101588,20.22270379642164,1.8477597377441093,3.654434432872194,20.63314944235117,0.0,0.0,0.0,0.0,0.011592538849245835,-0.005534300713574877,0.01088293973953425,-0.00390708468838349
20266240,4947,32,7.8,0,12,65,325,-0.0004748603351955299,-0.5106703910614524,0,0,,0.03351666046836223,-0.011242164581063783,0.10375977653631285,0.9989700026344506,0.0,0.0,0.04537547615756558,0.03651567083787244,-0.012,0.05645251396648045,0.9998351766512056,0.0,0.0,-0.01815542703581017,0.0,0.0,0.04,1.0,0.0,0.0,0.0,0.034049223179058,-0.011242164581063783,0.15603152079183705,0.9958717291523627,0.0,0.0,0.09077168652770075,-21.80563646967037,1.9923931799698815,3.93476565422028,22.24719742315064,20.320211969392332,1.8566691139546292,3.666724988965637,20.73169329370984,0.0,0.0,0.0,0.0,0.011659711882118487,-0.004325186121867119,0.01080837866673749,-0.005249183998725152
20270336,4948,32,7.92,0,12,66,330,-0.0002513966480446918,-0.5109217877094971,0,0,,0.03350467578158,-0.011265528589561235,0.10440223463687151,0.9989380722749319,0.0,0.0,0.046073069787488916,0.03646894282087754,-0.012,0.05647486033519553,0.9998300662968527,0.0,0.0,-0.018434709892786436,0.0,0.0,0.04,1.0,0.0,0.0,0.0,0.03412325273666661,-0.011265528589561235,0.15673138657664357,0.9958063353448453,0.0,0.0,0.09148629671742876,-21.91033107938114,2.0019591849180736,3.937937809312255,22.351237164331284,20.447318810774032,1.8682829370250384,3.6749910146169755,20.858784399857246,0.0,0.0,0.0,0.0,0.01175066733421393,-0.0026879879841491604,0.010762680697381316,-0.006071747447136301
20274432,4949,32,8.04,0,12,67,335,-2.793296089385368e-05,-0.510949720670391,0,0,,0.03350005775534315,-0.011289797463449549,0.10504469273743017,0.9989056547768488,0.0,0.0,0.04677064094958397,0.03642040507310091,-0.012,0.05649720670391061,0.9998248779307289,0.0,0.0,-0.018713991311393906,0.0,0.0,0.04,1.0,0.0,0.0,0.0,0.03419779583136089,-0.011289797463449549,0.15742899481725803,0.9957430302002328,0.0,0.0,0.09217276065985187,-21.98571144672489,2.008846731172832,3.9259431004883836,22.423648281139844,20.59937830804714,1.8821766981972006,3.6783884541919103,21.009700555248568,-0.0005618051823692571,-9.413321928209872e-06,-0.011680601447922156,0.011694108083080464,0.011856402926470657,-0.0007847473235280432,0.010750368769488797,-0.006293362149201621
20278528,4950,32,8.16,0,12,68,340,0.00019553072625698442,-0.510754189944134,0,0,,0.03350282914019048,-0.011314941303588,0.10568715083798882,0.9988727501560098,0.0,0.0,0.047468189303675676,0.036370117392824,-0.012,0.0565195530726257,0.9998196115532393,0.0,0.0,-0.018993271269841648,0.0,0.0,0.04,1.0,0.0,0.0,0.0,0.034271998199218515,-0.011314941303588,0.15812432852619282,0.9956818915753409,0.0,0.0,0.09283087196052363,-22.02904096284883,2.0128057732552227,3.8986847453721754,22.46174026133146,20.7708487016331,1.8978440438040394,3.6760107313822026,21.17883430923366,-0.006390554172230919,0.0009470442006551182,-0.16798174537447325,0.16810592748145609,0.011966453521436231,0.0011961633858522606,0.010772661451140465,-0.005892093879471611
20282624,4951,32,8.28,0,12,69,345,0.0004189944134078208,-0.5103351955307261,0,0,,0.033512976282995044,-0.011340929132881483,0.10632960893854748,0.998839358428461,0.0,0.0,0.048165714509600104,0.03631814173423704,-0.012,0.05654189944134078,0.9998142671647944,0.0,0.0,-0.01927254974633883,0.0,0.0,0.04,1.0,0.0,0.0,0.0,0.03434505481371686,-0.011340929132881483,0.1588173714165672,0.9956229946577635,0.0,0.0,0.09346043285105701,-22.038783489523247,2.0136959533574537,3.856519017859857,22.464097756771032,20.955492874761184,1.9147150850035597,3.6669563380647134,21.359901316864267,-0.008552478136302525,0.0037221241507354856,-0.3087956618858925,0.30893649815133833,0.012069926906011372,0.0030586843082048036,0.010827352333191684,-0.004907658002549652
20286720,4952,32,8.4,0,12,70,350,0.0006424581005586606,-0.5096927374301675,0,0,,0.033530449194225716,-0.011367728934444142,0.10697206703910614,0.9988054796104863,0.0,0.0,0.04886321622720462,0.03626454213111172,-0.012,0.05656424581005587,0.9998088447658114,0.0,0.0,-0.019551826719094743,0.0,0.0,0.04,1.0,0.0,0.0,0.0,0.03441621872050458,-0.011367728934444142,0.15950810790712455,0.9955664118739063,0.0,0.0,0.09406125423635213,-22.014661510047272,2.0114919146236088,3.800247805254303,22.4306331722021,21.1466043019037,1.9321770428135359,3.6504007363553677,21.546173840430498,-0.008445827625901884,0.009073744653272394,-0.49286513399206255,0.49302099869207705,0.012156581843833409,0.004618473189001479,0.010909028407724824,-0.003437488660953148
20290816,4953,32,8.52,0,12,71,355,0.0008659217877095005,-0.508826815642458,0,0,,0.03355516179421883,-0.011395307691044033,0.10761452513966481,0.9987711137186066,0.0,0.0,0.04956069411634802,0.036209384617911934,-0.012,0.05658659217877095,0.9998033443567135,0.0,0.0,-0.019831102166318792,0.0,0.0,0.04,1.0,0.0,0.0,0.0,0.034484809005244324,-0.011395307691044033,0.16019652312703114,0.9955122128004186,0.0,0.0,0.09463315573948781,-21.957668821293982,2.0062844608288914,3.731089723405464,22.36258991994199,21.337250749062306,1.949596515142749,3.6256670798471573,21.73073072572812,-0.004490315924604002,0.01719409806620101,-0.6967938571696817,0.6970204296394874,0.012217841697500635,0.005721150555011535,0.01100960581831725,-0.0016270952702895018
20294912,4954,32,8.64,0,12,72,360,0.0010893854748603368,-0.5077374301675976,0,0,,0.03358699233724655,-0.011423631425780196,0.10825698324022347,0.9987362607695809,0.0,0.0,0.05025814783690073,0.03615273714843961,-0.012,0.05660893854748603,0.9997977659379297,0.0,0.0,-0.0201103760662205,0.0,0.0,0.04,1.0,0.0,0.0,0.0,0.03455021780776733,-0.011423631425780196,0.16088260292045717,0.9954604640791315,0.0,0.0,0.09517596574430019,-21.87003685377759,1.9982774790253637,3.6506318710145282,22.26249621957154,21.520527175152868,1.966342584531734,3.5922903519514233,21.906714564921852,0.003934806389299383,0.028220651503394836,-0.9156522097028145,0.916095440991955,0.01224764329778818,0.006257579360187348,0.011119129956459224,0.000344339216266049
20299008,4955,32,8.76,0,12,73,365,0.0013128491620111732,-0.5064245810055865,0,0,,0.03362578401129274,-0.011452665243942043,0.10889944134078212,0.9987009207804053,0.0,0.0,0.050955577048744975,0.036094669512115915,-0.012,0.05663128491620112,0.9997921095098953,0.0,0.0,-0.020389648397009512,0.0,0.0,0.04,1.0,0.0,0.0,0.0,0.034611916307439955,-0.011452665243942043,0.16156633385093677,0.9954112293356009,0.0,0.0,0.0956895214356709,-21.755155301607044,1.987780687456481,3.5607656232731464,22.134071159241124,21.689808792339026,1.9818099404167637,3.55007006166595,22.067586490844413,0.017146764672832316,0.04206518317840962,-1.1426814812249988,1.1435840409472038,0.012243037043368285,0.006174666780629232,0.011226760714902534,0.002281692868245631
20303104,4956,32,8.879999999999999,0,12,74,370,0.001536312849162013,-0.5048882681564245,0,0,,0.0336713457105817,-0.011482373375999479,0.10954189944134078,0.9986650937683137,0.0,0.0,0.05165298141177491,0.036035253248001047,-0.012,0.056653631284916205,0.9997863750730516,0.0,0.0,-0.020668919136895596,0.0,0.0,0.04,1.0,0.0,0.0,0.0,0.03466945961712138,-0.011482373375999479,0.16224770320550702,0.9953645691013548,0.0,0.0,0.09617366883754756,-21.617449388892645,1.9751984213201403,3.4636108909053354,21.982086508985414,21.838995045013984,1.9954411716256435,3.499107583117735,22.20736913557741,0.03506529719614525,0.05838635697611393,-1.3698078443169635,1.3714999351442503,0.012204478836408008,0.0054806190553442526,0.011321845382888392,0.003993216891991087
20307200,4957,32,9.0,0,12,75,375,0.0017597765363128494,-0.5031284916201116,0,0,,0.03372345297705384,-0.011512719221670797,0.11018435754189945,0.9986287797507774,0.0,0.0,0.052350360585896843,0.03597456155665841,-0.012,0.05667597765363128,0.999780562627846,0.0,0.0,-0.02094818826408865,0.0,0.0,0.04,1.0,0.0,0.0,0.0,0.03472249053624587,-0.011512719221670797,0.16292669899862358,0.9953205407399363,0.0,0.0,0.09662826284871784,-21.4622177376947,1.9610148186726124,3.36143391685616,21.81218942052039,21.96273539783697,2.0067473967566776,3.439825491266141,22.320868725928996,0.05716933574862558,0.076594175654604,-1.588272376673488,1.591145544316483,0.012135784959836748,0.004244129277061586,0.011394972993883637,0.005309513889905467
20311296,4958,32,9.12,0,12,76,380,0.0019832402234636892,-0.5011452513966479,0,0,,0.03378184910615016,-0.011543665395014066,0.11082681564245811,0.998591978745505,0.0,0.0,0.053047714231029316,0.035912669209971874,-0.012,0.05669832402234637,0.9997746721747321,0.0,0.0,-0.021227455756798685,0.0,0.0,0.04,1.0,0.0,0.0,0.0,0.034770742127242016,-0.011543665395014066,0.1636033099758525,0.9952791983768309,0.0,0.0,0.09705316727635867,-21.295436367989062,1.9457759117959548,3.256563896190268,21.630692601300737,22.056628307723564,2.0153264443605283,3.3729677184071547,22.403868063614105,0.08251256667142386,0.09588730011501657,-1.7893314844754253,1.793797608237084,0.012043754362287752,0.0025875785211796625,0.011438905772184736,0.006100303899325252
20315392,4959,32,9.24,0,12,77,385,0.0022067039106145256,-0.4989385474860334,0,0,,0.033846246411457954,-0.011575173770486422,0.11146927374301677,0.9985546907704428,0.0,0.0,0.053745042007103366,0.03584965245902716,-0.012,0.056720670391061455,0.9997687037141696,0.0,0.0,-0.02150672159323585,0.0,0.0,0.04,1.0,0.0,0.0,0.0,0.034814039093548466,-0.011575173770486422,0.16427752561733722,0.9952405928333621,0.0,0.0,0.09744825486738068,-21.123535778015313,1.9300692589049522,3.151313471609621,21.444339759144164,22.117385601676713,2.0208778722344203,3.2995809004612164,22.453283219752773,0.10979838832452159,0.11532023103369109,-1.9649766381649552,1.9714176701801105,0.011937495734908678,0.0006749232283563059,0.01144929548883892,0.006287318799100596
20319488,4960,32,9.36,0,12,78,390,0.002430167597765362,-0.496508379888268,0,0,,0.033916327641987515,-0.011607205529914578,0.11211173184357542,0.9985169158437747,0.0,0.0,0.054442343574062614,0.03578558894017085,-0.012,0.056743016759776534,0.999762657246624,0.0,0.0,-0.02178598575161042,0.0,0.0,0.04,1.0,0.0,0.0,0.0,0.03485229795173998,-0.011607205529914578,0.1649493361410383,0.9952047715646318,0.0,0.0,0.09781340733758793,-20.9531592475182,1.9145018601793282,3.047907505773013,21.260055032577764,22.14295567990997,2.0232142245603018,3.2209787564512777,22.467278121535568,0.1375068684171741,0.13389365105781642,-2.108620705481122,2.1173372259135284,0.011827525982341528,-0.0013045323178523956,0.011425113825845061,0.005852048865211117
20323584,4961,32,9.48,0,12,79,395,0.002653631284916202,-0.4938547486033518,0,0,,0.03399174754509761,-0.01163972121031862,0.11275418994413408,0.9984786539839215,0.0,0.0,0.055139618591863476,0.03572055757936276,-0.012,0.05676536312849162,0.9997565327725672,0.0,0.0,-0.0220652482101328,0.0,0.0,0.04,1.0,0.0,0.0,0.0,0.03488552600457626,-0.01163972121031862,0.16561873250574716,0.9951717786015823,0.0,0.0,0.09814851539867116,-20.79091140536646,1.8996771842466817,2.9484235310199365,21.084685717088995,22.132600476889404,2.02226806387822,3.138692613152116,22.445332773466347,0.16405922284680627,0.15065825491332047,-2.2157003929742674,2.22686810785932,0.01172472931634191,-0.0031548723058454995,0.01136875415351166,0.0048375747632099135
20327680,4962,32,9.6,0,12,80,400,0.002877094972067038,-0.49097765363128476,0,0,,0.03407213456737009,-0.011672680752530232,0.11339664804469274,0.9984399052095423,0.0,0.0,0.055836866720475324,0.035654638494939536,-0.012,0.056787709497206705,0.999750330292477,0.0,0.0,-0.022344508947013526,0.0,0.0,0.04,1.0,0.0,0.0,0.0,0.03491381913596696,-0.011672680752530232,0.16628570641387042,0.9951416544972455,0.0,0.0,0.09845347878305252,-20.643106647238838,1.8861721809659853,2.8547460301510434,20.924747846561722,22.086922883861238,2.018094476697981,3.0544121337177144,22.388262578349266,0.18799999602647935,0.16482049541202298,-2.28415010558771,2.297792745020788,0.011639279995325354,-0.004692960084143503,0.011285794647599174,0.0033443036567851496
20331776,4963,32,9.719999999999999,0,12,81,405,0.003100558659217878,-0.4878770949720669,0,0,,0.034157092685054374,-0.011706043550545388,0.1140391061452514,0.998400669539533,0.0,0.0,0.05653408761988062,0.035587912898909224,-0.012,0.05681005586592179,0.9997440498068374,0.0,0.0,-0.022623767940463276,0.0,0.0,0.04,1.0,0.0,0.0,0.0,0.034937358462746454,-0.011706043550545388,0.16695025031398622,0.9951144362772454,0.0,0.0,0.09872820626659863,-20.51552713698526,1.8745151698768259,2.7685353358119578,20.786184083090298,22.007843287359204,2.0108689298094706,2.9699208506430557,22.298188040128263,0.20817420165071746,0.17583806145433153,-2.3147113547486406,2.3306960715398346,0.01157963533125816,-0.005766564037353031,0.0111844461916316,0.0015200314493688256
20335872,4964,32,9.84,0,12,82,410,0.003324022346368718,-0.4845530726256982,0,0,,0.03424620335506405,-0.011739768501550778,0.11468156424581005,0.9983609469930269,0.0,0.0,0.05723128095007512,0.03552046299689845,-0.012,0.05683240223463687,0.9997376913161383,0.0,0.0,-0.022903025168692855,0.0,0.0,0.04,1.0,0.0,0.0,0.0,0.0349564058916145,-0.011739768501550778,0.16761235740316982,0.9950901573946124,0.0,0.0,0.0989726156892172,-20.413199858006315,1.8651654692594601,2.6912105891628535,20.6741429110338,21.898525916825466,2.0008805406236467,2.88703119767396,22.17845597430231,0.22387655402630044,0.18349364704559995,-2.3110529458628903,2.3291106346694503,0.011551698630628195,-0.006269424648692391,0.011074739708022639,-0.000454685255592477
20339968,4965,32,9.959999999999999,0,12,83,415,0.003547486033519554,-0.4810055865921786,0,0,,0.03433902757691424,-0.011773814056562276,0.11532402234636871,0.9983207375893953,0.0,0.0,0.05792844637106801,0.03545237188687545,-0.012,0.056854748603351955,0.999731254820876,0.0,0.0,-0.02318228060991321,0.0,0.0,0.04,1.0,0.0,0.0,0.0,0.034971298642470096,-0.011773814056562276,0.16827202162908936,0.9950688476889609,0.0,0.0,0.0991866339733517,-20.340201504415294,1.8584955689313465,2.6239450058358815,20.592787339590693,21.763257721293442,1.988521010067421,2.80752338643799,22.03351515342739,0.2494489720967965,0.1995331635015153,-2.420344487072197,2.44133277312165,0.011558234917074337,-0.006151771492661819,0.010967533351589304,-0.0023843996713924886
20344064,4966,32,10.08,0,12,84,420,0.0037709497206703906,-0.47723463687150824,0,0,,0.034435108055441574,-0.011808138271613098,0.11596648044692737,0.9982800413482464,0.0,0.0,0.05862558354288211,0.035383723456773805,-0.012,0.05687709497206704,0.9997247403215526,0.0,0.0,-0.023461534242335425,0.0,0.0,0.04,1.0,0.0,0.0,0.0,0.03498244281149953,-0.011808138271613098,0.16892923769186988,0.995050533350081,0.0,0.0,0.09937019714038735,-20.29949894593631,1.854776553435805,2.5676707756794506,20.54514022175373,21.607284411252294,1.9742696416372654,2.733091731590405,21.86875100822918,0.2992383091039112,0.23471779984315833,-2.758933844354496,2.785022795009631,0.011598597264290814,-0.005425249242765242,0.010873437828073203,-0.004078119094682329
20348160,4967,32,10.2,0,12,85,425,0.00399441340782123,-0.473240223463687,0,0,,0.034533971453652224,-0.011842698859428579,0.11660893854748604,0.998238858289426,0.0,0.0,0.059322692125553994,0.035314602281142846,-0.012,0.05689944134078212,0.9997181478186764,0.0,0.0,-0.02374078604417073,0.0,0.0,0.04,1.0,0.0,0.0,0.0,0.034990306058638156,-0.011842698859428579,0.16958400104572605,0.9950352368859866,0.0,0.0,0.09952325032497975,-20.29283161666568,1.8541673558374734,2.5230903589020053,20.53297193698428,21.43661001685842,1.958675026921074,2.665300983262414,21.690285526182883,0.3509452598571077,0.27104356543178887,-3.105022437615685,3.136525390918269,0.011668790825296503,-0.004161765144662838,0.010801766203833909,-0.005368208330989626
20352256,4968,32,10.32,0,12,86,430,0.004217877094972067,-0.4690223463687149,0,0,,0.034635130724599436,-0.011877453241523896,0.1172513966480447,0.9981971884330173,0.0,0.0,0.060019771779134194,0.035245093516952215,-0.012,0.056921787709497206,0.9997114773127618,0.0,0.0,-0.02402003599363049,0.0,0.0,0.04,1.0,0.0,0.0,0.0,0.03499540951428082,-0.011877453241523896,0.17023630790036212,0.9950229770954571,0.0,0.0,0.09964574778731718,-20.3206405333234,1.8567082720803105,2.4906907816563333,20.55673461087595,21.257767751639737,1.9423341092868793,2.6055539977086086,21.504749782541737,0.402230777317039,0.3069780227250227,-3.4461563195313394,3.4831047189688427,0.011761868220798184,-0.002486372025632602,0.010759612148875018,-0.0061269813202496455
20356352,4969,32,10.44,0,12,87,435,0.004441340782122907,-0.46458100558659204,0,0,,0.03473808751080268,-0.011912358600660566,0.11789385474860335,0.9981550317993408,0.0,0.0,0.06071682216368733,0.035175282798678875,-0.012,0.05694413407821229,0.9997047288043294,0.0,0.0,-0.024299284068926227,0.0,0.0,0.04,1.0,0.0,0.0,0.0,0.0349983190092519,-0.011912358600660566,0.1708861552221396,0.9950137690451054,0.0,0.0,0.09973765292332501,-20.382046820853038,1.8623189988596682,2.4707577811007297,20.61554531594614,21.07757107443624,1.9258694382733619,2.5550708030748916,21.319037555666352,0.45046952122050454,0.3408312658227027,-3.7691759769170767,3.8112696422950365,0.011868617153244469,-0.0005648912415994627,0.010751147843726355,-0.006279338812925578
20360448,4970,32,10.559999999999999,0,12,88,440,0.004664804469273743,-0.4599162011173183,0,0,,0.03484233459938766,-0.01194737193359709,0.11853631284916201,0.9981123884089547,0.0,0.0,0.06141384293929232,0.03510525613280582,-0.012,0.05696648044692738,0.9996979022939054,0.0,0.0,-0.024578530248269594,0.0,0.0,0.04,1.0,0.0,0.0,0.0,0.03499963573995908,-0.01194737193359709,0.1715335407350116,0.9950076240510008,0.0,0.0,0.09979893827282021,-20.47488069354615,1.8708012816438109,2.4633872616000443,20.707218877747984,20.902854574486906,1.9099054941155549,2.5148779355818123,21.140049181340075,0.49296933828804246,0.3708874214897353,-4.061047799689122,4.107637457136561,0.011978472190247754,0.0014124994244596773,0.010777211039564506,-0.005810201287838861
20364544,4971,32,10.68,0,12,89,445,0.004888268156424579,-0.4550279329608937,0,0,,0.03494735842085221,-0.011982450104068742,0.11917877094972067,0.9980692582826539,0.0,0.0,0.0621108337660425,0.03503509979186252,-0.012,0.056988826815642456,0.9996909977820229,0.0,0.0,-0.024857774509872404,0.0,0.0,0.04,1.0,0.0,0.0,0.0,0.03499998648725512,-0.011982450104068742,0.1721784629212239,0.9950045496648658,0.0,0.0,0.09982958552562175,-20.595759888289695,1.8818460811635251,2.4684924189434048,20.828349067356594,20.740214647912975,1.8950449932103224,2.4858059573097706,20.974435163436276,0.5272139069567723,0.39554754940726716,-4.309728098340071,4.35983585117062,0.01208056047397894,0.003250088531621022,0.010835222142129158,-0.004766001441675137
20368640,4972,32,10.799999999999999,0,12,90,450,0.005111731843575423,-0.4499162011173183,0,0,,0.03505264157914779,-0.012017549895931257,0.11982122905027934,0.9980256414414715,0.0,0.0,0.06280779430404583,0.03496490020813749,-0.012,0.05701117318435754,0.9996840152692201,0.0,0.0,-0.025137016831946617,0.0,0.0,0.04,1.0,0.0,0.0,0.0,0.03500001351274488,-0.012017549895931257,0.1728209210217826,0.9950045496648658,0.0,0.0,0.09982958552562175,-20.74021464791297,1.895044993210322,2.4858059573097697,20.974435163436272,20.5957598882897,1.8818460811635256,2.468492418943405,20.828349067356598,0.5511026379654521,0.4134703107082271,-4.505007346294804,4.557385544978589,0.012164777857870835,0.0047660014416751285,0.010919439526021053,-0.0032500885316210336
20372736,4973,32,10.92,0,12,91,455,0.0053351955307262555,-0.444581005586592,0,0,,0.03515766540061234,-0.01205262806640291,0.120463687150838,0.9979815379066773,0.0,0.0,0.063504724213425,0.03489474386719418,-0.012,0.05703351955307263,0.9996769547560423,0.0,0.0,-0.025416257192704336,0.0,0.0,0.04,1.0,0.0,0.0,0.0,0.03500036426004092,-0.01205262806640291,0.17346091503668756,0.9950076240510008,0.0,0.0,0.09979893827282021,-20.902854574486902,1.9099054941155544,2.5148779355818114,21.14004918134007,20.474880693546154,1.8708012816438113,2.4633872616000443,20.707218877747987,0.5631610104751557,0.42369640226313976,-4.63928200971502,4.692505357554273,0.012222788960435485,0.0058102012878388475,0.011021527809752237,-0.0014124994244597126
20376832,4974,32,11.04,0,12,92,460,0.005558659217877095,-0.43902234636871496,0,0,,0.03526191248919733,-0.012087641399339434,0.12110614525139665,0.9979369476997788,0.0,0.0,0.0642016231543177,0.03482471720132113,-0.012,0.05705586592178771,0.9996698162430402,0.0,0.0,-0.02569549557035783,0.0,0.0,0.04,1.0,0.0,0.0,0.0,0.03500168099074811,-0.012087641399339434,0.1740984457249329,0.9950137690451054,0.0,0.0,0.09973765292332502,-21.077571074436236,1.9258694382733617,2.555070803074891,21.31903755566635,20.38204682085304,1.8623189988596685,2.47075778110073,20.615545315946143,0.5626965466545556,0.4257437345610275,-4.708203787457507,4.760784392866805,0.012248852156273637,0.006279338812925577,0.011131382846755524,0.0005648912415994489
20380928,4975,32,11.16,0,12,93,465,0.005782122905027932,-0.433240223463687,0,0,,0.035364869275400564,-0.012122546758476105,0.12174860335195531,0.9978918708425205,0.0,0.0,0.06489849078687665,0.0347549064830478,-0.012,0.05707821229050279,0.9996625997307707,0.0,0.0,-0.02597473194311951,0.0,0.0,0.04,1.0,0.0,0.0,0.0,0.03500459048571919,-0.012122546758476105,0.17473351460427272,0.9950229770954571,0.0,0.0,0.09964574778731719,-21.25776775163973,1.9423341092868787,2.605553997708607,21.50474978254173,20.320640533323402,1.856708272080311,2.4906907816563333,20.556734610875953,0.5498804698570376,0.41966261383019554,-4.711161261265371,4.761672570665113,0.012240387851124974,0.006126981320249654,0.011238131779201807,0.0024863720256325687
20385024,4976,32,11.28,0,12,94,470,0.0060055865921787716,-0.42723463687150826,0,0,,0.03546602854634778,-0.012157301140571421,0.12239106145251397,0.9978463073568846,0.0,0.0,0.06559532677126992,0.03468539771885716,-0.012,0.05710055865921788,0.999655305219797,0.0,0.0,-0.026253966289201954,0.0,0.0,0.04,1.0,0.0,0.0,0.0,0.03500969394136185,-0.012157301140571421,0.175366123950754,0.9950352368859866,0.0,0.0,0.09952325032497975,-21.436610016858417,1.9586750269210735,2.665300983262413,21.69028552618288,20.29283161666568,1.8541673558374734,2.5230903589020053,20.53297193698428,0.525742345493347,0.4060436088494504,-4.6515567123665145,4.698750501409317,0.012198233796166084,0.005368208330989633,0.01133120917470349,0.004161765144662826
20389120,4977,32,11.4,0,12,95,475,0.006229050279329611,-0.4210055865921786,0,0,,0.03556489194455843,-0.012191861728386903,0.12303351955307264,0.9978002572650905,0.0,0.0,0.06629213076768092,0.0346162765432262,-0.012,0.05712290502793296,0.9996479327106882,0.0,0.0,-0.026533198586817897,0.0,0.0,0.04,1.0,0.0,0.0,0.0,0.03501755718850048,-0.012191861728386903,0.17599627679801516,0.995050533350081,0.0,0.0,0.09937019714038735,-21.60728441125229,1.974269641637265,2.7330917315904038,21.868751008229175,20.29949894593631,1.854776553435805,2.5676707756794497,20.54514022175373,0.4920739998917093,0.38597506769929424,-4.536850967690428,4.579752206974573,0.01212656217192679,0.004078119094682322,0.011401402735709179,0.005425249242765246
20393216,4978,32,11.52,0,12,96,480,0.006452513966480448,-0.4145530726256982,0,0,,0.03566097242308577,-0.012226185943437724,0.12367597765363128,0.9977537205895946,0.0,0.0,0.06698890243630874,0.034547628113124555,-0.012,0.05714525139664804,0.9996404822040195,0.0,0.0,-0.02681242881418022,0.0,0.0,0.04,1.0,0.0,0.0,0.0,0.03502870135752991,-0.012226185943437724,0.17662397693635193,0.9950688476889609,0.0,0.0,0.0991866339733517,-21.763257721293435,1.9885210100674204,2.807523386437988,22.033515153427384,20.34020150441529,1.8584955689313463,2.6239450058358806,20.59278733959069,0.4512488710603845,0.3609520376545267,-4.378361266386553,4.4163287124164885,0.012032466648410688,0.0023843996713925016,0.011441765082925656,0.006151771492661816
20397312,4979,32,11.639999999999999,0,12,97,485,0.006675977653631288,-0.4078770949720669,0,0,,0.035753796644935956,-0.012260231498449223,0.12431843575418995,0.9977066973530908,0.0,0.0,0.0676856414373682,0.03447953700310156,-0.012,0.05716759776536313,0.9996329537003722,0.0,0.0,-0.027091656949501986,0.0,0.0,0.04,1.0,0.0,0.0,0.0,0.035043594108385506,-0.012260231498449223,0.1772492289115497,0.9950901573946124,0.0,0.0,0.09897261568921718,-21.898525916825466,2.0008805406236467,2.8870311976739607,22.17845597430231,20.413199858006315,1.8651654692594601,2.691210589162854,20.6741429110338,0.4467196329041821,0.3661402374400954,-4.6114374418891435,4.647469460292538,0.011925260291977354,0.00045468525559246855,0.011448301369371798,0.00626942464869239
20401408,4980,32,11.76,0,12,98,490,0.006899441340782124,-0.4009776536312848,0,0,,0.03584290731494563,-0.012293956449454612,0.12496089385474861,0.9976591875785106,0.0,0.0,0.06838234743109005,0.03441208710109078,-0.012,0.05718994413407821,0.9996253472003339,0.0,0.0,-0.027370882970996404,0.0,0.0,0.04,1.0,0.0,0.0,0.0,0.03506264153725355,-0.012293956449454612,0.17787203802348342,0.9951144362772454,0.0,0.0,0.09872820626659863,-22.0078432873592,2.01086892980947,2.9699208506430543,22.29818804012826,20.515527136985256,1.8745151698768254,2.7685353358119564,20.786184083090294,0.45970730685909367,0.38829999602986837,-5.111535025041346,5.146833784679749,0.011815553808368393,-0.0015200314493688122,0.011420364668741833,0.0057665640373530365
20405504,4981,32,11.879999999999999,0,12,99,495,0.007122905027932964,-0.39385474860335185,0,0,,0.035927865432629914,-0.012327319247469768,0.12560335195530725,0.9976111912890221,0.0,0.0,0.06907902007772113,0.03434536150506047,-0.012,0.0572122905027933,0.9996176627044979,0.0,0.0,-0.027650106856876865,0.0,0.0,0.04,1.0,0.0,0.0,0.0,0.03508618086403305,-0.012327319247469768,0.17849241032448493,0.9951416544972455,0.0,0.0,0.09845347878305252,-22.086922883861238,2.018094476697981,3.0544121337177135,22.388262578349266,20.643106647238834,1.8861721809659848,2.8547460301510426,20.92474784656172,0.46130671014348423,0.404429798456115,-5.604754217835976,5.638229969152803,0.01171420535240082,-0.0033443036567851374,0.011360720004674639,0.004692960084143512
20409600,4982,32,12.0,0,12,100,500,0.0073463687150838,-0.386508379888268,0,0,,0.0360082524549024,-0.012360278789681378,0.12624581005586594,0.9975627085080312,0.0,0.0,0.06977565903752454,0.03427944242063725,-0.012,0.05723463687150838,0.9996099002134639,0.0,0.0,-0.027929328585356905,0.0,0.0,0.04,1.0,0.0,0.0,0.0,0.035114473995423744,-0.012360278789681378,0.17911035261747899,0.9951717786015823,0.0,0.0,0.09814851539867117,-22.132600476889404,2.02226806387822,3.138692613152115,22.445332773466347,20.790911405366455,1.899677184246681,2.9484235310199347,21.084685717088988,0.4495080868057678,0.41279059325314016,-6.07082751763771,6.101426090914263,0.011631245846488333,-0.004837574763209905,0.011275270683658084,0.003154872305845531
20413696,4983,32,12.12,0,12,101,505,0.00756983240223464,-0.3789385474860334,0,0,,0.03608367235801249,-0.012392794470085422,0.12688826815642457,0.9975137392591807,0.0,0.0,0.07047226397077985,0.03421441105982916,-0.012,0.057256983240223464,0.9996020597278374,0.0,0.0,-0.028208548134650253,0.0,0.0,0.04,1.0,0.0,0.0,0.0,0.035147702048260024,-0.012392794470085422,0.17972587245388744,0.9952047715646318,0.0,0.0,0.09781340733758793,-22.14295567990997,2.0232142245603018,3.2209787564512773,22.467278121535568,20.953159247518197,1.9145018601793278,3.047907505773012,21.26005503257776,0.423214383706589,0.41209373514887987,-6.489847544442281,6.516674981248382,0.011574886174154933,-0.005852048865211111,0.011172474017658467,0.001304532317852409
20417792,4984,32,12.24,0,12,102,510,0.007793296089385473,-0.37114525139664795,0,0,,0.03615375358854205,-0.012424826229513578,0.12753072625698325,0.9974642835663509,0.0,0.0,0.07116883453778318,0.03415034754097285,-0.012,0.05727932960893855,0.9995941412482304,0.0,0.0,-0.028487765482970783,0.0,0.0,0.04,1.0,0.0,0.0,0.0,0.03518596090645154,-0.012424826229513578,0.18033897813130367,0.9952405928333621,0.0,0.0,0.09744825486738068,-22.117385601676713,2.0208778722344203,3.2995809004612147,22.453283219752773,21.12353577801531,1.930069258904952,3.151313471609619,21.44433975914416,0.3823980139143319,0.40162909478314013,-6.843480813229062,6.865913181205851,0.011550704511161072,-0.006287318799100594,0.011062504265091318,-0.0006749232283562476
20421888,4985,32,12.36,0,12,103,515,0.008016759776536313,-0.3631284916201116,0,0,,0.036218150893849846,-0.012456334604985934,0.1281731843575419,0.9974143414536591,0.0,0.0,0.07186537039884741,0.03408733079002813,-0.012,0.057301675977653635,0.9995861447752606,0.0,0.0,-0.028766980608532566,0.0,0.0,0.04,1.0,0.0,0.0,0.0,0.03522925787275799,-0.012456334604985934,0.18094967869093634,0.9952791983768309,0.0,0.0,0.09705316727635867,-22.056628307723567,2.0153264443605288,3.3729677184071547,22.40386806361411,21.29543636798906,1.9457759117959543,3.2565638961902668,21.630692601300733,0.32815160743342786,0.3813427812819639,-7.116152442573396,7.133914169671535,0.011561094227815257,-0.00610030389932525,0.01095624563771224,-0.00258757852117965
20425984,4986,32,12.48,0,12,104,520,0.008240223463687153,-0.3548882681564245,0,0,,0.036276547022946165,-0.012487280778329203,0.12881564245810057,0.9973639129454599,0.0,0.0,0.07256187121430238,0.0340254384433416,-0.012,0.057324022346368714,0.9995780703095519,0.0,0.0,-0.029046193489549822,0.0,0.0,0.04,1.0,0.0,0.0,0.0,0.03527750946375414,-0.012487280778329203,0.18155798391482467,0.9953205407399363,0.0,0.0,0.09662826284871784,-21.962735397836976,2.006747396756678,3.4398254912661415,22.320868725929003,21.462217737694697,1.9610148186726122,3.361433916856159,21.812189420520387,0.2626216360952486,0.3518544944133359,-7.296126230343815,7.3093248442038234,0.011605027006116358,-0.005309513889905451,0.010864215040163244,-0.004244129277061574
20430080,4987,32,12.6,0,12,105,525,0.008463687150837989,-0.3464245810055865,0,0,,0.0363286542894183,-0.012517626624000522,0.12945810055865922,0.9973129980663452,0.0,0.0,0.07325833664449495,0.03396474675199896,-0.012,0.0573463687150838,0.9995699178517344,0.0,0.0,-0.02932540410423696,0.0,0.0,0.04,1.0,0.0,0.0,0.0,0.03533054038287862,-0.012517626624000522,0.18216390432282548,0.9953645691013548,0.0,0.0,0.09617366883754756,-21.838995045013988,1.9954411716256437,3.499107583117735,22.207369135577412,21.617449388892638,1.9751984213201397,3.463610890905334,21.982086508985407,0.1888264097475083,0.3144101732366874,-7.376406817244359,7.385518715942835,0.011678154617111601,-0.0039932168919910626,0.010795521163591984,-0.0054806190553442465
20434176,4988,32,12.719999999999999,0,12,106,530,0.008687150837988829,-0.33773743016759766,0,0,,0.03637421598870726,-0.012547334756057958,0.13010055865921788,0.9972615968411438,0.0,0.0,0.07395476634978934,0.03390533048788409,-0.012,0.057368715083798885,0.9995616874024442,0.0,0.0,-0.02960461243080857,0.0,0.0,0.04,1.0,0.0,0.0,0.0,0.03538808369256005,-0.012547334756057958,0.1827674511693725,0.9954112293356009,0.0,0.0,0.0956895214356709,-21.68980879233903,1.981809940416764,3.55007006166595,22.067586490844416,21.755155301607044,1.987780687456481,3.5607656232731455,22.134071159241124,0.11037308549431991,0.27077201722148186,-7.35539813057867,7.361207873890801,0.011773239285097459,-0.0022816928682456226,0.010756962956631708,-0.006174666780629225
20438272,4989,32,12.84,0,12,107,535,0.008910614525139665,-0.32882681564245797,0,0,,0.036413007662753454,-0.012576368574219803,0.13074301675977654,0.9972097092949219,0.0,0.0,0.07465115999056708,0.033847262851560395,-0.012,0.057391061452513964,0.9995533789623234,0.0,0.0,-0.0298838184474794,0.0,0.0,0.04,1.0,0.0,0.0,0.0,0.03544978219223267,-0.012576368574219803,0.18336863644001025,0.9954604640791315,0.0,0.0,0.0951759657443002,-21.520527175152875,1.9663425845317346,3.592290351951424,21.90671456492186,21.870036853777588,1.9982774790253635,3.650631871014527,22.262496219571535,0.031100493725371124,0.22305448049338467,-7.237264806707647,7.240768082488709,0.01188087004354077,-0.0003443392162660405,0.010752356702211812,-0.006257579360187352
20442368,4990,32,12.959999999999999,0,12,108,540,0.009134078212290505,-0.31969273743016746,0,0,,0.03644483820578118,-0.012604692308955966,0.1313854748603352,0.9971573354529829,0.0,0.0,0.07534751722722738,0.03379061538208807,-0.012,0.05741340782122905,0.9995449925320202,0.0,0.0,-0.030163022132464412,0.0,0.0,0.04,1.0,0.0,0.0,0.0,0.03551519099475568,-0.012604692308955966,0.1839674728477015,0.9955122128004186,0.0,0.0,0.09463315573948783,-21.33725074906231,1.9495965151427492,3.625667079847158,21.730730725728122,21.957668821293982,2.0062844608288914,3.7310897234054643,22.36258991994199,-0.045315731008342616,0.17352078027065623,-7.031960229513653,7.034246771767697,0.011990394181682745,0.0016270952702895315,0.010782158302499357,-0.005721150555011541
20446464,4991,32,13.08,0,12,109,545,0.009357541899441341,-0.31033519553072614,0,0,,0.03646955080577429,-0.012632271065555858,0.13202793296089385,0.9971044753408671,0.0,0.0,0.07604383772018712,0.03373545786888829,-0.012,0.057435754189944135,0.9995365281121892,0.0,0.0,-0.03044222346397871,0.0,0.0,0.04,1.0,0.0,0.0,0.0,0.03558378127949543,-0.012632271065555858,0.18456397382891226,0.9955664118739063,0.0,0.0,0.09406125423635214,-21.146604301903707,1.9321770428135365,3.6504007363553685,21.546173840430505,22.014661510047272,2.0114919146236088,3.800247805254303,22.4306331722021,-0.11575329760371929,0.12435914060207415,-6.7549051508600595,6.757041336182071,0.012090971592275169,0.003437488660953155,0.010843418156166582,-0.004618473189001504
20450560,4992,32,13.2,0,12,110,550,0.009581005586592181,-0.30075418994413394,0,0,,0.03648702371700496,-0.012659070867118517,0.1326703910614525,0.9970511289843521,0.0,0.0,0.07674012112988118,0.03368185826576297,-0.012,0.05745810055865922,0.9995279857034906,0.0,0.0,-0.03072142242023762,0.0,0.0,0.04,1.0,0.0,0.0,0.0,0.03565494518628315,-0.012659070867118517,0.18515815353947224,0.9956229946577635,0.0,0.0,0.09346043285105701,-20.95549287476119,1.9147150850035604,3.6669563380647143,21.359901316864274,22.038783489523247,2.0136959533574537,3.8565190178598563,22.464097756771032,-0.1779849756685137,0.07746084419576856,-6.426323165213549,6.42925409808226,0.012172647666808308,0.004907658002549643,0.010930073093988617,-0.003058684308204855
20454656,4993,32,13.32,0,12,111,555,0.009804469273743018,-0.29094972067039093,0,0,,0.036497170859809525,-0.012685058696412,0.13331284916201117,0.9969972964094527,0.0,0.0,0.07743636711676247,0.033629882607176004,-0.012,0.0574804469273743,0.999519365306591,0.0,0.0,-0.03100061897945662,0.0,0.0,0.04,1.0,0.0,0.0,0.0,0.03572800180078149,-0.012685058696412,0.18575002685021516,0.9956818915753409,0.0,0.0,0.09283087196052364,-20.770848701633106,1.89784404380404,3.6760107313822035,21.178834309233668,22.02904096284883,2.0128057732552227,3.898684745372175,22.46174026133146,-0.2633116141859028,0.03902130088553033,-6.921394191527054,6.9265108981789965,0.012227338548859528,0.005892093879471607,0.011033546478563758,-0.0011961633858523183
20458752,4994,32,13.44,0,12,112,560,0.010027932960893857,-0.28092178770949705,0,0,,0.03649994224465686,-0.012710202536550452,0.13395530726256982,0.9969429776424205,0.0,0.0,0.07813257534130218,0.033579594926899096,-0.012,0.057502793296089386,0.9995106669221631,0.0,0.0,-0.0312798131198514,0.0,0.0,0.04,1.0,0.0,0.0,0.0,0.035802204168639114,-0.012710202536550452,0.18633960934239768,0.9957430302002328,0.0,0.0,0.09217276065985187,-20.599378308047143,1.882176698197201,3.6783884541919103,21.00970055524857,21.98571144672489,2.008846731172832,3.9259431004883827,22.423648281139844,-0.3639795325274517,-0.00609865594423811,-7.5675696630719225,7.576320274325111,0.012249631230511196,0.006293362149201621,0.011143597073529332,0.0007847473235280073
20462848,4995,32,13.559999999999999,0,12,113,565,0.01025139664804469,-0.27067039106145235,0,0,,0.03649532421842001,-0.012734471410438765,0.1345977653631285,0.9968881727097446,0.0,0.0,0.07882874546398987,0.03353105717912248,-0.012,0.05752513966480447,0.9995018905508853,0.0,0.0,-0.031559004819637825,0.0,0.0,0.04,1.0,0.0,0.0,0.0,0.0358767472633334,-0.012734471410438765,0.18692691730290054,0.9958063353448453,0.0,0.0,0.09148629671742878,-20.44731881077404,1.8682829370250391,3.6749910146169764,20.858784399857253,21.910331079381148,2.0019591849180745,3.9379378093122557,22.35123716433129,-0.472936662324701,-0.05930483544091187,-8.184947604031558,8.198814147839883,0.012237319302618677,0.006071747447136298,0.01124933266578606,0.0026879879841491274
20466944,4996,32,13.68,0,12,114,570,0.01047486033519553,-0.26019553072625684,0,0,,0.03648333953163778,-0.012757835418936218,0.13524022346368714,0.9968328816381508,0.0,0.0,0.07952487714533372,0.03348432916212757,-0.012,0.05754748603351956,0.9994930361934428,0.0,0.0,-0.031838194057031956,0.0,0.0,0.04,1.0,0.0,0.0,0.0,0.035950776820942006,-0.012757835418936218,0.18751196771921133,0.9958717291523627,0.0,0.0,0.09077168652770075,-20.320211969392336,1.8566691139546296,3.6667249889656377,20.731693293709842,21.80563646967037,1.9923931799698815,3.93476565422028,22.24719742315064,-0.5861816557133392,-0.11938345550291211,-8.746293078122557,8.76672709460932,0.012191621333262502,0.00524918399872516,0.011340288117881504,0.004325186121867076
20471040,4997,32,13.799999999999999,0,12,115,575,0.01069832402234637,-0.24949720670391046,0,0,,0.036464047226435085,-0.01278026577769208,0.13588268156424582,0.9967771044546023,0.0,0.0,0.08022097004586067,0.033439468444615844,-0.012,0.057569832402234636,0.9994841038505262,0.0,0.0,-0.03211738081025004,0.0,0.0,0.04,1.0,0.0,0.0,0.0,0.03602339894437791,-0.01278026577769208,0.18809477827419238,0.995939131192002,0.0,0.0,0.09002914506158681,-20.222703796421644,1.8477597377441095,3.6544344328721943,20.633149442351172,21.675463502319328,1.9804992032576034,3.9169618943514646,22.115394765101588,-0.6988467216287274,-0.18440256569419924,-9.226415856108847,9.254682090510865,0.012117060260465742,0.003907084688383466,0.011407461150754158,0.00553430071357487
20475136,4998,32,13.92,0,12,116,580,0.010921787709497206,-0.23857541899441326,0,0,,0.036437542345654,-0.01280173485260779,0.13652513966480445,0.9967208411862991,0.0,0.0,0.08091702382611651,0.03339653029478442,-0.012,0.05759217877094972,0.9994750935228324,0.0,0.0,-0.03239656505750853,0.0,0.0,0.04,1.0,0.0,0.0,0.0,0.03609369036999438,-0.01280173485260779,0.1886753673406337,0.9960084585574436,0.0,0.0,0.08925889581450866,-20.158376576736764,1.8418821237627503,3.638842734014952,20.56681434763925,21.524606891743456,1.9667153505146306,3.885464640090974,21.960726458463007,-0.805601503153042,-0.25185315243067047,-9.603671885160326,9.640691752674732,0.012021015736233612,0.0021782832522051275,0.011444203340660361,0.006195660131886516
20479232,4999,32,14.04,0,12,117,585,0.011145251396648046,-0.22743016759776521,0,0,,0.036403955464628705,-0.012822216193882057,0.13716759776536314,0.9966640918606784,0.0,0.0,0.08161303814666618,0.03335556761223589,-0.012,0.05761452513966481,0.9994660052110645,0.0,0.0,-0.032675746777024055,0.0,0.0,0.04,1.0,0.0,0.0,0.0,0.03616070928102833,-0.012822216193882057,0.18925375397559405,0.9960796259683173,0.0,0.0,0.08846117075201487,-20.129619016243993,1.8392545294030045,3.620508243861572,20.53515276074008,21.35864550790462,1.951551366204483,3.841560641395315,21.788939369064902,-0.901123982633485,-0.31885324127679426,-9.861304190314454,9.90752300807136,0.011912993728482792,0.00023388711269036716,0.0114468781442237,0.006243806596026617
20483328,5000,32,14.16,0,12,118,590,0.011368715083798882,-0.21606145251396633,0,0,,0.03636345204791079,-0.012841684568596868,0.1378100558659218,0.9966068565054144,0.0,0.0,0.08230901266809379,0.033316630862806264,-0.012,0.057636871508379886,0.9994568389159318,0.0,0.0,-0.032954925947013464,0.0,0.0,0.04,1.0,0.0,0.0,0.0,0.036223506545200554,-0.012841684568596868,0.18982995791453067,0.9961525458746247,0.0,0.0,0.08763621025297598,-20.137538966519845,1.8399781796820163,3.5997968777353466,20.53934110167033,21.18373956688127,1.9355701127099634,3.786816237992195,21.606416429361634,-0.980591391783246,-0.3823973467059362,-9.988542978827086,10.043842792889732,0.01180368567171395,-0.0017336579091487877,0.011415220823843986,0.005673974829191786
20487424,5001,32,14.28,0,12,119,595,0.011592178770949722,-0.2044692737430166,0,0,,0.03631623163411417,-0.012860115991804354,0.13845251396648045,0.9965491351484181,0.0,0.0,0.08300494705100295,0.0332797680163913,-0.012,0.05765921787709497,0.9994475946381493,0.0,0.0,-0.03323410254569379,0.0,0.0,0.04,1.0,0.0,0.0,0.0,0.03628113724801564,-0.012860115991804354,0.19040399956522044,0.9962271285639694,0.0,0.0,0.08678426305032665,-20.1819217836708,1.8440334624673829,3.576873464888177,20.579223748157425,21.006406673105143,1.919367107187272,3.7229982073596823,21.419939473771443,-1.0401407552343824,-0.43962878730156446,-9.981398274083466,10.045072312691442,0.011703910286608834,-0.0035296148410408966,0.011352364649994093,0.004542563699893692
20491520,5002,32,14.399999999999999,0,12,120,600,0.011815642458100559,-0.19265363128491603,0,0,,0.036262526852895306,-0.012877487756076108,0.1390949720670391,0.996490927817838,0.0,0.0,0.08370084095601672,0.03324502448784779,-0.012,0.05768156424581006,0.9994382723784382,0.0,0.0,-0.033513276551282264,0.0,0.0,0.04,1.0,0.0,0.0,0.0,0.03633267238897051,-0.012877487756076108,0.19097590000147394,0.9963032822714694,0.0,0.0,0.08590558616933353,-20.261235900612697,1.8512804376194343,3.5517120824945447,20.65331881795095,20.833284405856514,1.9035488289615088,3.65198985418694,21.236437252388384,-1.077250624577894,-0.4881096380344352,-9.84309553904194,9.913891754381975,0.011623542801529156,-0.004976229572475082,0.011264530787042938,0.002961554166772903
20495616,5003,32,14.52,0,12,121,605,0.012039106145251399,-0.18061452513966464,0,0,,0.036202602278911686,-0.012893778459478656,0.13973743016759776,0.996432234542059,0.0,0.0,0.08439669404377804,0.03321244308104269,-0.012,0.05770391061452514,0.9994288721375261,0.0,0.0,-0.03379244794199634,0.0,0.0,0.04,1.0,0.0,0.0,0.0,0.03637721060504324,-0.012893778459478656,0.19154568095664393,0.9963809132922158,0.0,0.0,0.08500044486336547,-20.372685647075134,1.86146366318453,3.5241240506569316,20.758873229737596,20.670887642957236,1.8887105460570062,3.5757078645854055,21.062727985885566,-1.0910025819442646,-0.5260626876526576,-9.584124293110078,9.66035543087997,0.011570537555785979,-0.005930323995852282,0.011160412556029769,0.0010874260085358687
20499712,5004,32,14.639999999999999,0,12,122,610,0.012262569832402235,-0.1683519553072624,0,0,,0.03613675312840433,-0.012908968031940525,0.14037988826815642,0.9963730553497034,0.0,0.0,0.08509250597494963,0.03318206393611895,-0.012,0.05772625698324022,0.9994193939161463,0.0,0.0,-0.03407161669605365,0.0,0.0,0.04,1.0,0.0,0.0,0.0,0.036413889784528315,-0.012908968031940525,0.1921133648169314,0.9964599260961453,0.0,0.0,0.0840691125471455,-20.512309769468168,1.8742211972102891,3.4938008319515728,20.89196499681246,20.52536908948771,1.8754144345724812,3.496025187163726,20.905266027256953,-1.0821924980461826,-0.5525617420145988,-9.221890500230542,9.301598221800807,0.011550140722125525,-0.006297467001740444,0.011050315016732504,-0.0008943296988149172
20503808,5005,32,14.76,0,12,123,615,0.012486033519553075,-0.15586592178770933,0,0,,0.03606530380482568,-0.012923037759978485,0.14102234636871508,0.9963133902696303,0.0,0.0,0.08578827641021437,0.033153924480043034,-0.012,0.05774860335195531,0.9994098377150384,0.0,0.0,-0.03435078279167205,0.0,0.0,0.04,1.0,0.0,0.0,0.0,0.03644189843453129,-0.012923037759978485,0.1926789746144896,0.9965402234451861,0.0,0.0,0.08311187072746277,-20.675122518831955,1.889097489030331,3.460367891327452,21.04764895267647,20.40229150619097,1.8641687670631346,3.414704525848419,20.769902043450656,-1.0532761753288862,-0.5676507826672743,-8.779984398688825,8.861136730340943,0.011564371068904745,-0.006041320759714488,0.010945135028546634,-0.0027875694861605608
20507904,5006,32,14.879999999999999,0,12,124,620,0.012709497206703915,-0.14315642458100541,0,0,,0.03598860630067778,-0.012935970309752468,0.14166480446927376,0.9962532393309357,0.0,0.0,0.08648400501027532,0.03312805938049507,-0.012,0.05777094972067039,0.999400203534948,0.0,0.0,-0.034629946207069606,0.0,0.0,0.04,1.0,0.0,0.0,0.0,0.03646048666723618,-0.012935970309752468,0.1932425340203302,0.9966217065125353,0.0,0.0,0.08212900893132573,-20.85529263401446,1.9055597330571588,3.4234447326034627,21.220140493969804,20.306419888795105,1.8554089238492988,3.3333459964473398,20.6616656276009,-1.0203062670058909,-0.5792799686242263,-8.387017546580209,8.468686644762874,0.011611820153310182,-0.005187237240416592,0.010855282738236553,-0.004404910711742045
20512000,5007,32,15.0,0,12,125,625,0.012932960893854747,-0.13022346368715065,0,0,,0.03590703846343395,-0.012947749748420792,0.1423072625698324,0.9961926025629526,0.0,0.0,0.08717969143585598,0.03310450050315842,-0.012,0.05779329608938547,0.9993904913766268,0.0,0.0,-0.034909106920464554,0.0,0.0,0.04,1.0,0.0,0.0,0.0,0.036468976673397706,-0.012947749748420792,0.19380406733703154,0.9967042750039249,0.0,0.0,0.08112082463153605,-21.04635410303808,1.9230171261659161,3.3827059090482092,21.403030513576926,20.24154131799276,1.8494809326084756,3.25335120227468,20.584578419132914,-1.1242198465446935,-0.6717791865462207,-9.184311241676038,9.27721566650353,0.01168779172141544,-0.003819749014521943,0.010789651239872501,-0.005586277682294958
20516096,5008,32,15.12,0,12,126,630,0.01315642458100559,-0.11706703910614506,0,0,,0.03582100213408694,-0.012958361563769333,0.14294972067039108,0.996131479995251,0.0,0.0,0.08787533534770038,0.03308327687246134,-0.012,0.05781564245810056,0.9993807012408327,0.0,0.0,-0.0351882649100754,0.0,0.0,0.04,1.0,0.0,0.0,0.0,0.0364667725563556,-0.012958361563769333,0.1943635994912534,0.9967878272807276,0.0,0.0,0.08008762316966647,-21.241441300170035,1.9408423522998002,3.337937843288167,21.589523537834392,20.210319371632245,1.846628165935941,3.1759045397249563,20.541504675462484,-1.2182227859304362,-0.7661055184539213,-9.967619279970823,10.070969095971437,0.011784766518012975,-0.0020742026757663463,0.010754736384444012,-0.0062147450800077485
20520192,5009,32,15.24,0,12,127,635,0.013379888268156424,-0.10368715083798864,0,0,,0.03573092116749381,-0.012967792682090515,0.1435921787709497,0.9960698716576376,0.0,0.0,0.08857093640657329,0.033064414635818974,-0.012,0.057837988826815644,0.9993708331283293,0.0,0.0,-0.03546742015412082,0.0,0.0,0.04,1.0,0.0,0.0,0.0,0.0364533694061688,-0.012967792682090515,0.19492115602605845,0.9968722604847546,0.0,0.0,0.07902971767642568,-21.4335400354046,1.9583945210014355,3.2890867804714072,21.772690219599692,20.214188870909133,1.8469817242455047,3.10197108286524,20.534044847457984,-1.2959345897491439,-0.8582845906347228,-10.702336441407281,10.814624552174873,0.011893146501855216,-0.0001233629666060206,0.010753993855637089,-0.006228110598532375
20524288,5010,32,15.36,0,12,128,640,0.013603351955307263,-0.09008379888268138,0,0,,0.03563723934427037,-0.012976031484290053,0.1442346368715084,0.9960077775801562,0.0,0.0,0.08926649427326042,0.033047937031419894,-0.012,0.05786033519553073,0.9993608870398869,0.0,0.0,-0.03574657263081973,0.0,0.0,0.04,1.0,0.0,0.0,0.0,0.03642836150115896,-0.012976031484290053,0.19547676309304501,0.9969574706645933,0.0,0.0,0.07794742898939393,-21.61574528136911,1.9750427160641826,3.2362940905966413,21.945724805531942,20.25329534344738,1.8505549044774254,3.0323090498111043,20.562476112982093,-1.3516039617332505,-0.9440550803582944,-11.355347072956404,11.47440544914737,0.012002204807902728,0.0018396865422492205,0.010787497144939895,-0.005625051391081863
20528384,5011,32,15.479999999999999,0,12,129,645,0.0138268156424581,-0.07625698324022329,0,0,,0.035540418184522075,-0.012983067820201633,0.14487709497206702,0.9959451977930873,0.0,0.0,0.08996200860856848,0.03303386435959674,-0.012,0.05788268156424581,0.9993508629762813,0.0,0.0,-0.03602572231839122,0.0,0.0,0.04,1.0,0.0,0.0,0.0,0.03639144953315285,-0.012983067820201633,0.19603044744429127,0.9970433529033296,0.0,0.0,0.07684108556811675,-21.781515916590145,1.990189271566612,3.179916344988018,22.10219801111307,20.32648196974345,1.8572420073877265,2.9674937455781167,20.625742078052767,-1.3806410641702633,-1.0191959993176936,-11.896848694687682,12.019980827663177,0.012101147434450324,0.0036206538201059312,0.010851930277852457,-0.0044652549986557615
20532480,5012,32,15.6,0,12,130,650,0.01405027932960894,-0.06220670391061435,0,0,,0.03544093467418192,-0.012988893021091854,0.1455195530726257,0.9958821323269484,0.0,0.0,0.09065747907332547,0.0330222139578163,-0.012,0.057905027932960894,0.9993407609382947,0.0,0.0,-0.03630486919505467,0.0,0.0,0.04,1.0,0.0,0.0,0.0,0.03634244676292524,-0.012988893021091854,0.19658223642411543,0.9971298014475015,0.0,0.0,0.07571102340654318,-21.92491678550636,2.003291889031038,3.1205290008131343,22.236295907568596,20.43132499586452,1.8668215732262001,2.907949106414867,20.72149202828793,-1.380055809827905,-1.079865707816947,-12.3020571797416,12.426233332703463,0.012180181575077508,0.00504326835139525,0.010940916011120823,-0.00286351179982516
20536576,5013,32,15.719999999999999,0,12,131,655,0.014273743016759776,-0.04793296089385457,0,0,,0.03533927891515659,-0.01299349991034008,0.14616201117318434,0.9958185812124937,0.0,0.0,0.09135290532838071,0.033013000179319844,-0.012,0.05792737430167598,0.9993305809267155,0.0,0.0,-0.0365840132390296,0.0,0.0,0.04,1.0,0.0,0.0,0.0,0.03628128402365889,-0.01299349991034008,0.1971321579606527,0.9972167098371257,0.0,0.0,0.07455758594279843,-22.040838746175584,2.0138837433053833,3.058913999242102,22.343035944589623,20.564216720716537,1.8789639643294298,2.8539826063272273,20.846168272204476,-1.3487560490830302,-1.1229232590618135,-12.552700583272912,12.674793546996344,0.0122314848577008,0.00596672743861452,0.01104564701780726,-0.0009783536794692905
20540672,5014,32,15.84,0,12,132,660,0.014497206703910616,-0.033435754189943954,0,0,,0.03523595171085714,-0.012996882812280001,0.14680446927374302,0.9957545444807143,0.0,0.0,0.09204828703460517,0.03300623437544,-0.012,0.05794972067039106,0.9993203229423376,0.0,0.0,-0.03686315442853581,0.0,0.0,0.04,1.0,0.0,0.0,0.0,0.03620801350253144,-0.012996882812280001,0.19768024055725314,0.9973039710366369,0.0,0.0,0.07338112396628153,-22.12518815373493,2.0215907957727346,2.9960329742394003,22.418452082301652,20.720493287519798,1.893243041499271,2.805819353967208,20.99513833103834,-1.2876720052801123,-1.146203141712499,-12.638215811190857,12.755249104799493,0.012249979560684986,0.0062996320923298516,0.01115575758890959,0.0010036366003726347
20544768,5015,32,15.959999999999999,0,12,133,665,0.014720670391061456,-0.0187150837988825,0,0,,0.03513146209900916,-0.012999037559192031,0.14744692737430168,0.9956900221628383,0.0,0.0,0.09274362385289148,0.03300192488161594,-0.012,0.057972067039106144,0.9993099869859617,0.0,0.0,-0.037142292741793294,0.0,0.0,0.04,1.0,0.0,0.0,0.0,0.03612281124367913,-0.012999037559192031,0.1982265132837016,0.9973914775665823,0.0,0.0,0.07218199552208111,-22.17503838336299,2.026145639089004,2.9329889458477765,22.459742153704404,20.89460271725362,1.9091515173125133,2.7636316897455453,21.16286706343176,-1.1996895796031046,-1.148717509594494,-12.556573901102784,12.665952594973378,0.012233835178287003,0.00600903320916616,0.011260349575214672,0.0028862923538641263
20548864,5016,32,16.08,0,12,134,670,0.014944134078212292,-0.0037709497206702067,0,0,,0.03502632484389689,-0.012999961496437904,0.14808938547486034,0.9956250142903302,0.0,0.0,0.09343891544415414,0.03300007700712419,-0.012,0.05799441340782123,0.9992995730583941,0.0,0.0,-0.03742142815702227,0.0,0.0,0.04,1.0,0.0,0.0,0.0,0.03602597832962808,-0.012999961496437904,0.19877100576726395,0.9974791216359071,0.0,0.0,0.07096056581270421,-22.188737478955044,2.027397333102491,2.870980223060423,22.46537198217424,21.080307004332273,1.926119421715639,2.7275614289853793,21.343122329511658,-1.0893937576139834,-1.1307654172024277,-12.314675586306246,12.414372476441827,0.012184649594221069,0.005123692695979338,0.011349071027206307,0.004483278489713552
20552960,5017,32,16.2,0,12,135,675,0.015167597765363132,0.011396648044692925,0,0,,0.03492105790039564,-0.012999653485731196,0.14873184357541902,0.9955595208948916,0.0,0.0,0.09413416146932979,0.03300069302853761,-0.012,0.058016759776536315,0.9992890811604475,0.0,0.0,-0.0377005606524432,0.0,0.0,0.04,1.0,0.0,0.0,0.0,0.03591794071267564,-0.012999653485731196,0.19931374818356098,0.9975667952746713,0.0,0.0,0.06971720709711447,-22.165967751501263,2.025316850390978,2.811250690848882,22.435132385432226,21.270910728934485,1.9435349904610189,2.6977329910466894,21.529206552690887,-0.9626425670745112,-1.093936064390347,-11.928278667228877,12.016955054754309,0.012107290931764712,0.003731236771764919,0.011413140775079177,0.005636533951425194
20557056,5018,32,16.32,0,12,136,680,0.015391061452513968,0.026787709497206894,0,0,,0.03481617986228585,-0.012998113906539679,0.14937430167597765,0.9954935420084609,0.0,0.0,0.09482936158937721,0.033003772186920646,-0.012,0.058039106145251394,0.9992785112929404,0.0,0.0,-0.037979690206276756,0.0,0.0,0.04,1.0,0.0,0.0,0.0,0.03579924768248748,-0.012998113906539679,0.19985477124727363,0.9976543904670321,0.0,0.0,0.06845229858707957,-22.10775505931395,2.019997924201274,2.755040670442789,22.370146947934714,21.459507587629354,1.9607671907478594,2.674256884653089,21.71420557526684,-0.8260099654837479,-1.0410020389178074,-11.421441902300902,11.498491763520306,0.012009415733227526,0.0019694831980955753,0.011446217541466566,0.006231915746398216
20561152,5019,32,16.439999999999998,0,12,137,685,0.015614525139664808,0.042402234636871705,0,0,,0.03471220740741965,-0.012995344655617816,0.15001675977653633,0.9954270776632128,0.0,0.0,0.09552451546527764,0.03300931068876437,-0.012,0.05806145251396648,0.9992678634566976,0.0,0.0,-0.038258816796743846,0.0,0.0,0.04,1.0,0.0,0.0,0.0,0.03567056897118898,-0.012995344655617816,0.20039410620268241,0.9977417992843302,0.0,0.0,0.06716622634082853,-22.01642748951056,2.011653273153249,2.703542134482768,22.272830272895,21.63923554620957,1.9771890346790468,2.6572242515298,21.89124556132229,-0.6861507933233215,-0.9757083049440651,-10.825495738284905,10.89101315705475,0.011900711156774659,1.2800821943978103e-05,0.011445027566801444,0.006210496202426034
20565248,5020,32,16.56,0,12,138,690,0.01583798882681564,0.058240223463687346,0,0,,0.03460965275232617,-0.012991349144669971,0.15065921787709496,0.9953601278915594,0.0,0.0,0.09621962275803478,0.03301730171066006,-0.012,0.058083798882681566,0.9992571376525498,0.0,0.0,-0.0385379404020656,0.0,0.0,0.04,1.0,0.0,0.0,0.0,0.035532690512304656,-0.012991349144669971,0.20093178481404309,0.9978289140181155,0.0,0.0,0.06585938315402312,-21.895525135999904,2.000606357604052,2.657861286246127,22.146798265126616,21.803530997382694,1.992200801791312,2.6466942711563526,22.053748401427313,-0.5761030685512238,-0.9467655644941271,-10.677090818411909,10.734455185258444,0.011791936193867831,-0.0019451485103789497,0.01140968862834471,0.005574395310204831
20569344,5021,32,16.68,0,12,139,695,0.01606145251396648,0.07430167597765383,0,0,,0.03450902112879535,-0.012986132296147212,0.15130167597765365,0.9952926927261491,0.0,0.0,0.09691468312867513,0.03302773540770558,-0.012,0.05810614525139665,0.999246333881334,0.0,0.0,-0.038817061000463414,0.0,0.0,0.04,1.0,0.0,0.0,0.0,0.03538650888487146,-0.012986132296147212,0.20146783935580292,0.997915627312947,0.0,0.0,0.06453216844804884,-21.74966454987311,1.9872789944046496,2.618990469126385,21.996733778244984,21.946372363133527,2.005252297139104,2.6426770821750782,22.195676129308296,-0.513635694874412,-1.0103456180628925,-11.642904407030766,11.697941824365707,0.011693856802439536,-0.0037105775560882627,0.01134369838322846,0.004386570898112295
20573440,5022,32,16.8,0,12,140,700,0.01628491620111732,0.09058659217877116,0,0,,0.03441080829487187,-0.012979700537182861,0.15194413407821228,0.9952247721998669,0.0,0.0,0.097609696238248,0.03304059892563428,-0.012,0.05812849162011173,0.999235452143893,0.0,0.0,-0.03909617857015888,0.0,0.0,0.04,1.0,0.0,0.0,0.0,0.03523302448875393,-0.012979700537182861,0.20200230260265914,0.9980018322988051,0.0,0.0,0.06318498815563466,-21.58436315081553,1.9721753132724849,2.587790179846663,21.828212618248788,22.06250400245425,2.0158633098689163,2.6451153921685955,22.31175526892209,-0.4267649337059126,-1.0621048549369365,-12.575914739474385,12.627898739143053,0.011616180350563695,-0.0051087536898534,0.01125358818925684,0.002764587406623135
20577536,5023,32,16.919999999999998,0,12,141,705,0.016508379888268157,0.10709497206703932,0,0,,0.0343154980925211,-0.012972061791674303,0.15258659217877096,0.9951563663458349,0.0,0.0,0.09830466174782583,0.0330558764166514,-0.012,0.058150837988826816,0.999224492441076,0.0,0.0,-0.03937529308937384,0.0,0.0,0.04,1.0,0.0,0.0,0.0,0.03507333351145732,-0.012972061791674303,0.2025352078194638,0.9980874227229488,0.0,0.0,0.0618182546038123,-21.40583037339807,1.955862673711499,2.5649807506612867,21.6474963685035,22.147632042162215,2.0236415063904563,2.653868075656304,22.39767277608065,-0.31559029901122426,-1.0977235606006046,-13.433219834551792,13.481690894532605,0.011566594833629077,-0.0060012929946765044,0.011148276666410618,0.0008689799953911594
20581632,5024,32,17.04,0,12,142,710,0.016731843575419,0.12382681564245832,0,0,,0.03422356006399922,-0.012963225470520782,0.15322905027932962,0.9950874751974116,0.0,0.0,0.09899957931850421,0.03307354905895844,-0.012,0.0581731843575419,0.999213454773738,0.0,0.0,-0.03965440453633039,0.0,0.0,0.04,1.0,0.0,0.0,0.0,0.03490861876041122,-0.012963225470520782,0.20306658875097736,0.9981722930810585,0.0,0.0,0.06043238639422902,-21.22073353384958,1.9389502721283878,2.551142175065829,21.46129973393584,22.198584805093514,2.02829708879027,2.6686987908648487,22.450236294206064,-0.1824381486202022,-1.1137966654296294,-14.174747991110998,14.219609956025495,0.011550007958107044,-0.00629985675407308,0.011038186980043963,-0.0011126343592086536
20585728,5025,32,17.16,0,12,143,715,0.01695530726256983,0.14078212290502815,0,0,,0.0341354471386703,-0.012953202460029211,0.15387150837988828,0.9950180987881921,0.0,0.0,0.0996944486114021,0.03309359507994158,-0.012,0.05819553072625698,0.9992023391427404,0.0,0.0,-0.03993351288925082,0.0,0.0,0.04,1.0,0.0,0.0,0.0,0.034740139447626266,-0.012953202460029211,0.20359647961147445,0.9982563387474991,0.0,0.0,0.05902780828082998,-21.03594730750575,1.9220662514472258,2.546719696244807,21.276541049013392,22.21343182368407,2.0296536691691025,2.689272012313057,22.46749276974273,-0.03173064786275418,-1.108124676661006,-14.765536230386306,14.807093141595669,0.011568061403289686,-0.0059748947407855454,0.010934215212311743,-0.0029841261783886057
20589824,5026,32,17.28,0,12,144,720,0.017178770949720673,0.15796089385474882,0,0,,0.03405159340166622,-0.0129420051085023,0.15451396648044693,0.9949482371520084,0.0,0.0,0.10038926928766206,0.0331159897829954,-0.012,0.058217877094972066,0.9991911455489504,0.0,0.0,-0.04021261812635773,0.0,0.0,0.04,1.0,0.0,0.0,0.0,0.034569220025666744,-0.0129420051085023,0.20412491507420538,0.9983394561045412,0.0,0.0,0.057604951044929964,-20.858296281466597,1.905834178002024,2.5520322484399647,21.10008521965164,22.191556951703173,2.027654949901813,2.7151579505637615,22.448801019944394,0.13036584207274424,-1.0799038308010116,-15.17779229438027,15.21671996416794,0.011618968336746274,-0.005058569938566971,0.01084665192684791,-0.004560265316737609
20593920,5027,32,17.4,0,12,145,725,0.01740223463687151,0.17536312849162033,0,0,,0.033972411955382004,-0.012929647211025496,0.1551564245810056,0.994877890322929,0.0,0.0,0.10108404100845032,0.03314070557794901,-0.012,0.05824022346368715,0.9991798739932413,0.0,0.0,-0.04049172022587389,0.0,0.0,0.04,1.0,0.0,0.0,0.0,0.03439723818489558,-0.012929647211025496,0.2046519302607156,0.9984215426703824,0.0,0.0,0.056164251367696164,-20.69430027673672,1.8908497714784822,2.5672806931374206,20.93848865031576,22.133682773592277,2.0223669539322895,2.7458467158973803,22.39485555670269,0.29555810810549027,-1.0265842495604123,-15.3446093318838,15.381751050021833,0.011697690265339962,-0.00364157522388059,0.010784163664394412,-0.005685054040900571
20598016,5028,32,17.52,0,12,146,730,0.017625698324022346,0.19298882681564267,0,0,,0.03389829288434185,-0.012916143992471506,0.15579888268156425,0.9948070583352588,0.0,0.0,0.10177876343495698,0.03316771201505699,-0.012,0.05826256983240224,0.9991685244764926,0.0,0.0,-0.04077081916602238,0.0,0.0,0.04,1.0,0.0,0.0,0.0,0.03422561213181162,-0.012916143992471506,0.2051775607300279,0.9985024972258053,0.0,0.0,0.054706151700066555,-20.549932012644724,1.8776587625766754,2.5925530372981678,20.79775563382274,22.041845307079306,2.013975713337196,2.7807709029578658,22.307660781217365,0.45151624847148947,-0.9447737736731877,-15.159056727107474,15.195179013809506,0.011796435718046932,-0.001864157075155106,0.0107529351754386,-0.006247166842105185
20602112,5029,32,17.64,0,12,147,735,0.017849162011173182,0.21083798882681584,0,0,,0.033829601333461884,-0.012901512088743322,0.1564413407821229,0.9947357412235397,0.0,0.0,0.10247343622839619,0.03319697582251336,-0.012,0.058284916201117316,0.99915709699959,0.0,0.0,-0.04104991492502648,0.0,0.0,0.04,1.0,0.0,0.0,0.0,0.03405578727689961,-0.012901512088743322,0.20570184246768905,0.9985822199393177,0.0,0.0,0.05323110013013205,-20.430396214748743,1.8667367099770427,2.6278244297963993,20.683115255440377,21.91931984385854,2.0027804933474807,2.8193346602172515,22.190456508332726,0.5923744203426373,-0.8489405694785475,-14.779834886566034,14.816042886632626,0.011905431403647772,9.776526566000559e-05,0.010756057287036715,-0.006190968833339121
20606208,5030,32,17.759999999999998,0,12,148,740,0.018072625698324025,0.22891061452513986,0,0,,0.03376667570917692,-0.012885769526278864,0.15708379888268156,0.9946639390225497,0.0,0.0,0.10316805905000632,0.03322846094744227,-0.012,0.0583072625698324,0.999145591563425,0.0,0.0,-0.04132900748110975,0.0,0.0,0.04,1.0,0.0,0.0,0.0,0.033889222467653024,-0.012885769526278864,0.20622481187468575,0.9986606124906166,0.0,0.0,0.05173955024801266,-20.339938455711263,1.8584715340243791,2.672950635073889,20.598827100649267,21.770500613467156,1.989182797169588,2.860946387195381,22.04759758776306,0.7122795041781881,-0.7436506950849111,-14.22677633076067,14.263993943277761,0.012013889518270662,0.0020500113288720364,0.01079322098945685,-0.005522022189776656
20610304,5031,32,17.88,0,12,149,745,0.018296089385474862,0.24720670391061472,0,0,,0.03370982601229348,-0.012868935699842501,0.15772625698324022,0.9945916517673037,0.0,0.0,0.10386263156105006,0.033262128600315,-0.012,0.05832960893854749,0.9991340081688952,0.0,0.0,-0.04160809681249596,0.0,0.0,0.04,1.0,0.0,0.0,0.0,0.033727375908224735,-0.012868935699842501,0.20674650575623196,0.9987375781922219,0.0,0.0,0.05023196100826138,-20.281690887554923,1.8531494211979118,2.727654777526612,20.54802298570299,21.600738720306158,1.9736715582005626,2.905051580521856,21.88439209500863,0.8072218652284376,-0.6337660159343624,-13.528774769178092,13.567645825927427,0.012111075463913767,0.003799358350447926,0.010860748020292115,-0.004306535634741896
20614400,5032,32,18.0,0,12,150,750,0.018519553072625698,0.2657262569832404,0,0,,0.03365933231078202,-0.012851031348630774,0.1583687150837989,0.9945188794930532,0.0,0.0,0.1045571534228147,0.03329793730273846,-0.012,0.058351955307262574,0.9991223468169046,0.0,0.0,-0.041887182897409184,0.0,0.0,0.04,1.0,0.0,0.0,0.0,0.03357169091144258,-0.012851031348630774,0.2072669613104325,0.9988130221091285,0.0,0.0,0.048708796589831654,-20.257560607009403,1.8509446239907068,2.791508312155435,20.532590591656284,21.41614442256875,1.9568050741433372,2.95116210335987,21.706904104151356,0.875402058482354,-0.5240239630273054,-12.722247186928934,12.763091450081486,0.012187370300938189,0.005172665416887498,0.010951954918993758,-0.0026648114581123293
20618496,5033,32,18.12,0,12,151,755,0.01874301675977654,0.28446927374301695,0,0,,0.03361544336003228,-0.012832078530721816,0.15901117318435753,0.9944456222352859,0.0,0.0,0.10525162429661218,0.03333584293855637,-0.012,0.05837430167597765,0.999110607508363,0.0,0.0,-0.0421662657140737,0.0,0.0,0.04,1.0,0.0,0.0,0.0,0.033423581631645376,-0.012832078530721816,0.20778621611682474,0.9988868511763251,0.0,0.0,0.04717052625364841,-20.26816474155206,1.8519135296849598,2.863908273520885,20.553103325562923,21.22336122341681,1.9391903655913836,2.9988783185216645,21.52172837071721,0.9173764568584545,-0.4186376672760166,-11.84920224749529,11.89203224693357,0.012235222778725933,0.006034010017066896,0.011057814519674193,-0.0007593386458645047
20622592,5034,32,18.24,0,12,152,760,0.018966480446927378,0.30343575418994434,0,0,,0.03357837537736882,-0.012812100595899897,0.15965363128491622,0.9943718800297261,0.0,0.0,0.1059460438437793,0.03337579880820021,-0.012,0.05839664804469274,0.9990987902441864,0.0,0.0,-0.04244534524071407,0.0,0.0,0.04,1.0,0.0,0.0,0.0,0.03328441892791421,-0.012812100595899897,0.2083043081248037,0.9989589743140336,0.0,0.0,0.04561762419782468,-20.312814515236596,1.8559932044378613,2.9440537583850075,20.60879901492532,21.029320361576765,1.9214607436973694,3.0479010971297362,21.33574529650375,1.0177202597003172,-0.34898602126018496,-11.911894171409005,11.960383293226322,0.01224989671765384,0.006298140917769246,0.01116784941119742,0.0012212894015535803
20626688,5035,32,18.36,0,12,153,765,0.019189944134078214,0.32262569832402255,0,0,,0.03354831097686423,-0.012791122156888594,0.16029608938547485,0.9942976529123349,0.0,0.0,0.10664041172567794,0.033417755686222815,-0.012,0.058418994413407824,0.9990868950252967,0.0,0.0,-0.04272442145555511,0.0,0.0,0.04,1.0,0.0,0.0,0.0,0.03315551650677881,-0.012791122156888594,0.20882127564193223,0.9990293025405235,0.0,0.0,0.0440505694105684,-20.389548626726953,1.8630044430511936,3.0309251991715795,20.69760822702625,20.840985062344835,1.9042524422447056,3.0980316414762847,21.155865280915922,1.184973667342113,-0.29523103870487993,-12.769639301821881,12.827899744585745,0.012229939770555063,0.005938915869991257,0.01127116893470602,0.0030810408247083803
20630784,5036,32,18.48,0,12,154,770,0.01941340782122905,0.34203910614525157,0,0,,0.033525398269697554,-0.012769169059028033,0.16093854748603353,0.9942229409193094,0.0,0.0,0.10733472760369513,0.03346166188194394,-0.012,0.0584413407821229,0.999074921852622,0.0,0.0,-0.04300349433682189,0.0,0.0,0.04,1.0,0.0,0.0,0.0,0.033038117491368355,-0.012769169059028033,0.20933715732214214,0.9990977490823593,0.0,0.0,0.04246984552082844,-20.495214332978904,1.8726591776325903,3.12327020829621,20.816231160907734,20.665094297526053,1.8881812048500963,3.1491582533606017,20.988771957708774,1.3480981646858554,-0.2281382842269759,-13.556779049933834,13.625552243747197,0.012177327168192132,0.004991889027458484,0.011357547082174112,0.004635847479134032
20634880,5037,32,18.599999999999998,0,12,155,775,0.019636871508379894,0.36167597765363146,0,0,,0.03350975013448988,-0.012746268348433547,0.1615810055865922,0.9941477440870835,0.0,0.0,0.10802899113924327,0.03350746330313291,-0.012,0.05846368715083799,0.9990628707270969,0.0,0.0,-0.04328256386273974,0.0,0.0,0.04,1.0,0.0,0.0,0.0,0.03293338156027008,-0.012746268348433547,0.2098519921538272,0.9991642294819431,0.0,0.0,0.040875940646729905,-20.625592770822422,1.8845719282984956,3.219599580124011,20.96026025499368,20.50791578081056,1.8738197160131476,3.201230518354867,20.840673857449644,1.4989720868297038,-0.14878719984949235,-14.23250525791929,14.311997095605975,0.012097266221591609,0.0035507919886490673,0.011418434611413253,0.005731823005438594
20638976,5038,32,18.72,0,12,156,780,0.019860335195530723,0.3815363128491622,0,0,,0.03350144366121196,-0.012722448238674992,0.16222346368715085,0.9940720624523275,0.0,0.0,0.10872320199376029,0.03355510352265002,-0.012,0.058486033519553074,0.9990507416496612,0.0,0.0,-0.04356163001153424,0.0,0.0,0.04,1.0,0.0,0.0,0.0,0.032842372794093445,-0.012722448238674992,0.21036581944783422,0.9992286617022146,0.0,0.0,0.03926934724185324,-20.775563352941273,1.8982748241266136,3.318196434531832,21.12434395473926,20.375017493599042,1.8616767253034658,3.2542227256240683,20.717073722945813,1.6295510499098884,-0.05946414387564376,-14.761865544678034,14.851654687873058,0.011997680930542641,0.0017582567497676658,0.011447805203858167,0.006260493669447014
20643072,5039,32,18.84,0,12,157,785,0.020083798882681567,0.40162011173184375,0,0,,0.03350051977140321,-0.012697738076017748,0.1628659217877095,0.9939958960519478,0.0,0.0,0.10941735982870983,0.03360452384796451,-0.012,0.05850837988826816,0.9990385346212617,0.0,0.0,-0.043840692761431266,0.0,0.0,0.04,1.0,0.0,0.0,0.0,0.032766048360964445,-0.012697738076017748,0.21087867882535447,0.9992909662283785,0.0,0.0,0.03765056193941291,-20.939300622646947,1.9132355898865228,3.4171405239765074,21.302385555345523,20.27106621975446,1.8521786393684276,3.3080895628775733,20.62256404896885,1.7326011715329785,0.03654565316074435,-15.11754816018476,15.216553643314509,0.01188842770892466,-0.00020830123935601869,0.011442751917007886,0.006169534506141951
20647168,5040,32,18.96,0,12,158,790,0.020307262569832403,0.42192737430167615,0,0,,0.03350698301657328,-0.012672168303268264,0.16350837988826816,0.9939192449230877,0.0,0.0,0.11011146430558133,0.03365566339346347,-0.012,0.05853072625698324,0.9990262496428505,0.0,0.0,-0.044119752090656925,0.0,0.0,0.04,1.0,0.0,0.0,0.0,0.03270524816396549,-0.012672168303268264,0.21139061020571917,0.9993510661665301,0.0,0.0,0.036020085394395926,-21.110495805912116,1.9288777893726807,3.514348492782579,21.48776973132604,20.19966041326843,1.8456542509585367,3.3627180896532547,20.56065644321519,1.8023634217932512,0.13525724531125077,-15.281262516885093,15.387780624137608,0.01178031985013256,-0.00215424269761381,0.011403774897883355,0.005467948161900401
20651264,5041,32,19.08,0,12,159,795,0.02053072625698324,0.4424581005586594,0,0,,0.03352080155577918,-0.012645770422268662,0.16415083798882682,0.9938421091031263,0.0,0.0,0.11080551508589032,0.03370845915546268,-0.012,0.058553072625698324,0.9990138867153863,0.0,0.0,-0.0443988079774376,0.0,0.0,0.04,1.0,0.0,0.0,0.0,0.03266068556397483,-0.012645770422268662,0.2119016537941038,0.9994088873390526,0.0,0.0,0.03437842212372173,-21.282594501501386,1.9446025432843905,3.607629489664903,21.67360833597823,20.163203295932046,1.8423231437907452,3.4178805977523776,20.533651148778294,1.8350847066858167,0.23234870978498537,-15.244650263831266,15.356460642680059,0.011684057285739062,-0.0038869688566967736,0.011334731881178433,0.004225173861211814
20655360,5042,32,19.2,0,12,160,800,0.020754189944134076,0.4632122905027935,0,0,,0.03354190731248855,-0.012618576955086608,0.16479329608938548,0.9937644886296797,0.0,0.0,0.11149951183117845,0.03376284608982679,-0.012,0.05857541899441341,0.9990014458398336,0.0,0.0,-0.04467786039999996,0.0,0.0,0.04,1.0,0.0,0.0,0.0,0.03263293928054803,-0.012618576955086608,0.2124118500691436,0.9994643583766687,0.0,0.0,0.03272608034448855,-21.449041520132674,1.9598109003166908,3.6947541248773934,21.852996337817704,20.162820460647804,1.8422881639170583,3.473193149270382,20.54255157616418,1.8293646036424815,0.32355460198814057,-15.009686188020703,15.124217067219947,0.011609167564097586,-0.005234983846243345,0.011242456371529805,0.002564214687536495
20659456,5043,32,19.32,0,12,161,805,0.02097765363128492,0.4841899441340784,0,0,,0.03357019630995619,-0.012590621403948274,0.16543575418994413,0.9936863835405999,0.0,0.0,0.1121934542030138,0.033818757192103456,-0.012,0.058597765363128496,0.9989889270171634,0.0,0.0,-0.04495690933657092,0.0,0.0,0.04,1.0,0.0,0.0,0.0,0.0326224465615354,-0.012590621403948274,0.21292123977046565,0.9995174108070263,0.0,0.0,0.031063571810373145,-21.603523818379244,1.9739260341666314,3.7735334666499933,22.019268384384795,20.198324523011067,1.8455321899197925,3.528084316179752,20.587027020504294,1.7862847325825895,0.4050548299686253,-14.588553694040868,14.703087480017658,0.011563062865099744,-0.006064868428204498,0.011136081300161063,0.0006494634028991763
20663552,5044,32,19.439999999999998,0,12,162,810,0.021201117318435755,0.5053910614525141,0,0,,0.03360552918346176,-0.012561938209963753,0.1660782122905028,0.9936077938739754,0.0,0.0,0.11288734186299086,0.0338761235800725,-0.012,0.058620111731843574,0.9989763302483521,0.0,0.0,-0.0452359547653777,0.0,0.0,0.04,1.0,0.0,0.0,0.0,0.03262949769917171,-0.012561938209963753,0.21342986388613966,0.9995679791397083,0.0,0.0,0.029391411646254518,-21.740202749669876,1.9864144644368416,3.841903711351481,22.166246460521318,20.268227600233956,1.8519192731178236,3.5817779501176825,20.665424949247477,1.7093087759463355,0.47382426216855883,-14.003004998787027,14.114899748811581,0.011550306382670291,-0.006294485111934649,0.011026135096710977,-0.0013295682592023893
20667648,5045,32,19.56,0,12,163,815,0.021424581005586592,0.5268156424581008,0,0,,0.03364773186688502,-0.012532562710695772,0.16672067039106145,0.9935287196681307,0.0,0.0,0.11358117447273088,0.033934874578608464,-0.012,0.05864245810055866,0.9989636555343828,0.0,0.0,-0.045514996664647735,0.0,0.0,0.04,1.0,0.0,0.0,0.0,0.032654231956544946,-0.012532562710695772,0.21393776364005335,0.9996160009475576,0.0,0.0,0.027710118181133676,-21.853927435286668,1.9968055524627415,3.8980114388024436,22.288469439110354,20.369800675300453,1.8612000617025797,3.633292746741719,20.774832403768716,1.6039631561533179,0.5279119318706225,-13.283240487200624,13.39014065105048,0.011572160684495136,-0.005901107679087439,0.010923499642170814,-0.003177006440925303
20671744,5046,32,19.68,0,12,164,820,0.021648044692737435,0.5484636871508382,0,0,,0.03369659645023625,-0.01250253109662397,0.1673631284916201,0.9934491609616272,0.0,0.0,0.11427495169388195,0.033994937806752064,-0.012,0.058664804469273746,0.9989509028762444,0.0,0.0,-0.04579403501260881,0.0,0.0,0.04,1.0,0.0,0.0,0.0,0.03269663495379835,-0.01250253109662397,0.21444498047921387,0.999661416944214,0.0,0.0,0.026020212779423763,-21.94042189521531,2.0047085995628198,3.940294047304733,22.381395995076574,20.49917728596768,1.8730212748599908,3.6814600293605793,20.911184233452467,1.4773292930666508,0.5666248604830909,-12.466364043295446,12.566375692006023,0.011626462749895596,-0.004923670501879155,0.01083833323911715,-0.004710001695891286
20675840,5047,32,19.8,0,12,165,825,0.02187150837988827,0.5703351955307264,0,0,,0.033751882203917276,-0.012471880366558405,0.1680055865921788,0.9933691177932619,0.0,0.0,0.11496867318811912,0.0340562392668832,-0.012,0.058687150837988825,0.9989380722749319,0.0,0.0,-0.046073069787488916,0.0,0.0,0.04,1.0,0.0,0.0,0.0,0.032756537548299464,-0.012471880366558405,0.2149515560609818,0.9997041710577639,0.0,0.0,0.02432221967068855,-21.996439620900183,2.0098269704375804,3.967550084053322,22.441573343161064,20.651497508967335,1.8869388586873708,3.7249596793691095,21.069414140697745,1.3373962786610678,0.5905997670814128,-11.59449084775182,11.686302020299399,0.01170783805392469,-0.0034589150293554785,0.010779065197825401,-0.0057768264391427635
20679936,5048,32,19.919999999999998,0,12,166,830,0.022094972067039108,0.5924301675977656,0,0,,0.03381331676466712,-0.012440648282057177,0.16864804469273742,0.9932885902020686,0.0,0.0,0.11566233861714469,0.034118703435885654,-0.012,0.05870949720670391,0.9989251637314465,0.0,0.0,-0.04635210096751639,0.0,0.0,0.04,1.0,0.0,0.0,0.0,0.03283361622748426,-0.012440648282057177,0.2154575322402392,0.9997442105004112,0.0,0.0,0.022616665777907663,-22.019880469612243,2.0119687738732,3.9789947385863726,22.466765529838728,20.821086921376914,1.9024343379938295,3.762372617151048,21.243642924606853,1.3435304180709924,0.678061283922749,-12.071013165874497,12.164464638435692,0.0118082325087987,-0.0016518148416232914,0.010751561548696657,-0.006271892123460137
20684032,5049,32,20.04,0,12,167,835,0.022318435754189944,0.6147486033519555,0,0,,0.03388059747734968,-0.012408873320904375,0.1692905027932961,0.993207578227317,0.0,0.0,0.11635594764268822,0.03418225335819125,-0.012,0.058731843575418996,0.9989121772467953,0.0,0.0,-0.04663112853091978,0.0,0.0,0.04,1.0,0.0,0.0,0.0,0.03292739501732047,-0.012408873320904375,0.21596295105649793,0.9997814858340773,0.0,0.0,0.02090408054435071,-22.00986606851371,2.011053752453029,3.974296705588629,22.456036512555357,21.001664133368703,1.9189337786834346,3.792246818645111,21.427396928962736,1.374992010753484,0.7899809381668639,-12.922822049075425,13.019754322734853,0.01191770961397608,0.0003187730515695546,0.010758544454272718,-0.006146199823091038
20688128,5050,32,20.16,0,12,168,840,0.02254189944134078,0.6372905027932962,0,0,,0.033953392885973384,-0.012376594629705619,0.16993296089385473,0.9931260819085131,0.0,0.0,0.11704949992650684,0.034246810740588766,-0.012,0.05875418994413408,0.9988991128219914,0.0,0.0,-0.04691015245592799,0.0,0.0,0.04,1.0,0.0,0.0,0.0,0.033037248893501875,-0.012376594629705619,0.21646785472094993,0.9998159510318495,0.0,0.0,0.01918499575914249,-21.966771297767522,2.0071161591868805,3.9535938719941104,22.40978493938667,21.186569610458225,1.9358286953718176,3.8131726617919997,21.61384857782748,1.3789608287639177,0.9010610824221293,-13.696535678450457,13.795235903477234,0.012025433917277256,0.002257810510990711,0.010799322784300175,-0.005412189882596837
20692224,5051,32,20.279999999999998,0,12,169,845,0.022765363128491617,0.6600558659217879,0,0,,0.03403134436659701,-0.012343851975659624,0.17057541899441342,0.9930441012853991,0.0,0.0,0.11774299513038532,0.03431229604868076,-0.012,0.05877653631284916,0.9988859704580545,0.0,0.0,-0.04718917272077014,0.0,0.0,0.04,1.0,0.0,0.0,0.0,0.03316240866675451,-0.012343851975659624,0.21697228560346582,0.9998475635351978,0.0,0.0,0.017459945381606376,-21.892210845236324,2.0003035290063647,3.9174867397701916,22.329729336844043,21.369007845272417,1.9524981787558553,3.8238625357527805,21.7960700614054,1.3517390114439574,1.0063738481768663,-14.352113878244264,14.450714842229965,0.012120743449378983,0.003973382088821802,0.010869860520067534,-0.004142510638784361
20696320,5052,32,20.4,0,12,170,850,0.02298882681564246,0.6830446927374303,0,0,,0.034114067894077595,-0.012310685697565186,0.17121787709497208,0.9929616363979534,0.0,0.0,0.11843643291613629,0.03437862860486963,-0.012,0.058798882681564246,0.9988727501560098,0.0,0.0,-0.04746818930367568,0.0,0.0,0.04,1.0,0.0,0.0,0.0,0.0333019672981777,-0.012310685697565186,0.21747628621954346,0.9998762843068876,0.0,0.0,0.015729465364470657,-21.78898126469693,1.9908713845915977,3.867010041041878,22.218844256189794,21.54229450399081,1.968331477522003,3.823229188277171,21.967290746201982,1.2918929934580683,1.1009093606172111,-14.855564298346778,14.952216543013147,0.012194204987913237,0.005295689782438379,0.010963176217723827,-0.0024628280809711046
20700416,5053,32,20.52,0,12,171,855,0.023212290502793297,0.7062569832402236,0,0,,0.03420115593395635,-0.012277136656123986,0.17186033519553073,0.9928786872863906,0.0,0.0,0.11912981294560032,0.03444572668775203,-0.012,0.05882122905027933,0.998859451916889,0.0,0.0,-0.04774720218287433,0.0,0.0,0.04,1.0,0.0,0.0,0.0,0.0334548875855228,-0.012277136656123986,0.21797989921721259,0.9999020778795212,0.0,0.0,0.013994093476028624,-21.660960401686225,1.979174046854579,3.8035845102551447,22.081249750813797,21.700099967865544,1.9827502508709633,3.8104572732765924,22.121148745129705,1.2003985476850063,1.1799928610331525,-15.180712011637697,15.273747313794821,0.012238547706833455,0.006093858723002308,0.011070033993858358,-0.0005393881105495266
20704512,5054,32,20.64,0,12,172,860,0.023435754189944133,0.7296927374301677,0,0,,0.0342921794501624,-0.012243246183600377,0.1725027932960894,0.9927952539911613,0.0,0.0,0.11982313488064622,0.03451350763279925,-0.012,0.05884357541899441,0.9988460757417293,0.0,0.0,-0.0480262113365961,0.0,0.0,0.04,1.0,0.0,0.0,0.0,0.033620011146894134,-0.012243246183600377,0.21848316736389825,0.9999249123996451,0.0,0.0,0.012254369121340867,-21.512967451744732,1.9656518483827674,3.7289521257856313,21.922058291257233,21.836680725314135,1.9952297109424084,3.7850629948384156,22.251927300205445,1.080555325117586,1.2396822719698701,-15.31057651273269,15.39864166406629,0.012249382803479994,0.006288890462639986,0.011179857643323523,0.0014374375798234316
20708608,5055,32,20.759999999999998,0,12,173,865,0.023659217877094976,0.7533519553072627,0,0,,0.034386690018643445,-0.012209056032900229,0.17314525139664805,0.9927113365529522,0.0,0.0,0.12051639838317109,0.03458188793419954,-0.012,0.058865921787709496,0.9988326216315749,0.0,0.0,-0.04830521674307129,0.0,0.0,0.04,1.0,0.0,0.0,0.0,0.033796068614695175,-0.012209056032900229,0.21898613353324717,0.9999447596673671,0.0,0.0,0.010510833162572689,-21.350588256481355,1.9508151706429664,3.6450992105821234,21.74718480591906,21.94709035697863,2.005317900637641,3.746937591310258,22.354767194788142,0.9376787712233262,1.2771110396639251,-15.238280807765692,15.320426105756805,0.012225637878547222,0.0058614818138500915,0.011281777414859107,0.003271993467463954
20712704,5056,32,20.88,0,12,174,870,0.023882681564245813,0.7772346368715085,0,0,,0.03448422203651057,-0.01217460832613155,0.1737877094972067,0.9926269350126863,0.0,0.0,0.12120960311510051,0.0346507833477369,-0.012,0.05888826815642458,0.9988190895874752,0.0,0.0,-0.0485842183805305,0.0,0.0,0.04,1.0,0.0,0.0,0.0,0.033981690939886594,-0.01217460832613155,0.2194888406919222,0.9999615951714335,0.0,0.0,0.008764027738558978,-21.179971688760332,1.9352258395821622,3.5541724999639865,21.563126905585282,22.02736240679413,2.01265240265124,3.69637159404298,22.425847302953635,0.7785993220907236,1.2907454163111545,-14.967440069997696,15.04315468520686,0.012169663076370796,0.00485393537467444,0.011365705840324281,0.004782705125837076
20716800,5057,32,21.0,0,12,175,875,0.02410614525139665,0.8013407821229052,0,0,,0.034584295015814025,-0.012139945502710234,0.17443016759776536,0.9925420494115226,0.0,0.0,0.12190274873838877,0.034720108994579536,-0.012,0.05891061452513967,0.9988054796104863,0.0,0.0,-0.048863216227204624,0.0,0.0,0.04,1.0,0.0,0.0,0.0,0.03417542169490965,-0.012139945502710234,0.21999133188636696,0.9999753981197197,0.0,0.0,0.007014496083690002,-21.00760408753367,1.9194765156122136,3.458393586269198,21.376723457772854,22.074658254710727,2.016973850684229,3.634058230013929,22.462526567502252,0.6110181021583715,1.280532491801009,-14.512003771548082,14.581198855003283,0.01208699848034314,0.0033659726461766418,0.011423336137774439,0.005820050479939922
20720896,5058,32,21.119999999999997,0,12,176,880,0.024329608938547485,0.8256703910614527,0,0,,0.03468641595064966,-0.012105110267074894,0.17507262569832402,0.9924566797908558,0.0,0.0,0.12259583491501895,0.03478977946585021,-0.012,0.05893296089385475,0.9987917917016698,0.0,0.0,-0.049142210261324835,0.0,0.0,0.04,1.0,0.0,0.0,0.0,0.03437573025308447,-0.012105110267074894,0.2204936502295473,0.9999861514650972,0.0,0.0,0.005262782346214821,-20.840069627505397,1.9041687984522697,3.3599770119177657,21.19490048131597,22.087374201236205,2.0181357138185363,3.561075893519586,22.463442131254748,0.44278296043913984,1.2479246797581278,-13.895554016847381,13.958502576978953,0.011985825785401756,0.0015448641372317307,0.011448964371842415,0.0062813586931634935
20724992,5059,32,21.24,0,12,177,885,0.02455307262569833,0.850223463687151,0,0,,0.034790081745934655,-0.012070145536075204,0.17571508379888268,0.9923708261923173,0.0,0.0,0.12328886130700313,0.0348597089278496,-0.012,0.05895530726256983,0.998778025862094,0.0,0.0,-0.04942120046112262,0.0,0.0,0.04,1.0,0.0,0.0,0.0,0.034581025713034425,-0.012070145536075204,0.22099583888767085,0.9999938419266422,0.0,0.0,0.0035094314060560377,-20.68380519791679,1.8898908302665085,3.2610567203994827,21.02441380275221,22.065203327645595,2.0161099487188867,3.4788511548081527,22.428559975463774,0.28115701563677625,1.1957772030302336,-13.150092430130881,13.207341265664112,0.011876158518083905,-0.00042914667448960456,0.011440053998433073,0.006120971971795321
20729088,5060,32,21.36,0,12,178,890,0.024776536312849158,0.8750000000000001,0,0,,0.034894781695887195,-0.012035094386098526,0.17635754189944133,0.9922844886577741,0.0,0.0,0.12398182757638251,0.034929811227802955,-0.012,0.05897765363128492,0.9987641820928327,0.0,0.0,-0.04970018680482975,0.0,0.0,0.04,1.0,0.0,0.0,0.0,0.0347896714288123,-0.012035094386098526,0.2214979410668914,0.9999984600061593,0.0,0.0,0.001754988692234615,-20.544858768743467,1.8771952174486415,3.1636246427794936,20.87159803638497,22.0091492793779,2.0109882590294528,3.3891051678965125,22.359176183816743,0.13215296303730278,1.1281264388787728,-12.314376610510628,12.36664889827588,0.011768850951790057,-0.002360682867778871,0.011397486918148575,0.0053547645266743575
20733184,5061,32,21.48,0,12,179,895,2.025,2.9,1,0,success,0.035,-0.012,0.177,0.992197667229329,0.0,0.0,0.12467473338522769,0.035,-0.012,0.059,0.9987502603949663,0.0,0.0,-0.04997916927067833,0.0,0.0,0.04,1.0,0.0,0.0,0.0,0.035,-0.012,0.22199999999999998,1.0,0.0,0.0,1.2246467991473533e-17,-20.42866029900424,1.8665780983861737,3.0694839840128196,20.742131214935412,21.921490886263808,2.0029788627043073,3.2937874631137505,22.25786878506459,8.5714476619236e-16,1.0498677252769584,-11.431893008571327,11.480000000000008,0.011674523809466802,-0.004058571429597457,0.011325476190533193,0.004058571429597478
