global_step,callback_call,rollout,wall_time_s,env_id,episode,sample_index,episode_step,reward,episode_return,terminal,timeout,termination_reason,pin_x,pin_y,pin_z,pin_qw,pin_qx,pin_qy,pin_qz,pipe_x,pipe_y,pipe_z,pipe_qw,pipe_qx,pipe_qy,pipe_qz,center_x,center_y,center_z,center_qw,center_qx,center_qy,center_qz,ee_frame_x,ee_frame_y,ee_frame_z,ee_frame_qw,ee_frame_qx,ee_frame_qy,ee_frame_qz,contact_left_finger_fx_N,contact_left_finger_fy_N,contact_left_finger_fz_N,contact_left_finger_force_N,contact_right_finger_fx_N,contact_right_finger_fy_N,contact_right_finger_fz_N,contact_right_finger_force_N,contact_pin_tip_fx_N,contact_pin_tip_fy_N,contact_pin_tip_fz_N,contact_pin_tip_force_N,gripper_left_pos_rad,gripper_left_vel_rad_s,gripper_right_pos_rad,gripper_right_vel_rad_s
5000000,1220,20,0.0,0,0,0,0,-0.03666666666666667,-0.03666666666666667,0,0,,0.035,-0.012,0.062,1.0,0.0,0.0,0.0,0.035,-0.012,0.055,1.0,0.0,0.0,-0.0,0.0,0.0,0.04,1.0,0.0,0.0,0.0,0.035,-0.012,0.107,1.0,0.0,0.0,0.0,0.0,0.0,0.0,0.0,0.0,0.0,0.0,0.0,0.0,0.0,0.0,0.0,0.045399999999999996,-0.2791666666666667,0.0446,-0.2791666666666667
5004096,1221,20,0.12,0,0,1,5,-0.03633147113594041,-0.07299813780260708,0,0,,0.035017934247968535,-0.011990653496123146,0.062070670391061455,0.9999999970496786,0.0,0.0,7.681564238255694e-05,0.035017934247968535,-0.012,0.05500245810055866,0.9999999995279486,0.0,0.0,-3.072625697840544e-05,0.0,0.0,0.04,1.0,0.0,0.0,0.0,0.035017934247968535,-0.011990653496123146,0.10721106955851151,0.9999999778309132,0.0,0.0,0.00021056631503512752,-1.0246345102131238,0.09362142732911792,0.15777957020002373,1.0409299899356026,0.9564645609284664,0.08739270099854007,0.1472823390493245,0.9716758862376612,0.0,0.0,0.0,0.0,0.04382656019934131,-0.2813623284204761,0.043046515318817966,-0.2813623284204761
5008192,1222,20,0.24,0,0,2,10,-0.03599627560521415,-0.10899441340782123,0,0,,0.035035642458626275,-0.011981355367491725,0.062141340782122904,0.9999999881987142,0.0,0.0,0.0001536312843118522,0.035035642458626275,-0.012,0.05500491620111732,0.9999999981117943,0.0,0.0,-6.145251392780212e-05,0.0,0.0,0.04,1.0,0.0,0.0,0.0,0.035035642458626275,-0.011981355367491725,0.10742209587091109,0.9999999114328691,0.0,0.0,0.000420873204026044,-2.054488205553594,0.18771973451758725,0.32391537754265864,2.0883202956670184,1.9258664057650638,0.1759674888516302,0.30363656614520323,1.957580428561658,0.0,0.0,0.0,0.0,0.04224915698338611,-0.28350332119518074,0.04148303924412626,-0.28350332119518074
5012288,1223,20,0.36,0,0,3,15,-0.03566108007448789,-0.14465549348230913,0,0,,0.0350529014435617,-0.011972153738972592,0.06221201117318436,0.999999973447107,0.0,0.0,0.00023044692533462415,0.0350529014435617,-0.012,0.05500737430167598,0.9999999957515371,0.0,0.0,-9.217877081918131e-05,0.0,0.0,0.04,1.0,0.0,0.0,0.0,0.0350529014435617,-0.011972153738972592,0.10763303570440763,0.9999998011329781,0.0,0.0,0.0006306615606434291,-3.084828799055336,0.2818625298629241,0.4973569683686571,3.1373522529685403,2.910624249651591,0.26594536291232806,0.46927053239074906,2.9601816314687097,0.0,0.0,0.0,0.0,0.04067249100951921,-0.28553633719459537,0.03990924220874277,-0.28553633719459537
5016384,1224,20,0.48,0,0,4,20,-0.03532588454376164,-0.17998137802607078,0,0,,0.03506949367625523,-0.011963096235971341,0.06228268156424581,0.999999952794857,0.0,0.0,0.000307262564997611,0.03506949367625523,-0.012,0.055009832402234636,0.9999999924471771,0.0,0.0,-0.00012290502762353427,0.0,0.0,0.04,1.0,0.0,0.0,0.0,0.03506949367625523,-0.011963096235971341,0.10784384585284744,0.9999996474746335,0.0,0.0,0.0008396729175927134,-4.110737105160286,0.37560034463393477,0.6767333761664673,4.182965841248093,3.912030556337741,0.35744441631512347,0.644021152005437,3.9807678692314425,0.0,0.0,0.0,0.0,0.03910142716242561,-0.287410757096778,0.038326815925448204,-0.287410757096778
5020480,1225,20,0.6,0,0,5,25,-0.03499068901303538,-0.21497206703910615,0,0,,0.035085210033711324,-0.011954229737934708,0.062353351955307265,0.9999999262419643,0.0,0.0,0.00038407820284755125,0.035085210033711324,-0.012,0.0550122905027933,0.9999999881987142,0.0,0.0,-0.0001536312843118522,0.0,0.0,0.04,1.0,0.0,0.0,0.0,0.035085210033711324,-0.011954229737934708,0.10805448315002274,0.9999994512148342,0.0,0.0,0.0010476497651443763,-5.127412105864556,0.4684945071348325,0.8604216932129843,5.220169297708017,4.930161007625774,0.45047156414854783,0.827321345429233,5.019349838357838,0.0,0.0,0.0,0.0,0.03754019882674015,-0.28907991040601677,0.03673927768240903,-0.28907991040601677
5024576,1226,20,0.72,0,0,6,30,-0.03465549348230912,-0.24962756052141527,0,0,,0.03509985243217532,-0.011945600135713896,0.062424022346368714,0.9999998937884292,0.0,0.0,0.00046089383843118313,0.03509985243217532,-0.012,0.055014748603351954,0.9999999830061485,0.0,0.0,-0.00018435754085512646,0.0,0.0,0.04,1.0,0.0,0.0,0.0,0.03509985243217532,-0.011945600135713896,0.10826490448296787,0.999999213320455,0.0,0.0,0.001254335868481149,-6.1304721667538065,0.5601446649825813,1.0466306120978375,6.244348378432441,5.96385146829088,0.5449204387270855,1.0181841370341125,6.074632627351691,0.0,0.0,0.0,0.0,0.0359916822863522,-0.2905022374844361,0.035151497799288486,-0.2905022374844361
5028672,1227,20,0.84,0,0,7,35,-0.03432029795158287,-0.28394785847299814,0,0,,0.03511323632371532,-0.011937252094044611,0.06249469273743017,0.9999998554342517,0.0,0.0,0.0005377094712952451,0.03511323632371532,-0.012,0.055017206703910616,0.9999999768694798,0.0,0.0,-0.0002150837972243482,0.0,0.0,0.04,1.0,0.0,0.0,0.0,0.03511323632371532,-0.011937252094044611,0.10847506680523901,0.999998934963484,0.0,0.0,0.0014594765834700849,-7.116236735437569,0.6502145240501332,1.2334935271819791,7.251559176044607,7.010743582970812,0.6405755558044397,1.2152078622206426,7.144059964562409,0.0,0.0,0.0,0.0,0.03445684341232473,-0.29164232433022297,0.03356900932847486,-0.29164232433022297
5032768,1228,20,0.96,0,0,8,40,-0.03398510242085661,-0.31793296089385475,0,0,,0.03512519302220316,-0.011929228820373184,0.06256536312849162,0.9999998111794323,0.0,0.0,0.0006145251009864754,0.03512519302220316,-0.012,0.05501966480446927,0.9999999697887084,0.0,0.0,-0.0002458100533905087,0.0,0.0,0.04,1.0,0.0,0.0,0.0,0.03512519302220316,-0.011929228820373184,0.10868492715017347,0.9999986175152475,0.0,0.0,0.0016628191704694435,-8.081973917268359,0.7384544695981242,1.4191647200285258,8.238789104331362,8.067396797648502,0.7371225500389494,1.4166050317523815,8.22392914369229,0.0,0.0,0.0,0.0,0.0329344379911142,-0.29247178433790777,0.03199718893600244,-0.29247178433790777
5036864,1229,20,1.08,0,0,9,45,-0.03364990689013035,-0.3515828677839851,0,0,,0.03513557182937834,-0.011921571841225272,0.06263603351955307,0.999999761023971,0.0,0.0,0.0006913407270516126,0.03513557182937834,-0.012,0.055022122905027934,0.9999999617638341,0.0,0.0,-0.00027653630932459927,0.0,0.0,0.04,1.0,0.0,0.0,0.0,0.03513557182937834,-0.011921571841225272,0.10889444264412444,0.9999982625396551,0.0,0.0,0.0018641131057828345,-9.026101049158163,0.824719892816482,1.6019116710658539,9.20417210036396,9.129461423755696,0.8341639879573732,1.6202556037884959,9.30957161572198,0.0,0.0,0.0,0.0,0.03142101555123303,-0.2929699650860738,0.03044041690450562,-0.2929699650860738
5040960,1230,20,1.2,0,0,10,50,-0.033314711359404094,-0.38489757914338923,0,0,,0.03514424193419893,-0.011914320787274594,0.06270670391061453,0.9999997049678682,0.0,0.0,0.0007681563490373949,0.03514424193419893,-0.012,0.05502458100558659,0.999999952794857,0.0,0.0,-0.000307262564997611,0.0,0.0,0.04,1.0,0.0,0.0,0.0,0.03514424193419893,-0.011914320787274594,0.10910357051966693,0.9999978717854939,0.0,0.0,0.002063110390376002,-9.94832767470783,0.9089842545418322,1.780196711244311,10.147146211082589,10.191904490333481,0.931240004192907,1.823783398403254,10.395590938940428,0.0,0.0,0.0,0.0,0.029911238119149187,-0.29312446255444574,0.0289013298652798,-0.29312446255444574
5045056,1231,20,1.32,0,0,11,55,-0.032979515828677836,-0.41787709497206704,0,0,,0.03515109406154052,-0.011907513188224141,0.06277737430167597,0.9999996430111242,0.0,0.0,0.0008449719664905609,0.03515109406154052,-0.012,0.05502703910614525,0.9999999428817771,0.0,0.0,-0.0003379888203805354,0.0,0.0,0.04,1.0,0.0,0.0,0.0,0.03515109406154052,-0.011907513188224141,0.10931226812877119,0.9999974471778139,0.0,0.0,0.002259565855475135,-10.849733040737451,0.9913461661587519,1.952742052128119,11.068544429986138,11.249277666454503,1.0278527817065028,2.024652355304246,11.47614684977902,0.0,0.0,0.0,0.0,0.028398484607667505,-0.29293142996705485,0.02738027127141295,-0.29293142996705485
5049152,1232,20,1.44,0,0,12,60,-0.032644320297951585,-0.45052141527001865,0,0,,0.035156041849463644,-0.011901184278561508,0.06284804469273743,0.9999995751537394,0.0,0.0,0.0009217875789578492,0.035156041849463644,-0.012,0.05502949720670391,0.9999999320245943,0.0,0.0,-0.0003687150754443635,0.0,0.0,0.04,1.0,0.0,0.0,0.0,0.035156041849463644,-0.011901184278561508,0.10952049295593926,0.9999969908084434,0.0,0.0,0.0024532374646694635,-11.732773258865196,1.0720300439572261,2.1185736417011793,11.970612809476389,12.296014563415483,1.1234937164542065,2.220277489155659,12.545271794723664,0.0,0.0,0.0,0.0,0.02687567348923311,-0.29239567357170687,0.025875022562024532,-0.29239567357170687
5053248,1233,20,1.56,0,0,13,65,-0.032309124767225327,-0.48283054003724396,0,0,,0.035159022937691,-0.011895366815193691,0.06291871508379888,0.9999995013957141,0.0,0.0,0.0009986031859859981,0.035159022937691,-0.012,0.05503195530726257,0.9999999202233087,0.0,0.0,-0.00039944133016008677,0.0,0.0,0.04,1.0,0.0,0.0,0.0,0.035159022937691,-0.011895366815193691,0.10972820263130068,0.9999965049256833,0.0,0.0,0.0026438866121453507,-12.601216479418062,1.1513801859366757,2.2770411556314545,12.856953352881247,13.326743300975755,1.2176719767389015,2.408143929312051,13.597204464055098,0.0,0.0,0.0,0.0,0.02533620576661747,-0.29153053297097586,0.024380864868976573,-0.29153053297097586
5057344,1234,20,1.68,0,0,14,70,-0.03197392923649907,-0.514804469273743,0,0,,0.035159999753575685,-0.011890090907905264,0.06298938547486034,0.9999994217370489,0.0,0.0,0.0010754187871217461,0.035159999753575685,-0.012,0.05503441340782123,0.9999999074779203,0.0,0.0,-0.00043016758449869615,0.0,0.0,0.04,1.0,0.0,0.0,0.0,0.035159999753575685,-0.011890090907905264,0.10993535494366335,0.9999959919232313,0.0,0.0,0.0028312784166839413,-13.46000768740888,1.2298484181388822,2.4278135712834046,13.732392829132609,14.33659938047498,1.3099430906017748,2.5859264979863363,14.626723780458793,0.0,0.0,0.0,0.0,0.023774910951138,-0.2903575489843171,0.022890980784220402,-0.2903575489843171
5061440,1235,20,1.8,0,0,15,75,-0.03163873370577281,-0.5464432029795159,0,0,,0.035158959985654416,-0.0118853838635174,0.06306005586592178,0.9999993361777443,0.0,0.0,0.0011522343819118316,0.035158959985654416,-0.012,0.05503687150837989,0.9999998937884292,0.0,0.0,-0.00046089383843118313,0.0,0.0,0.04,1.0,0.0,0.0,0.0,0.035158959985654416,-0.0118853838635174,0.11014190785351556,0.9999954543283885,0.0,0.0,0.003015182011059756,-14.315067937128271,1.3079757506005525,2.5708519758104607,14.602782285930495,15.3215236698431,1.3999361728790647,2.751601988341295,15.629466477008783,0.0,0.0,0.0,0.0,0.0221888734363707,-0.28890592731108106,0.021397162884151118,-0.28890592731108106
5065536,1236,20,1.92,0,0,16,80,-0.03130353817504655,-0.5777467411545625,0,0,,0.035155916738817065,-0.011881270044554365,0.06313072625698324,0.9999992447178006,0.0,0.0,0.001229049969902994,0.035155916738817065,-0.012,0.05503932960893855,0.9999998791548353,0.0,0.0,-0.000491620091928539,0.0,0.0,0.04,1.0,0.0,0.0,0.0,0.035155916738817065,-0.011881270044554365,0.11034781950597512,0.999994894789609,0.0,0.0,0.0031953708264834076,-15.173035884767566,1.3863687610447524,2.706363312284335,15.474735496289549,16.278530678053386,1.4873784375886345,2.9035466955697906,16.6022118727079,0.0,0.0,0.0,0.0,0.02057802633730292,-0.2872118113484848,0.019890755542275495,-0.2872118113484848
5069632,1237,20,2.04,0,0,17,85,-0.030968342644320294,-0.6087150837988827,0,0,,0.03515090836913702,-0.011877770743148988,0.0632013966480447,0.9999991473572183,0.0,0.0,0.001305865550641971,0.03515090836913702,-0.012,0.055041787709497206,0.9999998635771387,0.0,0.0,-0.0005223463449617549,0.0,0.0,0.04,1.0,0.0,0.0,0.0,0.03515090836913702,-0.011877770743148988,0.11055304824368159,0.9999943160634518,0.0,0.0,0.003371622871737837,-16.04096225344401,1.465671677979656,2.83474046331474,16.355317697262905,17.205933274878397,1.572115730699549,3.0406128069355303,17.543118707116502,0.0,0.0,0.0,0.0,0.018945423806141216,-0.2853173822703814,0.018363723998817735,-0.2853173822703814
5073728,1238,20,2.16,0,0,18,90,-0.030633147113594036,-0.6393482309124767,0,0,,0.035143998000443946,-0.01187490407083972,0.06327206703910615,0.9999990440959983,0.0,0.0,0.0013826811236755019,0.035143998000443946,-0.012,0.05504424581005587,0.9999998470553393,0.0,0.0,-0.0005530725975018222,0.0,0.0,0.04,1.0,0.0,0.0,0.0,0.035143998000443946,-0.01187490407083972,0.11075755261962764,0.9999937210010006,0.0,0.0,0.003543721006664125,-16.925970270679667,1.5465353546813907,2.9564952370221387,17.251698620534327,18.103511579647417,1.6541279615921496,3.162178882667593,18.451900880769387,0.0,0.0,0.0,0.0,0.017297138575284015,-0.2832698087736373,0.016809723856061658,-0.2832698087736373
5077824,1239,20,2.28,0,0,19,95,-0.030297951582867785,-0.6696461824953445,0,0,,0.03513527272873199,-0.011872684864829683,0.06334273743016759,0.9999989349341408,0.0,0.0,0.001459496688550325,0.03513527272873199,-0.012,0.055046703910614524,0.9999998295894371,0.0,0.0,-0.0005837988495197319,0.0,0.0,0.04,1.0,0.0,0.0,0.0,0.03513527272873199,-0.011872684864829683,0.11096129140992574,0.9999931125338176,0.0,0.0,0.0037114532096600133,-17.83489705550783,1.6295845025337106,3.0721913331535045,18.170785844837958,18.97261586976354,1.7335385058667194,3.268171711949279,19.329931583730747,0.0,0.0,0.0,0.0,0.015641775090360036,-0.281120072641997,0.01522503800196209,-0.281120072641997
5081920,1240,20,2.4,0,0,20,100,-0.029962756052141527,-0.699608938547486,0,0,,0.03512484252443074,-0.011871124611192904,0.06341340782122905,0.9999988198716468,0.0,0.0,0.0015363122448131792,0.03512484252443074,-0.012,0.055049162011173186,0.9999998111794323,0.0,0.0,-0.0006145251009864754,0.0,0.0,0.04,1.0,0.0,0.0,0.0,0.03512484252443074,-0.011871124611192904,0.11116422362650602,0.9999924936595019,0.0,0.0,0.0038746128388617742,-18.773932305337098,1.715384677645014,3.1823841692294024,19.11885581822932,19.816195997673546,1.8106168931884459,3.3590591151442317,20.180268469253477,0.0,0.0,0.0,0.0,0.013989635119945587,-0.2789216993692929,0.013609257648287645,-0.2789216993692929
5086016,1241,20,2.52,0,0,21,105,-0.02962756052141527,-0.7292364990689012,0,0,,0.03511283884637446,-0.011870231385425164,0.0634840782122905,0.9999986989085169,0.0,0.0,0.0016131277920108037,0.03511283884637446,-0.012,0.05505162011173184,0.9999997918253248,0.0,0.0,-0.0006452513518730442,0.0,0.0,0.04,1.0,0.0,0.0,0.0,0.03511283884637446,-0.011870231385425164,0.11136630852974153,0.9999918674269206,0.0,0.0,0.004032998886687958,-19.74827135375405,1.8044105805460555,3.287573551336981,20.10120043331094,20.63875288287498,1.8857743750850235,3.435815565569562,21.007596106045018,0.0,0.0,0.0,0.0,0.012351616719946433,-0.2767294254477471,0.011965609085065925,-0.2767294254477471
5090112,1242,20,2.64,0,0,22,110,-0.02929236499068901,-0.7585288640595902,0,0,,0.03509941298493854,-0.011870009810647182,0.06355474860335196,0.9999985720447517,0.0,0.0,0.001689943329689937,0.03509941298493854,-0.012,0.055054078212290504,0.9999997715271146,0.0,0.0,-0.0006759776021504292,0.0,0.0,0.04,1.0,0.0,0.0,0.0,0.03509941298493854,-0.011870009810647182,0.1115675056409969,0.9999912369211895,0.0,0.0,0.0041864162274318365,-20.27106621975446,1.8521786393684276,3.3080895628775737,20.62256404896885,20.93930062264695,1.9132355898865232,3.4171405239765082,21.302385555345527,0.0,0.0,0.0,0.0,0.011557248082992107,-0.00616953450614195,0.01111157229107533,0.00020830123935598784
5094208,1243,20,2.76,0,0,23,115,-0.028957169459962753,-0.7874860335195529,0,0,,0.03508473415522579,-0.011870461033676467,0.0636254189944134,0.999998439280352,0.0,0.0,0.0017667588573973183,0.03508473415522579,-0.012,0.05505653631284916,0.9999997502848017,0.0,0.0,-0.0007067038517896218,0.0,0.0,0.04,1.0,0.0,0.0,0.0,0.03508473415522579,-0.011870461033676467,0.11176777475509678,0.999990605248474,0.0,0.0,0.00433467585759806,-20.37501749359904,1.8616767253034654,3.2542227256240697,20.71707372294581,20.77556335294128,1.8982748241266143,3.318196434531835,21.124343954739267,0.0,0.0,0.0,0.0,0.011552194796141826,-0.006260493669447018,0.011002319069457351,-0.0017582567497676687
5098304,1244,20,2.88,0,0,24,120,-0.028621973929236502,-0.8161080074487894,0,0,,0.035068987364335474,-0.011871582719091658,0.06369608938547486,0.9999983006153186,0.0,0.0,0.0018435743746796865,0.035068987364335474,-0.012,0.05505899441340782,0.9999997280983863,0.0,0.0,-0.0007374301007616133,0.0,0.0,0.04,1.0,0.0,0.0,0.0,0.035068987364335474,-0.011871582719091658,0.11196707595270985,0.9999899755206867,0.0,0.0,0.004477595128688043,-20.50791578081056,1.8738197160131476,3.201230518354866,20.840673857449644,20.625592770822422,1.8845719282984956,3.2195995801240107,20.96026025499368,0.0,0.0,0.0,0.0,0.011581565388586738,-0.005731823005438604,0.010902733778408382,-0.0035507919886490795
5102400,1245,20,3.0,0,0,25,125,-0.028286778398510237,-0.8443947858472997,0,0,,0.03505237107959517,-0.011873369061320107,0.06376675977653631,0.9999981560496523,0.0,0.0,0.0019203898810837801,0.03505237107959517,-0.012,0.05506145251396648,0.9999997049678682,0.0,0.0,-0.000768156349037395,0.0,0.0,0.04,1.0,0.0,0.0,0.0,0.03505237107959517,-0.011873369061320107,0.11216536961264494,0.9999893508401563,0.0,0.0,0.0046149979721480505,-20.665094297526053,1.8881812048500963,3.149158253360603,20.988771957708774,20.49521433297891,1.8726591776325907,3.123270208296212,20.81623116090774,0.0,0.0,0.0,0.0,0.011642452917825879,-0.004635847479134071,0.01082267283180786,-0.0049918890274584715
5106496,1246,20,3.12,0,0,26,130,-0.027951582867783986,-0.8723463687150836,0,0,,0.035035094727144424,-0.011875810814686118,0.06383743016759777,0.9999980055833538,0.0,0.0,0.0019972053761563397,0.035035094727144424,-0.012,0.05506391061452514,0.9999996808932475,0.0,0.0,-0.0007988825965879582,0.0,0.0,0.04,1.0,0.0,0.0,0.0,0.035035094727144424,-0.011875810814686118,0.11236261642405518,0.9999887342843446,0.0,0.0,0.004746715116203636,-20.840985062344835,1.9042524422447056,3.0980316414762856,21.155865280915922,20.389548626726953,1.8630044430511936,3.03092519917158,20.69760822702625,0.0,0.0,0.0,0.0,0.01172883106529397,-0.003081040824708412,0.010770060229444928,-0.005938915869991259
5110592,1247,20,3.24,0,0,27,135,-0.027616387337057728,-0.8999627560521414,0,0,,0.03501737605239722,-0.011878895341264335,0.06390810055865921,0.9999978492164243,0.0,0.0,0.002074020859444103,0.03501737605239722,-0.012,0.0550663687150838,0.9999996558745243,0.0,0.0,-0.0008296088433842937,0.0,0.0,0.04,1.0,0.0,0.0,0.0,0.03501737605239722,-0.011878895341264335,0.11255877739854668,0.9999881288906858,0.0,0.0,0.004872584294314223,-21.029320361576765,1.9214607436973694,3.047901097129736,21.33574529650375,20.3128145152366,1.8559932044378615,2.9440537583850075,20.608799014925324,0.0,0.0,0.0,0.0,0.011832150588802572,-0.001221289401553605,0.010750103282346152,-0.006298140917769246
5114688,1248,20,3.36,0,0,28,140,-0.02728119180633147,-0.9272439478584729,0,0,,0.034999438375651004,-0.011882606676290578,0.06397877094972067,0.9999976869488646,0.0,0.0,0.002150836330493809,0.034999438375651004,-0.012,0.05506882681564246,0.9999996299116984,0.0,0.0,-0.0008603350893973933,0.0,0.0,0.04,1.0,0.0,0.0,0.0,0.034999438375651004,-0.011882606676290578,0.1127538138821879,0.999987537641622,0.0,0.0,0.004992450444991968,-21.22336122341681,1.9391903655913836,2.9988783185216636,21.52172837071721,20.268164741552063,1.85191352968496,2.8639082735208845,20.553103325562926,0.0,0.0,0.0,0.0,0.0119421854803258,0.0007593386458644908,0.010764777221274061,-0.006034010017066887
5118784,1249,20,3.48,0,0,29,145,-0.026945996275605212,-0.9541899441340781,0,0,,0.03498150777743173,-0.011886925610791615,0.06404944134078212,0.9999975187806756,0.0,0.0,0.002227651788852199,0.03498150777743173,-0.012,0.05507128491620112,0.9999996030047702,0.0,0.0,-0.000891061334598248,0.0,0.0,0.04,1.0,0.0,0.0,0.0,0.03498150777743173,-0.011886925610791615,0.11294768756741574,0.999986963449911,0.0,0.0,0.005106165902739747,-21.416144422568745,1.956805074143337,2.9511621033598714,21.706904104151356,20.257560607009403,1.8509446239907066,2.791508312155436,20.532590591656284,0.0,0.0,0.0,0.0,0.012048045081006232,0.002664811458112286,0.010812629699061804,-0.0051726654168875
5122880,1250,20,3.6,0,0,30,150,-0.026610800744878954,-0.9808007448789571,0,0,,0.034963810249049966,-0.011891829791006165,0.06412011173184358,0.9999973447118583,0.0,0.0,0.00230446723406601,0.034963810249049966,-0.012,0.055073743016759776,0.9999995751537394,0.0,0.0,-0.0009217875789578492,0.0,0.0,0.04,1.0,0.0,0.0,0.0,0.034963810249049966,-0.011891829791006165,0.11314036050483534,0.999986409144277,0.0,0.0,0.005213590579874143,-21.600738720306158,1.9736715582005626,2.905051580521856,21.88439209500863,20.281690887554923,1.8531494211979118,2.727654777526612,20.54802298570299,0.0,0.0,0.0,0.0,0.012139251979707876,0.0043065356347418695,0.010888924536086225,-0.00379935835044792
5126976,1251,20,3.72,0,0,31,155,-0.026275605214152703,-1.0070763500931097,0,0,,0.03494656884428138,-0.011897293834082556,0.06419078212290502,0.9999971647424137,0.0,0.0,0.002381282665681984,0.03494656884428138,-0.012,0.05507620111731844,0.9999995463586061,0.0,0.0,-0.0009525138224471883,0.0,0.0,0.04,1.0,0.0,0.0,0.0,0.03494656884428138,-0.011897293834082556,0.11333179511490919,0.9999858774554748,0.0,0.0,0.005314592139010486,-21.770500613467156,1.989182797169588,2.860946387195381,22.04759758776306,20.33993845571126,1.858471534024379,2.6729506350738887,20.598827100649263,0.0,0.0,0.0,0.0,0.01220677901054314,0.005522022189776649,0.010986110481729332,-0.0020500113288720073
5131072,1252,20,3.84,0,0,32,160,-0.025940409683426438,-1.033016759776536,0,0,,0.034930000868070944,-0.011903289459454241,0.06426145251396648,0.999996978872343,0.0,0.0,0.0024580980832468588,0.034930000868070944,-0.012,0.05507865921787709,0.9999995166193705,0.0,0.0,-0.000983240065037256,0.0,0.0,0.04,1.0,0.0,0.0,0.0,0.034930000868070944,-0.011903289459454241,0.11352195419953265,0.9999853710028374,0.0,0.0,0.005409046155998627,-21.919319843858535,2.0027804933474807,2.8193346602172524,22.190456508332723,20.430396214748736,1.866736709977042,2.6278244297963997,20.68311525544037,0.0,0.0,0.0,0.0,0.012243942712963278,0.006190968833339111,0.01109456859635222,-9.776526566000828e-05
5135168,1253,20,3.96,0,0,33,165,-0.025605214152700187,-1.0586219739292362,0,0,,0.03491431513769355,-0.011909785635213173,0.06433212290502793,0.9999967871016471,0.0,0.0,0.0025349134863073743,0.03491431513769355,-0.012,0.055081117318435756,0.9999994859360323,0.0,0.0,-0.0010139663066990442,0.0,0.0,0.04,1.0,0.0,0.0,0.0,0.03491431513769355,-0.011909785635213173,0.11371080095349159,0.9999848922813718,0.0,0.0,0.005496836273109834,-22.0418453070793,2.013975713337195,2.7807709029578658,22.307660781217358,20.54993201264472,1.877658762576675,2.592553037298168,20.797755633822735,0.0,0.0,0.0,0.0,0.012247064824561393,0.0062471668421051904,0.01120356428195306,0.001864157075155114
5139264,1254,20,4.08,0,0,34,170,-0.02527001862197393,-1.08389199255121,0,0,,0.03489970935089033,-0.011916748738723455,0.06440279329608939,0.9999965894303273,0.0,0.0,0.002611728874410271,0.03489970935089033,-0.012,0.05508357541899441,0.9999994543085918,0.0,0.0,-0.0010446925474035438,0.0,0.0,0.04,1.0,0.0,0.0,0.0,0.03489970935089033,-0.011916748738723455,0.11389829897579941,0.9999844436494681,0.0,0.0,0.005577854342287212,-22.133682773592277,2.0223669539322895,2.7458467158973807,22.39485555670269,20.694300276736712,1.8908497714784815,2.56728069313742,20.938488650315755,0.0,0.0,0.0,0.0,0.012215836335605582,0.005685054040900582,0.011302309734660032,0.003641575223880606
5143360,1255,20,4.2,0,0,35,175,-0.02493482309124767,-1.1088268156424577,0,0,,0.03488636759415193,-0.011924142730643994,0.06447346368715083,0.9999963858583847,0.0,0.0,0.0026885442471022876,0.03488636759415193,-0.012,0.055086033519553074,0.9999994217370489,0.0,0.0,-0.0010754187871217461,0.0,0.0,0.04,1.0,0.0,0.0,0.0,0.03488636759415193,-0.011924142730643994,0.11408441228090926,0.9999840273172813,0.0,0.0,0.005652000558284323,-22.191556951703173,2.027654949901813,2.7151579505637615,22.448801019944394,20.858296281466593,1.9058341780020238,2.5520322484399642,21.100085219651636,0.0,0.0,0.0,0.0,0.012153348073152085,0.004560265316737619,0.01138103166325372,0.0050585699385669895
5147456,1256,20,4.32,0,0,36,180,-0.024599627560521413,-1.133426443202979,0,0,,0.03487445802255348,-0.011931929341459403,0.06454413407821229,0.9999961763858205,0.0,0.0,0.002765359603930165,0.03487445802255348,-0.012,0.05508849162011173,0.9999993882214038,0.0,0.0,-0.0011061450258246428,0.0,0.0,0.04,1.0,0.0,0.0,0.0,0.03487445802255348,-0.011931929341459403,0.11426910530979847,0.9999836453358428,0.0,0.0,0.005719183581529058,-22.21343182368407,2.0296536691691025,2.6892720123130576,22.46749276974273,21.035947307505747,1.9220662514472253,2.5467196962448075,21.27654104901339,0.0,0.0,0.0,0.0,0.012065784787688251,0.0029841261783886373,0.011431938596710307,0.005974894740785548
5151552,1257,20,4.44,0,0,37,185,-0.024264432029795155,-1.1576908752327741,0,0,,0.03486413074038378,-0.011940068269553782,0.06461480446927374,0.9999959610126359,0.0,0.0,0.0028421749444406427,0.03486413074038378,-0.012,0.05509094972067039,0.9999993537616563,0.0,0.0,-0.0011368712634832242,0.0,0.0,0.04,1.0,0.0,0.0,0.0,0.03486413074038378,-0.011940068269553782,0.11445234294092148,0.9999832995869571,0.0,0.0,0.005779320650562444,-22.198584805093514,2.02829708879027,2.6686987908648483,22.450236294206064,21.22073353384957,1.9389502721283873,2.5511421750658276,21.46129973393583,0.0,0.0,0.0,0.0,0.011961813019956032,0.0011126343592086784,0.011449992041892948,0.00629985675407308
5155648,1258,20,4.56,0,0,38,190,-0.023929236499068897,-1.181620111731843,0,0,,0.03485551590928071,-0.011948517389802125,0.0646854748603352,0.9999957397388323,0.0,0.0,0.002918990268180461,0.03485551590928071,-0.012,0.055093407821229054,0.9999993183578066,0.0,0.0,-0.0011675975000684825,0.0,0.0,0.04,1.0,0.0,0.0,0.0,0.03485551590928071,-0.011948517389802125,0.11463409050102806,0.9999829917739305,0.0,0.0,0.005832337683914908,-22.14763204216222,2.0236415063904567,2.6538680756563044,22.397672776080654,21.405830373398064,1.9558626737114984,2.564980750661286,21.647496368503493,0.0,0.0,0.0,0.0,0.011851723333589375,-0.0008689799953911459,0.011433405166370916,0.006001292994676496
5159744,1259,20,4.68,0,0,39,195,-0.023594040968342646,-1.2052141527001856,0,0,,0.03484872210771708,-0.011957232971599804,0.06475614525139664,0.9999955125644108,0.0,0.0,0.0029958055746963598,0.03484872210771708,-0.012,0.05509586592178771,0.9999992820098547,0.0,0.0,-0.001198323735551409,0.0,0.0,0.04,1.0,0.0,0.0,0.0,0.03484872210771708,-0.011957232971599804,0.1148143137758435,0.999982723413181,0.0,0.0,0.005878169371295396,-22.062504002454258,2.0158633098689167,2.6451153921685964,22.3117552689221,21.58436315081552,1.972175313272484,2.5877901798466616,21.828212618248777,0.0,0.0,0.0,0.0,0.011746411810743155,-0.0027645874066230926,0.011383819649436298,0.005108753689853401
5163840,1260,20,4.8,0,0,40,200,-0.023258845437616388,-1.228472998137802,0,0,,0.034843834962513594,-0.011966169905201602,0.0648268156424581,0.9999952794893728,0.0,0.0,0.00307262086353508,0.034843834962513594,-0.012,0.05509832402234637,0.9999992447178006,0.0,0.0,-0.001229049969902994,0.0,0.0,0.04,1.0,0.0,0.0,0.0,0.034843834962513594,-0.011966169905201602,0.11499297902060739,0.9999824958267671,0.0,0.0,0.0059167592539818995,-21.946372363133527,2.005252297139104,2.6426770821750782,22.195676129308296,21.749664549873106,1.9872789944046494,2.6189904691263846,21.99673377824498,0.0,0.0,0.0,0.0,0.011656301616771534,-0.004386570898112268,0.011306143197560457,0.0037105775560882554
5167936,1261,20,4.92,0,0,41,205,-0.02292364990689013,-1.251396648044692,0,0,,0.034840916069626846,-0.011975281935198851,0.06489748603351955,0.9999950405137199,0.0,0.0,0.003149436134243362,0.034840916069626846,-0.012,0.05510078212290503,0.9999992064816442,0.0,0.0,-0.0012597762030942298,0.0,0.0,0.04,1.0,0.0,0.0,0.0,0.034840916069626846,-0.011975281935198851,0.11517005297046769,0.999982310135876,0.0,0.0,0.005948059794315127,-21.803530997382694,1.992200801791312,2.646694271156352,22.053748401427313,21.895525135999897,2.000606357604051,2.6578612862461255,22.14679826512661,0.0,0.0,0.0,0.0,0.011590311371655282,-0.005574395310204804,0.011208063806132164,0.001945148510378963
5172032,1262,20,5.04,0,0,42,210,-0.022588454376163872,-1.273985102420856,0,0,,0.03484000221781429,-0.01198452189992626,0.06496815642458101,0.9999947956374533,0.0,0.0,0.003226251386367945,0.03484000221781429,-0.012,0.05510324022346369,0.9999991673013858,0.0,0.0,-0.001290502435096107,0.0,0.0,0.04,1.0,0.0,0.0,0.0,0.03484000221781429,-0.01198452189992626,0.11534550285072712,0.999982167255299,0.0,0.0,0.005972032434210419,-21.63923554620957,1.9771890346790468,2.6572242515297995,21.89124556132229,22.01642748951055,2.0116532731532484,2.703542134482767,22.272830272894993,0.0,0.0,0.0,0.0,0.011554972433198548,-0.006210496202426033,0.01109928884322533,-1.2800821944020172e-05
5176128,1263,20,5.16,0,0,43,215,-0.022253258845437614,-1.2962383612662935,0,0,,0.034841104924960946,-0.011993841975559286,0.06503882681564246,0.9999945448605745,0.0,0.0,0.003303066619455571,0.034841104924960946,-0.012,0.055105698324022345,0.9999991271770253,0.0,0.0,-0.0013212286658796173,0.0,0.0,0.04,1.0,0.0,0.0,0.0,0.034841104924960946,-0.011993841975559286,0.11551929638693846,0.999982067888926,0.0,0.0,0.005988647642616404,-21.459507587629357,1.9607671907478597,2.674256884653089,21.714205575266842,22.10775505931395,2.019997924201274,2.755040670442789,22.370146947934714,0.0,0.0,0.0,0.0,0.011553782458533427,-0.006231915746398221,0.010990584266772466,-0.001969483198095583
5180224,1264,20,5.28,0,0,44,220,-0.021918063314711363,-1.318156424581005,0,0,,0.03484421029291183,-0.012003193923638696,0.0651094972067039,0.9999942881830849,0.0,0.0,0.0033798818330529803,0.03484421029291183,-0.012,0.05510815642458101,0.9999990861085628,0.0,0.0,-0.001351954895415752,0.0,0.0,0.04,1.0,0.0,0.0,0.0,0.03484421029291183,-0.012003193923638696,0.11569140181484587,0.9999820125262775,0.0,0.0,0.005997884951862441,-21.27091072893449,1.9435349904610193,2.69773299104669,21.52920655269089,22.16596775150126,2.0253168503909778,2.8112506908488815,22.435132385432222,0.0,0.0,0.0,0.0,0.011586859224920816,-0.005636533951425205,0.01089270906823528,-0.0037312367717649347
5184320,1265,20,5.4,0,0,45,225,-0.0215828677839851,-1.33973929236499,0,0,,0.034849279182639636,-0.012012529340741181,0.06518016759776536,0.9999940256049861,0.0,0.0,0.0034566970267069144,0.034849279182639636,-0.012,0.05511061452513966,0.9999990440959983,0.0,0.0,-0.0013826811236755019,0.0,0.0,0.04,1.0,0.0,0.0,0.0,0.034849279182639636,-0.012012529340741181,0.11586178789016897,0.9999820014400932,0.0,0.0,0.0059997329828504345,-21.080307004332273,1.926119421715639,2.7275614289853785,21.343122329511658,22.188737478955044,2.027397333102491,2.870980223060422,22.46537198217424,0.0,0.0,0.0,0.0,0.011650928972793684,-0.004483278489713585,0.010815350405778924,-0.005123692695979337
5188416,1266,20,5.52,0,0,46,230,-0.021247672253258847,-1.3609869646182489,0,0,,0.03485624770754011,-0.012021799909003771,0.06525083798882682,0.9999937571262796,0.0,0.0,0.0035335121999641125,0.03485624770754011,-0.012,0.055113072625698326,0.9999990011393317,0.0,0.0,-0.001413407350629859,0.0,0.0,0.04,1.0,0.0,0.0,0.0,0.03485624770754011,-0.012021799909003771,0.11603042389822675,0.9999820346849881,0.0,0.0,0.005994189459060269,-20.89460271725362,1.9091515173125133,2.7636316897455466,21.16286706343176,22.17503838336299,2.026145639089004,2.932988945847778,22.459742153704404,0.0,0.0,0.0,0.0,0.01173965042478532,-0.0028862923538641185,0.01076616482171299,-0.006009033209166175
5192512,1267,20,5.64,0,0,47,235,-0.02091247672253259,-1.3818994413407815,0,0,,0.03486502803863757,-0.012030957646205424,0.06532150837988827,0.9999934827469671,0.0,0.0,0.0036103273523713174,0.03486502803863757,-0.012,0.05511553072625698,0.9999989572385632,0.0,0.0,-0.0014441335762498137,0.0,0.0,0.04,1.0,0.0,0.0,0.0,0.03486502803863757,-0.012030957646205424,0.11619727966339839,0.9999821120971842,0.0,0.0,0.005981261209351753,-20.7204932875198,1.8932430414992711,2.805819353967208,20.995138331038344,22.12518815373493,2.0215907957727346,2.9960329742393994,22.418452082301652,0.0,0.0,0.0,0.0,0.011844242411090401,-0.0010036366003726594,0.010750020439315007,-0.0062996320923298516
5196608,1268,20,5.76,0,0,48,240,-0.02057728119180633,-1.4024767225325878,0,0,,0.03487550951155219,-0.012039955154111397,0.06539217877094972,0.99999320246705,0.0,0.0,0.00368714248347527,0.03487550951155219,-0.012,0.05511798882681564,0.999998912393693,0.0,0.0,-0.0014748598005063578,0.0,0.0,0.04,1.0,0.0,0.0,0.0,0.03487550951155219,-0.012039955154111397,0.11636232555841809,0.9999822332953163,0.0,0.0,0.005960964159559642,-20.56421672071654,1.87896396432943,2.8539826063272256,20.84616827220448,22.04083874617559,2.0138837433053838,3.0589139992421006,22.34303594458963,0.0,0.0,0.0,0.0,0.01195435298219273,0.0009783536794692323,0.010768515142299193,-0.005966727438614525
5200704,1269,20,5.88,0,0,49,245,-0.020242085661080073,-1.422718808193668,0,0,,0.03488756002127712,-0.012048745863795068,0.06546284916201117,0.9999929162865302,0.0,0.0,0.0037639575928227107,0.03488756002127712,-0.012,0.0551204469273743,0.9999988666047208,0.0,0.0,-0.0015055860233704828,0.0,0.0,0.04,1.0,0.0,0.0,0.0,0.03488756002127712,-0.012048745863795068,0.11652553251350091,0.9999823976823116,0.0,0.0,0.005933323312892028,-20.43132499586452,1.8668215732262001,2.907949106414866,20.72149202828793,21.924916785506365,2.0032918890310385,3.120529000813135,22.236295907568604,0.0,0.0,0.0,0.0,0.012059083988879168,0.0028635117998251276,0.010819818424922484,-0.0050432683513952515
5204800,1270,20,6.0,0,0,50,250,-0.019906890130353818,-1.4426256983240218,0,0,,0.03490102768718615,-0.012057284276667433,0.06553351955307263,0.9999926242054092,0.0,0.0,0.0038407726799603824,0.03490102768718615,-0.012,0.05512290502793296,0.9999988198716468,0.0,0.0,-0.0015363122448131795,0.0,0.0,0.04,1.0,0.0,0.0,0.0,0.03490102768718615,-0.012057284276667433,0.11668687202529689,0.9999826044483303,0.0,0.0,0.005898372719156007,-20.326481969743455,1.8572420073877267,2.967493745578116,20.62574207805277,21.78151591659015,1.9901892715666123,3.1799163449880177,22.102198011113074,0.0,0.0,0.0,0.0,0.012148069722147535,0.0044652549986557355,0.01089885256554967,-0.0036206538201059243
5208896,1271,20,6.12,0,0,51,255,-0.019571694599627563,-1.4621973929236494,0,0,,0.034915742767286755,-0.01206552619996682,0.06560418994413408,0.9999923262236889,0.0,0.0,0.003917587744435025,0.034915742767286755,-0.012,0.055125363128491624,0.9999987721944712,0.0,0.0,-0.0015670384648054393,0.0,0.0,0.04,1.0,0.0,0.0,0.0,0.034915742767286755,-0.01206552619996682,0.1168463161656707,0.999982852574756,0.0,0.0,0.005856155432848232,-20.253295343447384,1.8505549044774259,3.0323090498111034,20.562476112982097,21.615745281369115,1.975042716064183,3.2362940905966404,21.945724805531945,0.0,0.0,0.0,0.0,0.012212502855060096,0.005625051391081847,0.010997795192097265,-0.0018396865422492124
5212992,1272,20,6.24,0,0,52,260,-0.0192364990689013,-1.4814338919925507,0,0,,0.03493151979759183,-0.012073428975489936,0.06567486033519553,0.9999920223413709,0.0,0.0,0.003994402785793383,0.03493151979759183,-0.012,0.05512782122905028,0.9999987235731937,0.0,0.0,-0.0015977646833182544,0.0,0.0,0.04,1.0,0.0,0.0,0.0,0.03493151979759183,-0.012073428975489936,0.11700383759030428,0.9999831408392129,0.0,0.0,0.005806723460161536,-20.214188870909133,1.8469817242455047,3.101971082865239,20.534044847457984,21.433540035404608,1.9583945210014362,3.2890867804714072,21.7726902195997,0.0,0.0,0.0,0.0,0.012246006144362904,0.006228110598532369,0.011106853498144779,0.00012336296660602907
5217088,1273,20,6.36,0,0,53,265,-0.018901303538175044,-1.5003351955307258,0,0,,0.03494815992964625,-0.01208095170038042,0.06574553072625698,0.9999917125584571,0.0,0.0,0.004071217803582196,0.03494815992964625,-0.012,0.05513027932960894,0.9999986740078146,0.0,0.0,-0.0016284909003226144,0.0,0.0,0.04,1.0,0.0,0.0,0.0,0.03494815992964625,-0.01208095170038042,0.1171594095471193,0.999983467821588,0.0,0.0,0.005750137694972361,-20.210319371632245,1.846628165935941,3.175904539724957,20.541504675462484,21.241441300170038,1.9408423522998006,3.3379378432881683,21.589523537834395,0.0,0.0,0.0,0.0,0.01224526361555598,0.006214745080007755,0.011215233481987018,0.002074202675766354
5221184,1274,20,6.48,0,0,54,270,-0.01856610800744879,-1.5189013035381747,0,0,,0.034965453436746806,-0.012088055438832146,0.06581620111731844,0.9999913968749492,0.0,0.0,0.004148032797348206,0.034965453436746806,-0.012,0.0551327374301676,0.9999986234983339,0.0,0.0,-0.0016592171157895118,0.0,0.0,0.04,1.0,0.0,0.0,0.0,0.034965453436746806,-0.012088055438832146,0.11731300588451761,0.9999838319110267,0.0,0.0,0.005686467843887206,-20.24154131799276,1.8494809326084756,3.2533512022746787,20.584578419132914,21.046354103038087,1.9230171261659168,3.3827059090482092,21.403030513576933,0.0,0.0,0.0,0.0,0.012210348760127492,0.005586277682294964,0.011312208278584552,0.0038197490145219677
5225280,1275,20,6.6,0,0,55,275,-0.01823091247672253,-1.5371322160148972,0,0,,0.03498318235726802,-0.012094703423611547,0.0658868715083799,0.9999910752908492,0.0,0.0,0.004224847766638154,0.03498318235726802,-0.012,0.05513519553072626,0.9999985720447517,0.0,0.0,-0.0016899433296899374,0.0,0.0,0.04,1.0,0.0,0.0,0.0,0.03498318235726802,-0.012094703423611547,0.11746460105943635,0.9999842313138688,0.0,0.0,0.005615792340439696,-20.306419888795105,1.8554089238492988,3.33334599644734,20.6616656276009,20.855292634014468,1.9055597330571594,3.4234447326034645,21.22014049396981,0.0,0.0,0.0,0.0,0.012144717261763442,0.004404910711742055,0.01138817984668981,0.005187237240416609
5229376,1276,20,6.72,0,0,56,280,-0.017895716945996273,-1.5550279329608936,0,0,,0.03500112324177811,-0.012100861246355921,0.06595754189944134,0.9999907478061588,0.0,0.0,0.004301662710998786,0.03500112324177811,-0.012,0.055137653631284915,0.9999985196470679,0.0,0.0,-0.0017206695419948825,0.0,0.0,0.04,1.0,0.0,0.0,0.0,0.03500112324177811,-0.012100861246355921,0.11761417014521586,0.9999846640624844,0.0,0.0,0.005538198248543135,-20.40229150619097,1.8641687670631344,3.4147045258484185,20.769902043450653,20.67512251883196,1.8890974890303311,3.4603678913274525,21.047648952676475,0.0,0.0,0.0,0.0,0.01205486497145336,0.0027875694861605933,0.011435628931095248,0.00604132075971449
5233472,1277,20,6.84,0,0,57,285,-0.017560521415270015,-1.5725884543761637,0,0,,0.03501904996932153,-0.012106497035662819,0.06602821229050279,0.9999904144208802,0.0,0.0,0.004378477629976842,0.03501904996932153,-0.012,0.05514011173184358,0.9999984663052827,0.0,0.0,-0.001751395752675339,0.0,0.0,0.04,1.0,0.0,0.0,0.0,0.03501904996932153,-0.012106497035662819,0.11776168883927773,0.9999851280249671,0.0,0.0,0.005453781155316591,-20.525369089487707,1.8754144345724808,3.496025187163725,20.90526602725695,20.512309769468175,1.8742211972102898,3.4938008319515736,20.89196499681247,0.0,0.0,0.0,0.0,0.011949684983267494,0.0008943296988149974,0.011449859277874468,0.006297467001740444
5237568,1278,20,6.96,0,0,58,290,-0.01722532588454376,-1.5898137802607075,0,0,,0.035036736597372414,-0.012111581622048704,0.06609888268156425,0.9999900751350153,0.0,0.0,0.004455292523119064,0.035036736597372414,-0.012,0.05514256983240223,0.999998412019396,0.0,0.0,-0.0017821219617022977,0.0,0.0,0.04,1.0,0.0,0.0,0.0,0.035036736597372414,-0.012111581622048704,0.11790713347061044,0.9999856209156365,0.0,0.0,0.005362645053415556,-20.670887642957233,1.888710546057006,3.5757078645854046,21.062727985885562,20.37268564707514,1.8614636631845307,3.5241240506569325,20.758873229737603,0.0,0.0,0.0,0.0,0.011839587443970224,-0.0010874260085358548,0.011429462444214014,0.005930323995852272
5241664,1279,20,7.08,0,0,59,295,-0.016890130353817506,-1.606703910614525,0,0,,0.03505396020953927,-0.01211608868892316,0.0661695530726257,0.9999897299485659,0.0,0.0,0.004532107389972197,0.03505396020953927,-0.012,0.055145027932960895,0.999998356789408,0.0,0.0,-0.0018128481690467494,0.0,0.0,0.04,1.0,0.0,0.0,0.0,0.03505396020953927,-0.01211608868892316,0.11805048100706053,0.9999861403062982,0.0,0.0,0.005264902213011123,-20.83328440585651,1.9035488289615086,3.651989854186939,21.23643725238838,20.261235900612704,1.851280437619435,3.5517120824945456,20.653318817950957,0.0,0.0,0.0,0.0,0.011735469212957058,-0.0029615541667728515,0.011376457198470837,0.00497622957247509
5245760,1280,20,7.2,0,0,60,300,-0.016554934823091248,-1.6232588454376164,0,0,,0.035070503725129154,-0.012119994908797203,0.06624022346368715,0.9999893788615343,0.0,0.0,0.004608922230082981,0.035070503725129154,-0.012,0.05514748603351955,0.9999983006153186,0.0,0.0,-0.0018435743746796865,0.0,0.0,0.04,1.0,0.0,0.0,0.0,0.035070503725129154,-0.012119994908797203,0.11819170906242715,0.9999866836382059,0.0,0.0,0.005160673043574319,-21.00640667310514,1.9193671071872715,3.722998207359681,21.41993947377144,20.181921783670802,1.844033462467383,3.576873464888177,20.57922374815743,0.0,0.0,0.0,0.0,0.011647635350005901,-0.004542563699893667,0.011296089713391159,0.0035296148410408888
5249856,1281,20,7.32,0,0,61,305,-0.01621973929236499,-1.6394785847299815,0,0,,0.03508615863516072,-0.012123280064020725,0.0663108938547486,0.9999890218739224,0.0,0.0,0.004685737042998162,0.03508615863516072,-0.012,0.05514994413407821,0.999998243497128,0.0,0.0,-0.0018743005785720995,0.0,0.0,0.04,1.0,0.0,0.0,0.0,0.03508615863516072,-0.012123280064020725,0.11833079590335746,0.9999872482346671,0.0,0.0,0.00505008594563476,-21.183739566881265,1.9355701127099632,3.786816237992194,21.60641642936163,20.13753896651985,1.8399781796820165,3.5997968777353466,20.539341101670335,0.0,0.0,0.0,0.0,0.011584779176156008,-0.00567397482919175,0.011196314328286045,0.0017336579091488228
5253952,1282,20,7.44,0,0,62,310,-0.015884543761638732,-1.6553631284916204,0,0,,0.03510072763034226,-0.012125927151424161,0.06638156424581006,0.9999886589857322,0.0,0.0,0.0047625518282644825,0.03510072763034226,-0.012,0.05515240223463687,0.9999981854348361,0.0,0.0,-0.0019050267806949804,0.0,0.0,0.04,1.0,0.0,0.0,0.0,0.03510072763034226,-0.012125927151424161,0.11846772045604098,0.9999878313142289,0.0,0.0,0.004933277152695104,-21.35864550790462,1.951551366204483,3.841560641395315,21.788939369064902,20.129619016243993,1.8392545294030045,3.620508243861572,20.53515276074008,0.0,0.0,0.0,0.0,0.011553121855776293,-0.006243806596026619,0.011087006271517198,-0.0002338871126904204
5258048,1283,20,7.56,0,0,63,315,-0.015549348230912474,-1.670912476722533,0,0,,0.03511402708789252,-0.012127922470322796,0.06645223463687151,0.9999882901969662,0.0,0.0,0.004839366585428684,0.03511402708789252,-0.012,0.05515486033519553,0.9999981264284431,0.0,0.0,-0.0019357529810193196,0.0,0.0,0.04,1.0,0.0,0.0,0.0,0.03511402708789252,-0.012127922470322796,0.11860246231270076,0.9999884300043809,0.0,0.0,0.00481039056349497,-21.52460689174345,1.96671535051463,3.8854646400909725,21.960726458463,20.158376576736764,1.8418821237627498,3.638842734014951,20.566814347639248,0.0,0.0,0.0,0.0,0.011555796659339632,-0.006195660131886523,0.010978984263766381,-0.0021782832522051353
5262144,1284,20,7.68,0,0,64,320,-0.015214152700186218,-1.686126629422719,0,0,,0.0351258893858613,-0.01212925569342819,0.06652290502793295,0.9999879155076262,0.0,0.0,0.004916181314037512,0.0351258893858613,-0.012,0.05515731843575419,0.999998066477949,0.0,0.0,-0.0019664791795161087,0.0,0.0,0.04,1.0,0.0,0.0,0.0,0.0351258893858613,-0.01212925569342819,0.11873500173787953,0.9999890413557063,0.0,0.0,0.004681577564829756,-21.675463502319328,1.9804992032576034,3.9169618943514646,22.115394765101588,20.22270379642164,1.8477597377441093,3.654434432872194,20.63314944235117,0.0,0.0,0.0,0.0,0.011592538849245835,-0.005534300713574877,0.01088293973953425,-0.00390708468838349
5266240,1285,20,7.8,0,0,65,325,-0.014878957169459962,-1.701005586592179,0,0,,0.03513616501578093,-0.012129919920299728,0.06659357541899441,0.9999875349177147,0.0,0.0,0.0049929960136377086,0.03513616501578093,-0.012,0.05515977653631285,0.9999980055833538,0.0,0.0,-0.0019972053761563397,0.0,0.0,0.04,1.0,0.0,0.0,0.0,0.03513616501578093,-0.012129919920299728,0.1188653196745186,0.9999896623564117,0.0,0.0,0.0045469968451415915,-21.80563646967037,1.9923931799698815,3.93476565422028,22.24719742315064,20.320211969392332,1.8566691139546292,3.666724988965637,20.73169329370984,0.0,0.0,0.0,0.0,0.011659711882118487,-0.004325186121867119,0.01080837866673749,-0.005249183998725152
5270336,1286,20,7.92,0,0,66,330,-0.014543761638733705,-1.7155493482309125,0,0,,0.03514472446702137,-0.012129911713059641,0.06666424581005587,0.9999871484272339,0.0,0.0,0.005069810683776019,0.03514472446702137,-0.012,0.05516223463687151,0.9999979437446578,0.0,0.0,-0.002027931570911003,0.0,0.0,0.04,1.0,0.0,0.0,0.0,0.03514472446702137,-0.012129911713059641,0.11899339774982791,0.9999902899471647,0.0,0.0,0.004406814199110955,-21.91033107938114,2.0019591849180736,3.937937809312255,22.351237164331284,20.447318810774032,1.8682829370250384,3.6749910146169755,20.858784399857246,0.0,0.0,0.0,0.0,0.01175066733421393,-0.0026879879841491604,0.010762680697381316,-0.006071747447136301
5274432,1287,20,8.04,0,0,67,335,-0.014208566108007449,-1.72975791433892,0,0,,0.03515145985909921,-0.012129231114186616,0.06673491620111732,0.9999867560361859,0.0,0.0,0.005146625323999187,0.03515145985909921,-0.012,0.05516469273743017,0.9999978809618607,0.0,0.0,-0.0020586577637510903,0.0,0.0,0.04,1.0,0.0,0.0,0.0,0.03515145985909921,-0.012129231114186616,0.1191192182809452,0.9999909210361654,0.0,0.0,0.004261202323488617,-21.98571144672489,2.008846731172832,3.9259431004883836,22.423648281139844,20.59937830804714,1.8821766981972006,3.6783884541919103,21.009700555248568,0.0,0.0,0.0,0.0,0.011856402926470657,-0.0007847473235280432,0.010750368769488797,-0.006293362149201621
5278528,1288,20,8.16,0,0,68,340,-0.013873370577281191,-1.743631284916201,0,0,,0.03515628630136754,-0.012127881646295953,0.06680558659217876,0.9999863577445731,0.0,0.0,0.0052234399338539576,0.03515628630136754,-0.012,0.05516715083798883,0.9999978172349628,0.0,0.0,-0.002089383954647593,0.0,0.0,0.04,1.0,0.0,0.0,0.0,0.03515628630136754,-0.012127881646295953,0.11924276428038273,0.9999915525143779,0.0,0.0,0.004110340604418509,-22.02904096284883,2.0128057732552227,3.8986847453721754,22.46174026133146,20.7708487016331,1.8978440438040394,3.6760107313822026,21.17883430923366,0.0,0.0,0.0,0.0,0.011966453521436231,0.0011961633858522606,0.010772661451140465,-0.005892093879471611
5282624,1289,20,8.28,0,0,69,345,-0.013538175046554937,-1.7571694599627559,0,0,,0.0351591429629494,-0.012125870293907345,0.06687625698324022,0.9999859535523979,0.0,0.0,0.005300254512887072,0.0351591429629494,-0.012,0.055169608938547485,0.9999977525639641,0.0,0.0,-0.002120110143571502,0.0,0.0,0.04,1.0,0.0,0.0,0.0,0.0351591429629494,-0.012125870293907345,0.11936401946125996,0.9999921812708469,0.0,0.0,0.003954414896512528,-22.038783489523247,2.0136959533574537,3.856519017859857,22.464097756771032,20.955492874761184,1.9147150850035597,3.6669563380647134,21.359901316864267,0.0,0.0,0.0,0.0,0.012069926906011372,0.0030586843082048036,0.010827352333191684,-0.004907658002549652
5286720,1290,20,8.4,0,0,70,350,-0.013202979515828678,-1.7703724394785845,0,0,,0.03515999383943007,-0.012123207467294703,0.06694692737430168,0.9999855434596627,0.0,0.0,0.005377069060645279,0.03515999383943007,-0.012,0.05517206703910615,0.9999976869488646,0.0,0.0,-0.002150836330493809,0.0,0.0,0.04,1.0,0.0,0.0,0.0,0.03515999383943007,-0.012123207467294703,0.11948296824232008,0.9999928042080238,0.0,0.0,0.003793617293948662,-22.014661510047272,2.0114919146236088,3.800247805254303,22.4306331722021,21.1466043019037,1.9321770428135359,3.6504007363553677,21.546173840430498,0.0,0.0,0.0,0.0,0.012156581843833409,0.004618473189001479,0.010909028407724824,-0.003437488660953148
5290816,1291,20,8.52,0,0,71,355,-0.012867783985102419,-1.7832402234636868,0,0,,0.035158828206644704,-0.012119906948605088,0.06701759776536313,0.9999851274663699,0.0,0.0,0.005453883576675322,0.035158828206644704,-0.012,0.0551745251396648,0.9999976203896644,0.0,0.0,-0.002181562515385506,0.0,0.0,0.04,1.0,0.0,0.0,0.0,0.035158828206644704,-0.012119906948605088,0.11959959575272947,0.9999934182570267,0.0,0.0,0.0036281458938735955,-21.957668821293982,2.0062844608288914,3.731089723405464,22.36258991994199,21.337250749062306,1.949596515142749,3.6256670798471573,21.73073072572812,0.0,0.0,0.0,0.0,0.012217841697500635,0.005721150555011535,0.01100960581831725,-0.0016270952702895018
5294912,1292,20,8.64,0,0,72,360,-0.012532588454376162,-1.795772811918063,0,0,,0.03515566075584218,-0.012115985820525648,0.06708826815642457,0.999984705572522,0.0,0.0,0.005530698060523945,0.03515566075584218,-0.012,0.055176983240223465,0.9999975528863637,0.0,0.0,-0.0022122886982175833,0.0,0.0,0.04,1.0,0.0,0.0,0.0,0.03515566075584218,-0.012115985820525648,0.11971388783665826,0.999994020392759,0.0,0.0,0.0034582045524006733,-21.87003685377759,1.9982774790253637,3.6506318710145282,22.26249621957154,21.520527175152868,1.966342584531734,3.5922903519514233,21.906714564921852,0.0,0.0,0.0,0.0,0.01224764329778818,0.006257579360187348,0.011119129956459224,0.000344339216266049
5299008,1293,20,8.76,0,0,73,365,-0.012197392923649904,-1.8079702048417128,0,0,,0.03515053140852144,-0.012111464377867762,0.06715893854748603,0.9999842777781213,0.0,0.0,0.005607512511737892,0.03515053140852144,-0.012,0.05517944134078212,0.9999974844389623,0.0,0.0,-0.0022430148789610318,0.0,0.0,0.04,1.0,0.0,0.0,0.0,0.03515053140852144,-0.012111464377867762,0.11982583105764069,0.9999946076488129,0.0,0.0,0.0032840026335031794,-21.755155301607044,1.987780687456481,3.5607656232731464,22.134071159241124,21.689808792339026,1.9818099404167637,3.55007006166595,22.067586490844413,0.0,0.0,0.0,0.0,0.012243037043368285,0.006174666780629232,0.011226760714902534,0.002281692868245631
5303104,1294,20,8.88,0,0,74,370,-0.01186219739292365,-1.8198324022346364,0,0,,0.03514350481327419,-0.012106366022525995,0.06722960893854749,0.9999838440831704,0.0,0.0,0.0056843269298639115,0.03514350481327419,-0.012,0.05518189944134078,0.9999974150474605,0.0,0.0,-0.002273741057586844,0.0,0.0,0.04,1.0,0.0,0.0,0.0,0.03514350481327419,-0.012106366022525995,0.11993541270271374,0.999995177132083,0.0,0.0,0.003105754751111852,-21.617449388892645,1.9751984213201403,3.4636108909053354,21.982086508985414,21.838995045013984,1.9954411716256435,3.499107583117735,22.20736913557741,0.0,0.0,0.0,0.0,0.012204478836408008,0.0054806190553442526,0.011321845382888392,0.003993216891991087
5307200,1295,20,9.0,0,0,75,375,-0.011527001862197392,-1.8313594040968337,0,0,,0.0351346695309755,-0.012100717142355553,0.06730027932960894,0.999983404487672,0.0,0.0,0.0057611413144487466,0.0351346695309755,-0.012,0.05518435754189944,0.9999973447118583,0.0,0.0,-0.0023044672340660106,0.0,0.0,0.04,1.0,0.0,0.0,0.0,0.0351346695309755,-0.012100717142355553,0.12004262078633306,0.9999957260370197,0.0,0.0,0.002923680504734015,-21.4622177376947,1.9610148186726124,3.36143391685616,21.81218942052039,21.96273539783697,2.0067473967566776,3.439825491266141,22.320868725928996,0.0,0.0,0.0,0.0,0.012135784959836748,0.004244129277061586,0.011394972993883637,0.005309513889905467
5311296,1296,20,9.12,0,0,76,380,-0.011191806331471136,-1.8425512104283048,0,0,,0.035124136918591904,-0.012094546974595114,0.0673709497206704,0.9999829589916286,0.0,0.0,0.005837955665039145,0.035124136918591904,-0.012,0.0551868156424581,0.9999972734321557,0.0,0.0,-0.0023351934083695233,0.0,0.0,0.04,1.0,0.0,0.0,0.0,0.035124136918591904,-0.012094546974595114,0.12014744405406481,0.9999962516594509,0.0,0.0,0.002738004208919745,-21.295436367989062,1.9457759117959548,3.256563896190268,21.630692601300737,22.056628307723564,2.0153264443605283,3.3729677184071547,22.403868063614105,0.0,0.0,0.0,0.0,0.012043754362287752,0.0025875785211796625,0.011438905772184736,0.006100303899325252
5315392,1297,20,9.24,0,0,77,385,-0.01085661080074488,-1.8534078212290497,0,0,,0.035112039725675157,-0.012087887454541953,0.06744162011173184,0.9999825075950427,0.0,0.0,0.005914769981181851,0.035112039725675157,-0.012,0.05518927374301676,0.9999972012083528,0.0,0.0,-0.002365919580468373,0.0,0.0,0.04,1.0,0.0,0.0,0.0,0.035112039725675157,-0.012087887454541953,0.12024987198605226,0.9999967514099039,0.0,0.0,0.002548954616908306,-21.123535778015313,1.9300692589049522,3.151313471609621,21.444339759144164,22.117385601676713,2.0208778722344203,3.2995809004612164,22.453283219752773,0.0,0.0,0.0,0.0,0.011937495734908678,0.0006749232283563059,0.01144929548883892,0.006287318799100596
5319488,1298,20,9.36,0,0,78,390,-0.010521415270018621,-1.8639292364990683,0,0,,0.0350985304212309,-0.012080773050262558,0.0675122905027933,0.9999820502979172,0.0,0.0,0.005991584262423611,0.0350985304212309,-0.012,0.05519173184357542,0.9999971280404496,0.0,0.0,-0.0023966457503335516,0.0,0.0,0.04,1.0,0.0,0.0,0.0,0.0350985304212309,-0.012080773050262558,0.12034989480025618,0.9999972228263623,0.0,0.0,0.002356764638795235,-20.9531592475182,1.9145018601793282,3.047907505773013,21.260055032577764,22.14295567990997,2.0232142245603018,3.2209787564512777,22.467278121535568,0.0,0.0,0.0,0.0,0.011827525982341528,-0.0013045323178523956,0.011425113825845061,0.005852048865211117
5323584,1299,20,9.48,0,0,79,395,-0.010186219739292367,-1.8741154562383606,0,0,,0.03508377927204997,-0.012073240584194242,0.06758296089385475,0.9999815871002548,0.0,0.0,0.006068398508311173,0.03508377927204997,-0.012,0.05519418994413408,0.9999970539284463,0.0,0.0,-0.00242737191793605,0.0,0.0,0.04,1.0,0.0,0.0,0.0,0.03508377927204997,-0.012073240584194242,0.12044750345546781,0.9999976635863965,0.0,0.0,0.0021616710545674803,-20.79091140536646,1.8996771842466817,2.9484235310199365,21.084685717088995,22.132600476889404,2.02226806387822,3.138692613152116,22.445332773466347,0.0,0.0,0.0,0.0,0.01172472931634191,-0.0031548723058454995,0.01136875415351166,0.0048375747632099135
5327680,1300,20,9.6,0,0,80,400,-0.009851024208566109,-1.8839664804469267,0,0,,0.035067972196722176,-0.012065329042561116,0.0676536312849162,0.9999811180020579,0.0,0.0,0.006145212718391281,0.035067972196722176,-0.012,0.05519664804469274,0.999996978872343,0.0,0.0,-0.0024580980832468588,0.0,0.0,0.04,1.0,0.0,0.0,0.0,0.035067972196722176,-0.012065329042561116,0.12054268965409388,0.9999980715186041,0.0,0.0,0.0019639142223602875,-20.643106647238838,1.8861721809659853,2.8547460301510434,20.924747846561722,22.086922883861238,2.018094476697981,3.0544121337177144,22.388262578349266,0.0,0.0,0.0,0.0,0.011639279995325354,-0.004692960084143503,0.011285794647599174,0.0033443036567851496
5331776,1301,20,9.72,0,0,81,405,-0.009515828677839849,-1.8934823091247666,0,0,,0.035051308422380155,-0.012057079373590808,0.06772430167597765,0.9999806430033297,0.0,0.0,0.006222026892210684,0.035051308422380155,-0.012,0.0551991061452514,0.9999969028721396,0.0,0.0,-0.002488824246236971,0.0,0.0,0.04,1.0,0.0,0.0,0.0,0.035051308422380155,-0.012057079373590808,0.12063544584471247,0.999998444613308,0.0,0.0,0.0017637377822956766,-20.51552713698526,1.8745151698768259,2.7685353358119578,20.786184083090298,22.007843287359204,2.0108689298094706,2.9699208506430557,22.298188040128263,0.0,0.0,0.0,0.0,0.01157963533125816,-0.005766564037353031,0.0111844461916316,0.0015200314493688256
5335872,1302,20,9.84,0,0,82,410,-0.009180633147113593,-1.9026629422718802,0,0,,0.03503399797370664,-0.012048534275576329,0.0677949720670391,0.9999801621040726,0.0,0.0,0.006298841029316128,0.03503399797370664,-0.012,0.055201564245810054,0.9999968259278362,0.0,0.0,-0.002519550406877377,0.0,0.0,0.04,1.0,0.0,0.0,0.0,0.03503399797370664,-0.012048534275576329,0.12072576522439887,0.9999987810324575,0.0,0.0,0.0015613883562677808,-20.413199858006315,1.8651654692594601,2.6912105891628535,20.6741429110338,21.898525916825466,2.0008805406236467,2.88703119767396,22.17845597430231,0.0,0.0,0.0,0.0,0.011551698630628195,-0.006269424648692391,0.011074739708022639,-0.000454685255592477
5339968,1303,20,9.96,0,0,83,415,-0.008845437616387336,-1.9115083798882675,0,0,,0.035016259025853105,-0.012039737975880033,0.06786564245810056,0.9999796753042898,0.0,0.0,0.006375655129254359,0.035016259025853105,-0.012,0.05520402234636872,0.9999967480394331,0.0,0.0,-0.002550276565139068,0.0,0.0,0.04,1.0,0.0,0.0,0.0,0.035016259025853105,-0.012039737975880033,0.1208136417408212,0.9999990791186831,0.0,0.0,0.0013571152440455011,-20.340201504415294,1.8584955689313465,2.6239450058358815,20.592787339590693,21.763257721293442,1.988521010067421,2.80752338643799,22.03351515342739,0.0,0.0,0.0,0.0,0.011558234917074337,-0.006151771492661819,0.010967533351589304,-0.0023843996713924886
5344064,1304,20,10.08,0,0,84,420,-0.00851024208566108,-1.9200186219739286,0,0,,0.034998315154632476,-0.012030736002023477,0.06793631284916202,0.9999791826039839,0.0,0.0,0.006452469191572127,0.034998315154632476,-0.012,0.05520648044692737,0.99999666920693,0.0,0.0,-0.0025810027209930354,0.0,0.0,0.04,1.0,0.0,0.0,0.0,0.034998315154632476,-0.012030736002023477,0.12089907009410453,0.9999993374034625,0.0,0.0,0.0011511701160675672,-20.29949894593631,1.854776553435805,2.5676707756794506,20.54514022175373,21.607284411252294,1.9742696416372654,2.733091731590405,21.86875100822918,0.0,0.0,0.0,0.0,0.011598597264290814,-0.005425249242765242,0.010873437828073203,-0.004078119094682329
5348160,1305,20,10.2,0,0,85,425,-0.008175046554934822,-1.9281936685288634,0,0,,0.03498039251864383,-0.012021574946047968,0.06800698324022346,0.9999786840031579,0.0,0.0,0.006529283215816178,0.03498039251864383,-0.012,0.055208938547486035,0.9999965894303273,0.0,0.0,-0.002611728874410271,0.0,0.0,0.04,1.0,0.0,0.0,0.0,0.03498039251864383,-0.012021574946047968,0.12098204573846348,0.9999995546143542,0.0,0.0,0.0009438067033091821,-20.29283161666568,1.8541673558374734,2.5230903589020053,20.53297193698428,21.43661001685842,1.958675026921074,2.665300983262414,21.690285526182883,0.0,0.0,0.0,0.0,0.011668790825296503,-0.004161765144662838,0.010801766203833909,-0.005368208330989626
5352256,1306,20,10.32,0,0,86,430,-0.007839851024208566,-1.936033519553072,0,0,,0.0349627170088444,-0.012012302223365415,0.06807765363128492,0.9999781795018149,0.0,0.0,0.006606097201533261,0.0349627170088444,-0.012,0.05521139664804469,0.9999965087096249,0.0,0.0,-0.002642455025361766,0.0,0.0,0.04,1.0,0.0,0.0,0.0,0.0349627170088444,-0.012012302223365415,0.12106256488360234,0.9999997296812679,0.0,0.0,0.000735280484603259,-20.3206405333234,1.8567082720803105,2.4906907816563333,20.55673461087595,21.257767751639737,1.9423341092868793,2.6055539977086086,21.504749782541737,0.0,0.0,0.0,0.0,0.011761868220798184,-0.002486372025632602,0.010759612148875018,-0.0061269813202496455
5356352,1307,20,10.44,0,0,87,435,-0.0075046554934823095,-1.9435381750465544,0,0,,0.03494551140149497,-0.012002965827347622,0.06814832402234637,0.9999776690999577,0.0,0.0,0.006682911148270122,0.03494551140149497,-0.012,0.05521385474860335,0.9999964270448229,0.0,0.0,-0.0026731811738185114,0.0,0.0,0.04,1.0,0.0,0.0,0.0,0.03494551140149497,-0.012002965827347622,0.12114062449588262,0.9999998617417354,0.0,0.0,0.0005258483718023123,-20.382046820853038,1.8623189988596682,2.4707577811007297,20.61554531594614,21.07757107443624,1.9258694382733619,2.5550708030748916,21.319037555666352,0.0,0.0,0.0,0.0,0.011868617153244469,-0.0005648912415994627,0.010751147843726355,-0.006279338812925578
5360448,1308,20,10.56,0,0,88,440,-0.007169459962756053,-1.9507076350093104,0,0,,0.03492899255036171,-0.011993614080924185,0.06821899441340783,0.9999771527975891,0.0,0.0,0.00675972505557351,0.03492899255036171,-0.012,0.05521631284916201,0.9999963444359216,0.0,0.0,-0.002703907319751499,0.0,0.0,0.04,1.0,0.0,0.0,0.0,0.03492899255036171,-0.011993614080924185,0.1212162222992574,0.9999999501451597,0.0,0.0,0.00031576839316993613,-20.47488069354615,1.8708012816438109,2.4633872616000443,20.707218877747984,20.902854574486906,1.9099054941155549,2.5148779355818123,21.140049181340075,0.0,0.0,0.0,0.0,0.011978472190247754,0.0014124994244596773,0.010777211039564506,-0.005810201287838861
5364544,1309,20,10.68,0,0,89,445,-0.006834264432029796,-1.9575418994413403,0,0,,0.034913368653563336,-0.011984295386474693,0.06828966480446927,0.9999766305947126,0.0,0.0,0.006836538922990175,0.034913368653563336,-0.012,0.05521877094972067,0.9999962608829207,0.0,0.0,-0.00273463346313172,0.0,0.0,0.04,1.0,0.0,0.0,0.0,0.034913368653563336,-0.011984295386474693,0.1212893567759725,0.9999999944560207,0.0,0.0,0.00010529937539295321,-20.595759888289695,1.8818460811635251,2.4684924189434048,20.828349067356594,20.740214647912975,1.8950449932103224,2.4858059573097706,20.974435163436276,0.0,0.0,0.0,0.0,0.01208056047397894,0.003250088531621022,0.010835222142129158,-0.004766001441675137
5368640,1310,20,10.8,0,0,90,450,-0.006499068901303536,-1.9640409683426439,0,0,,0.034898836629511064,-0.011975057975309704,0.06836033519553072,0.9999761024913311,0.0,0.0,0.0069133527500668665,0.034898836629511064,-0.012,0.05522122905027933,0.9999961763858205,0.0,0.0,-0.002765359603930165,0.0,0.0,0.04,1.0,0.0,0.0,0.0,0.034898836629511064,-0.011975057975309704,0.12136002716703395,0.9999999944560207,0.0,0.0,-0.00010529937539295175,-20.74021464791297,1.895044993210322,2.4858059573097697,20.974435163436272,20.5957598882897,1.8818460811635256,2.468492418943405,20.828349067356598,0.0,0.0,0.0,0.0,0.012164777857870835,0.0047660014416751285,0.010919439526021053,-0.0032500885316210336
5372736,1311,20,10.92,0,0,91,455,-0.006163873370577283,-1.9702048417132212,0,0,,0.03488557963501431,-0.011965949658037137,0.06843100558659218,0.9999755684874476,0.0,0.0,0.0069901665363503295,0.03488557963501431,-0.012,0.05522368715083799,0.999996090944621,0.0,0.0,-0.0027960857421178266,0.0,0.0,0.04,1.0,0.0,0.0,0.0,0.03488557963501431,-0.011965949658037137,0.12142823347244175,0.9999999501451597,0.0,0.0,-0.00031576839316993196,-20.902854574486902,1.9099054941155544,2.5148779355818114,21.14004918134007,20.474880693546154,1.8708012816438113,2.4633872616000443,20.707218877747987,0.0,0.0,0.0,0.0,0.012222788960435485,0.0058102012878388475,0.011021527809752237,-0.0014124994244597126
5376832,1312,20,11.04,0,0,92,460,-0.005828677839851023,-1.9760335195530723,0,0,,0.034873764756833035,-0.011957017577106124,0.06850167597765364,0.9999750285830654,0.0,0.0,0.007066980281387318,0.034873764756833035,-0.012,0.05522614525139665,0.9999960045593224,0.0,0.0,-0.002826811877665696,0.0,0.0,0.04,1.0,0.0,0.0,0.0,0.034873764756833035,-0.011957017577106124,0.12149397645118988,0.9999998617417354,0.0,0.0,-0.0005258483718023109,-21.077571074436236,1.9258694382733617,2.555070803074891,21.31903755566635,20.38204682085304,1.8623189988596685,2.47075778110073,20.615545315946143,0.0,0.0,0.0,0.0,0.012248852156273637,0.006279338812925577,0.011131382846755524,0.0005648912415994489
5380928,1313,20,11.16,0,0,93,465,-0.00549348230912477,-1.981527001862197,0,0,,0.03486354090577162,-0.011948307962809077,0.06857234636871508,0.9999744827781876,0.0,0.0,0.007143793984724577,0.03486354090577162,-0.012,0.055228603351955306,0.9999959172299246,0.0,0.0,-0.0028575380105447636,0.0,0.0,0.04,1.0,0.0,0.0,0.0,0.03486354090577162,-0.011948307962809077,0.1215572576210325,0.9999997296812679,0.0,0.0,-0.000735280484603255,-21.25776775163973,1.9423341092868787,2.605553997708607,21.50474978254173,20.320640533323402,1.856708272080311,2.4906907816563333,20.556734610875953,0.0,0.0,0.0,0.0,0.012240387851124974,0.006126981320249654,0.011238131779201807,0.0024863720256325687
5385024,1314,20,11.28,0,0,94,470,-0.0051582867783985095,-1.9866852886405957,0,0,,0.03485503693985658,-0.011939865894004873,0.06864301675977653,0.9999739310728174,0.0,0.0,0.007220607645908861,0.03485503693985658,-0.012,0.05523106145251397,0.9999958289564279,0.0,0.0,-0.002888264140726022,0.0,0.0,0.04,1.0,0.0,0.0,0.0,0.03485503693985658,-0.011939865894004873,0.12161807925801656,0.9999995546143542,0.0,0.0,-0.0009438067033091807,-21.436610016858417,1.9586750269210735,2.665300983262413,21.69028552618288,20.29283161666568,1.8541673558374734,2.5230903589020053,20.53297193698428,0.0,0.0,0.0,0.0,0.012198233796166084,0.005368208330989633,0.01133120917470349,0.004161765144662826
5389120,1315,20,11.4,0,0,95,475,-0.00482309124767225,-1.991508379888268,0,0,,0.03484836004025268,-0.01193173506480157,0.06871368715083799,0.9999733734669581,0.0,0.0,0.007297421264486917,0.03484836004025268,-0.012,0.055233519553072624,0.9999957397388323,0.0,0.0,-0.0029189902681804616,0.0,0.0,0.04,1.0,0.0,0.0,0.0,0.03484836004025268,-0.01193173506480157,0.12167644439578051,0.9999993374034625,0.0,0.0,-0.0011511701160675683,-21.60728441125229,1.974269641637265,2.7330917315904038,21.868751008229175,20.29949894593631,1.854776553435805,2.5676707756794497,20.54514022175373,0.0,0.0,0.0,0.0,0.01212656217192679,0.004078119094682322,0.011401402735709179,0.005425249242765246
5393216,1316,20,11.52,0,0,96,480,-0.004487895716945996,-1.995996275605214,0,0,,0.03484359436038711,-0.011923957558406268,0.06878435754189945,0.9999728099606131,0.0,0.0,0.007374234840005495,0.03484359436038711,-0.012,0.05523597765363129,0.9999956495771377,0.0,0.0,-0.0029497163928790737,0.0,0.0,0.04,1.0,0.0,0.0,0.0,0.03484359436038711,-0.011923957558406268,0.12173235682462008,0.9999990791186831,0.0,0.0,-0.0013571152440454996,-21.763257721293435,1.9885210100674204,2.807523386437988,22.033515153427384,20.34020150441529,1.8584955689313463,2.6239450058358806,20.59278733959069,0.0,0.0,0.0,0.0,0.012032466648410688,0.0023843996713925016,0.011441765082925656,0.006151771492661816
5397312,1317,20,11.64,0,0,97,485,-0.004152700186219736,-2.0001489757914337,0,0,,0.034840799965307645,-0.011916573629312591,0.06885502793296089,0.9999722405537855,0.0,0.0,0.007451048372011346,0.034840799965307645,-0.012,0.05523843575418994,0.9999955584713445,0.0,0.0,-0.002980442514792851,0.0,0.0,0.04,1.0,0.0,0.0,0.0,0.034840799965307645,-0.011916573629312591,0.12178582109032066,0.9999987810324575,0.0,0.0,-0.0015613883562677821,-21.898525916825466,2.0008805406236467,2.8870311976739607,22.17845597430231,20.413199858006315,1.8651654692594601,2.691210589162854,20.6741429110338,0.0,0.0,0.0,0.0,0.011925260291977354,0.00045468525559246855,0.011448301369371798,0.00626942464869239
5401408,1318,20,11.76,0,0,98,490,-0.0038175046554934835,-2.0039664804469273,0,0,,0.03484001207464269,-0.011909621494953166,0.06892569832402234,0.9999716652464788,0.0,0.0,0.0075278618600512215,0.03484001207464269,-0.012,0.055240893854748604,0.9999954664214524,0.0,0.0,-0.0030111686338927827,0.0,0.0,0.04,1.0,0.0,0.0,0.0,0.03484001207464269,-0.011909621494953166,0.12183684249275717,0.999998444613308,0.0,0.0,-0.0017637377822956753,-22.0078432873592,2.01086892980947,2.9699208506430543,22.29818804012826,20.515527136985256,1.8745151698768254,2.7685353358119564,20.786184083090294,0.0,0.0,0.0,0.0,0.011815553808368393,-0.0015200314493688122,0.011420364668741833,0.0057665640373530365
5405504,1319,20,11.88,0,0,99,495,-0.0034823091247672233,-2.0074487895716944,0,0,,0.03484124061870476,-0.011903137137895412,0.0689963687150838,0.9999710840386965,0.0,0.0,0.007604675303671874,0.03484124061870476,-0.012,0.05524335195530726,0.9999953734274619,0.0,0.0,-0.0030418947501498626,0.0,0.0,0.04,1.0,0.0,0.0,0.0,0.03484124061870476,-0.011903137137895412,0.12188542708426149,0.9999980715186041,0.0,0.0,-0.0019639142223602858,-22.086922883861238,2.018094476697981,3.0544121337177135,22.388262578349266,20.643106647238834,1.8861721809659848,2.8547460301510426,20.92474784656172,0.0,0.0,0.0,0.0,0.01171420535240082,-0.0033443036567851374,0.011360720004674639,0.004692960084143512
5409600,1320,20,12.0,0,0,100,500,-0.00314711359404097,-2.0105959031657354,0,0,,0.03484447011333212,-0.011897154119604483,0.06906703910614526,0.9999704969304417,0.0,0.0,0.00768148870242005,0.03484447011333212,-0.012,0.05524581005586592,0.9999952794893728,0.0,0.0,-0.0030726208635350805,0.0,0.0,0.04,1.0,0.0,0.0,0.0,0.03484447011333212,-0.011897154119604483,0.12193158166775832,0.9999976635863965,0.0,0.0,-0.0021616710545674764,-22.132600476889404,2.02226806387822,3.138692613152115,22.445332773466347,20.790911405366455,1.899677184246681,2.9484235310199347,21.084685717088988,0.0,0.0,0.0,0.0,0.011631245846488333,-0.004837574763209905,0.011275270683658084,0.003154872305845531
5413696,1321,20,12.12,0,0,101,505,-0.0028119180633147103,-2.01340782122905,0,0,,0.03484965985504604,-0.011891703406737224,0.0691377094972067,0.9999699039217181,0.0,0.0,0.007758302055842507,0.03484965985504604,-0.012,0.055248268156424585,0.9999951846071854,0.0,0.0,-0.003103346974019428,0.0,0.0,0.04,1.0,0.0,0.0,0.0,0.03484965985504604,-0.011891703406737224,0.12197531379466958,0.9999972228263623,0.0,0.0,-0.0023567646387952336,-22.14295567990997,2.0232142245603018,3.2209787564512773,22.467278121535568,20.953159247518197,1.9145018601793278,3.047907505773012,21.26005503257776,0.0,0.0,0.0,0.0,0.011574886174154933,-0.005852048865211111,0.011172474017658467,0.001304532317852409
5417792,1322,20,12.24,0,0,102,510,-0.0024767225325884566,-2.0158845437616386,0,0,,0.034856744434063926,-0.011886813210866242,0.06920837988826815,0.9999693050125293,0.0,0.0,0.007835115363485991,0.034856744434063926,-0.012,0.05525072625698324,0.9999950887808996,0.0,0.0,-0.0031340730815738967,0.0,0.0,0.04,1.0,0.0,0.0,0.0,0.034856744434063926,-0.011886813210866242,0.12201663176258858,0.9999967514099039,0.0,0.0,-0.002548954616908302,-22.117385601676713,2.0208778722344203,3.2995809004612147,22.453283219752773,21.12353577801531,1.930069258904952,3.151313471609619,21.44433975914416,0.0,0.0,0.0,0.0,0.011550704511161072,-0.006287318799100594,0.011062504265091318,-0.0006749232283562476
5421888,1323,20,12.36,0,0,103,515,-0.002141527001862197,-2.0180260707635007,0,0,,0.03486563455870251,-0.011882508842463623,0.06927905027932961,0.9999687002028786,0.0,0.0,0.00791192862489726,0.03486563455870251,-0.012,0.0552531843575419,0.9999949920105157,0.0,0.0,-0.003164799186169479,0.0,0.0,0.04,1.0,0.0,0.0,0.0,0.03486563455870251,-0.011882508842463623,0.12205554461272403,0.9999962516594509,0.0,0.0,-0.0027380042089197435,-22.056628307723567,2.0153264443605288,3.3729677184071547,22.40386806361411,21.29543636798906,1.9457759117959543,3.2565638961902668,21.630692601300733,0.0,0.0,0.0,0.0,0.011561094227815257,-0.00610030389932525,0.01095624563771224,-0.00258757852117965
5425984,1324,20,12.48,0,0,104,520,-0.0018063314711359371,-2.019832402234637,0,0,,0.03487621818078059,-0.011878812579900045,0.06934972067039107,0.9999680894927697,0.0,0.0,0.007988741839623063,0.03487621818078059,-0.012,0.05525564245810056,0.9999948942960335,0.0,0.0,-0.003195525287777165,0.0,0.0,0.04,1.0,0.0,0.0,0.0,0.03487621818078059,-0.011878812579900045,0.12209206212711518,0.9999957260370197,0.0,0.0,-0.002923680504734016,-21.962735397836976,2.006747396756678,3.4398254912661415,22.320868725929003,21.462217737694697,1.9610148186726122,3.361433916856159,21.812189420520387,0.0,0.0,0.0,0.0,0.011605027006116358,-0.005309513889905451,0.010864215040163244,-0.004244129277061574
5430080,1325,20,12.6,0,0,105,525,-0.0014711359404096834,-2.0213035381750464,0,0,,0.034888361907837166,-0.011875743554137315,0.06942039106145251,0.9999674728822061,0.0,0.0,0.00806555500721015,0.034888361907837166,-0.012,0.05525810055865922,0.9999947956374533,0.0,0.0,-0.0032262513863679453,0.0,0.0,0.04,1.0,0.0,0.0,0.0,0.034888361907837166,-0.011875743554137315,0.12212619482561876,0.999995177132083,0.0,0.0,-0.0031057547511118507,-21.838995045013988,1.9954411716256437,3.499107583117735,22.207369135577412,21.617449388892638,1.9751984213201397,3.463610890905334,21.982086508985407,0.0,0.0,0.0,0.0,0.011678154617111601,-0.0039932168919910626,0.010795521163591984,-0.0054806190553442465
5434176,1326,20,12.72,0,0,106,530,-0.0011359404096834237,-2.02243947858473,0,0,,0.03490191268436571,-0.011873317649711137,0.06949106145251396,0.9999668503711916,0.0,0.0,0.00814236812720528,0.03490191268436571,-0.012,0.055260558659217876,0.9999946960347751,0.0,0.0,-0.0032569774819128133,0.0,0.0,0.04,1.0,0.0,0.0,0.0,0.03490191268436571,-0.011873317649711137,0.12215795396266863,0.9999946076488129,0.0,0.0,-0.003284002633503178,-21.68980879233903,1.981809940416764,3.55007006166595,22.067586490844416,21.755155301607044,1.987780687456481,3.5607656232731455,22.134071159241124,0.0,0.0,0.0,0.0,0.011773239285097459,-0.0022816928682456226,0.010756962956631708,-0.006174666780629225
5438272,1327,20,12.84,0,0,107,535,-0.00080074487895717,-2.023240223463687,0,0,,0.034916699720875015,-0.011871547422516586,0.06956173184357542,0.9999662219597297,0.0,0.0,0.0082191811991552,0.034916699720875015,-0.012,0.05526301675977654,0.9999945954879991,0.0,0.0,-0.003287703574382759,0.0,0.0,0.04,1.0,0.0,0.0,0.0,0.034916699720875015,-0.011871547422516586,0.1221873515238091,0.999994020392759,0.0,0.0,-0.003458204552400672,-21.520527175152875,1.9663425845317346,3.592290351951424,21.90671456492186,21.870036853777588,1.9982774790253635,3.650631871014527,22.262496219571535,0.0,0.0,0.0,0.0,0.01188087004354077,-0.0003443392162660405,0.010752356702211812,-0.006257579360187352
5442368,1328,20,12.96,0,0,108,540,-0.00046554934823091025,-2.023705772811918,0,0,,0.03493253664646329,-0.011870442034821837,0.06963240223463688,0.9999655876478243,0.0,0.0,0.00829599422260667,0.03493253664646329,-0.012,0.055265474860335194,0.9999944939971254,0.0,0.0,-0.003318429663748775,0.0,0.0,0.04,1.0,0.0,0.0,0.0,0.03493253664646329,-0.011870442034821837,0.12221440022200321,0.9999934182570267,0.0,0.0,-0.0036281458938735942,-21.33725074906231,1.9495965151427492,3.625667079847158,21.730730725728122,21.957668821293982,2.0062844608288914,3.7310897234054643,22.36258991994199,0.0,0.0,0.0,0.0,0.011990394181682745,0.0016270952702895315,0.010782158302499357,-0.005721150555011541
5446464,1329,20,13.08,0,0,109,545,-0.00013035381750465744,-2.0238361266294227,0,0,,0.034949223857775116,-0.011870007207846473,0.06970307262569832,0.9999649474354789,0.0,0.0,0.008372807197106437,0.034949223857775116,-0.012,0.055267932960893856,0.9999943915621539,0.0,0.0,-0.0033491557499818513,0.0,0.0,0.04,1.0,0.0,0.0,0.0,0.034949223857775116,-0.011870007207846473,0.12223911349371672,0.9999928042080238,0.0,0.0,-0.0037936172939486584,-21.146604301903707,1.9321770428135365,3.6504007363553685,21.546173840430505,22.014661510047272,2.0114919146236088,3.800247805254303,22.4306331722021,0.0,0.0,0.0,0.0,0.012090971592275169,0.003437488660953155,0.010843418156166582,-0.004618473189001504
5450560,1330,20,13.2,0,0,110,550,0.00020484171322160318,-2.0236312849162013,0,0,,0.03496655103473597,-0.011870245192149843,0.06977374301675977,0.9999643013226974,0.0,0.0,0.008449620122201261,0.03496655103473597,-0.012,0.05527039106145251,0.9999942881830849,0.0,0.0,-0.003379881833052981,0.0,0.0,0.04,1.0,0.0,0.0,0.0,0.03496655103473597,-0.011870245192149843,0.12226150549477952,0.9999921812708469,0.0,0.0,-0.003954414896512526,-20.95549287476119,1.9147150850035604,3.6669563380647143,21.359901316864274,22.038783489523247,2.0136959533574537,3.8565190178598563,22.464097756771032,0.0,0.0,0.0,0.0,0.012172647666808308,0.004907658002549643,0.010930073093988617,-0.003058684308204855
5454656,1331,20,13.32,0,0,111,555,0.000540037243947856,-2.0230912476722533,0,0,,0.034984299791356595,-0.0118711547559827,0.06984441340782123,0.9999636493094838,0.0,0.0,0.008526432997437893,0.034984299791356595,-0.012,0.055272849162011174,0.9999941838599183,0.0,0.0,-0.0034106079129331535,0.0,0.0,0.04,1.0,0.0,0.0,0.0,0.034984299791356595,-0.0118711547559827,0.1222815910960252,0.9999915525143779,0.0,0.0,-0.004110340604418506,-20.770848701633106,1.89784404380404,3.6760107313822035,21.178834309233668,22.02904096284883,2.0128057732552227,3.898684745372175,22.46174026133146,0.0,0.0,0.0,0.0,0.012227338548859528,0.005892093879471607,0.011033546478563758,-0.0011961633858523183
5458752,1332,20,13.44,0,0,112,560,0.0008752327746741157,-2.0222160148975794,0,0,,0.03500224642819762,-0.011872731191662449,0.06991508379888269,0.9999629913958417,0.0,0.0,0.00860324582236309,0.03500224642819762,-0.012,0.05527530726256983,0.9999940785926545,0.0,0.0,-0.003441333989593362,0.0,0.0,0.04,1.0,0.0,0.0,0.0,0.03500224642819762,-0.011872731191662449,0.12229938587871056,0.9999909210361654,0.0,0.0,-0.0042612023234886165,-20.599378308047143,1.882176698197201,3.6783884541919103,21.00970055524857,21.98571144672489,2.008846731172832,3.9259431004883827,22.423648281139844,0.0,0.0,0.0,0.0,0.012249631230511196,0.006293362149201621,0.011143597073529332,0.0007847473235280073
5462848,1333,20,13.56,0,0,113,565,0.0012104283054003694,-2.021005586592179,0,0,,0.03502016475180301,-0.011874966339938965,0.06998575418994413,0.999962327581775,0.0,0.0,0.008680058596523602,0.03502016475180301,-0.012,0.05527776536312849,0.9999939723812934,0.0,0.0,-0.0034720600630045967,0.0,0.0,0.04,1.0,0.0,0.0,0.0,0.03502016475180301,-0.011874966339938965,0.12231490612971617,0.9999902899471647,0.0,0.0,-0.004406814199110953,-20.44731881077404,1.8682829370250391,3.6749910146169764,20.858784399857253,21.910331079381148,2.0019591849180745,3.9379378093122557,22.35123716433129,0.0,0.0,0.0,0.0,0.012237319302618677,0.006071747447136298,0.01124933266578606,0.0026879879841491274
5466944,1334,20,13.68,0,0,114,570,0.0015456238361266292,-2.0194599627560526,0,0,,0.03503782892556736,-0.011877848632224904,0.07005642458100558,0.9999616578672876,0.0,0.0,0.00875687131946619,0.03503782892556736,-0.012,0.055280223463687155,0.999993865225835,0.0,0.0,-0.00350278613313785,0.0,0.0,0.04,1.0,0.0,0.0,0.0,0.03503782892556736,-0.011877848632224904,0.12232816883652978,0.9999896623564117,0.0,0.0,-0.004546996845141593,-20.320211969392336,1.8566691139546296,3.6667249889656377,20.731693293709842,21.80563646967037,1.9923931799698815,3.93476565422028,22.24719742315064,0.0,0.0,0.0,0.0,0.012191621333262502,0.00524918399872516,0.011340288117881504,0.004325186121867076
5471040,1335,20,13.8,0,0,115,575,0.001880819366852889,-2.0175791433891996,0,0,,0.035055016316105546,-0.011881363150471915,0.07012709497206704,0.9999609822523836,0.0,0.0,0.008833683990737608,0.035055016316105546,-0.012,0.05528268156424581,0.9999937571262796,0.0,0.0,-0.0035335121999641133,0.0,0.0,0.04,1.0,0.0,0.0,0.0,0.035055016316105546,-0.011881363150471915,0.12233919168201361,0.9999890413557063,0.0,0.0,-0.004681577564829755,-20.222703796421644,1.8477597377441095,3.6544344328721943,20.633149442351172,21.675463502319328,1.9804992032576034,3.9169618943514646,22.115394765101588,0.0,0.0,0.0,0.0,0.012117060260465742,0.003907084688383466,0.011407461150754158,0.00553430071357487
5475136,1336,20,13.92,0,0,116,580,0.0022160148975791417,-2.0153631284916207,0,0,,0.03507151029925001,-0.011885491704382854,0.0701977653631285,0.9999603007370669,0.0,0.0,0.00891049660988461,0.03507151029925001,-0.012,0.05528513966480447,0.9999936480826273,0.0,0.0,-0.0035642382634543768,0.0,0.0,0.04,1.0,0.0,0.0,0.0,0.03507151029925001,-0.011885491704382854,0.12234799303895774,0.9999884300043809,0.0,0.0,-0.004810390563494968,-20.158376576736764,1.8418821237627503,3.638842734014952,20.56681434763925,21.524606891743456,1.9667153505146306,3.885464640090974,21.960726458463007,0.0,0.0,0.0,0.0,0.012021015736233612,0.0021782832522051275,0.011444203340660361,0.006195660131886516
5479232,1337,20,14.04,0,0,117,585,0.0025512104283054032,-2.0128119180633153,0,0,,0.03508710299030993,-0.011890212925560365,0.07026843575418995,0.9999596133213415,0.0,0.0,0.008987309176453954,0.03508710299030993,-0.012,0.05528759776536313,0.999993538094878,0.0,0.0,-0.003594964323579633,0.0,0.0,0.04,1.0,0.0,0.0,0.0,0.03508710299030993,-0.011890212925560365,0.12235459196442086,0.9999878313142289,0.0,0.0,-0.004933277152695106,-20.129619016243993,1.8392545294030045,3.620508243861572,20.53515276074008,21.35864550790462,1.951551366204483,3.841560641395315,21.788939369064902,0.0,0.0,0.0,0.0,0.011912993728482792,0.00023388711269036716,0.0114468781442237,0.006243806596026617
5483328,1338,20,14.16,0,0,118,590,0.002886405959031656,-2.009925512104284,0,0,,0.03510159786418086,-0.011895502378104541,0.07033910614525139,0.9999589200052115,0.0,0.0,0.009064121689992394,0.03510159786418086,-0.012,0.05529005586592179,0.999993427163032,0.0,0.0,-0.0036256903803108726,0.0,0.0,0.04,1.0,0.0,0.0,0.0,0.03510159786418086,-0.011895502378104541,0.12235900819386025,0.9999872482346671,0.0,0.0,-0.005050085945634756,-20.137538966519845,1.8399781796820163,3.5997968777353466,20.53934110167033,21.18373956688127,1.9355701127099634,3.786816237992195,21.606416429361634,0.0,0.0,0.0,0.0,0.01180368567171395,-0.0017336579091487877,0.011415220823843986,0.005673974829191786
5487424,1339,20,14.28,0,0,119,595,0.003221601489757916,-2.006703910614526,0,0,,0.035114812232281946,-0.01190133268508724,0.07040977653631285,0.999958220788681,0.0,0.0,0.009140934150046688,0.035114812232281946,-0.012,0.055292513966480446,0.9999933152870892,0.0,0.0,-0.003656416433619088,0.0,0.0,0.04,1.0,0.0,0.0,0.0,0.035114812232281946,-0.01190133268508724,0.12236126213505286,0.9999866836382059,0.0,0.0,-0.005160673043574318,-20.1819217836708,1.8440334624673829,3.576873464888177,20.579223748157425,21.006406673105143,1.919367107187272,3.7229982073596823,21.419939473771443,0.0,0.0,0.0,0.0,0.011703910286608834,-0.0035296148410408966,0.011352364649994093,0.004542563699893692
5491520,1340,20,14.4,0,0,120,600,0.0035567970204841686,-2.003147113594042,0,0,,0.03512657954510218,-0.01190767367024844,0.0704804469273743,0.9999575156717541,0.0,0.0,0.009217746556163595,0.03512657954510218,-0.012,0.05529497206703911,0.99999320246705,0.0,0.0,-0.00368714248347527,0.0,0.0,0.04,1.0,0.0,0.0,0.0,0.03512657954510218,-0.01190767367024844,0.12236137486180913,0.9999861403062982,0.0,0.0,-0.005264902213011121,-20.261235900612697,1.8512804376194343,3.5517120824945447,20.65331881795095,20.833284405856514,1.9035488289615088,3.65198985418694,21.236437252388384,0.0,0.0,0.0,0.0,0.011623542801529156,-0.004976229572475082,0.011264530787042938,0.002961554166772903
5495616,1341,20,14.52,0,0,121,605,0.0038919925512104284,-1.9992551210428315,0,0,,0.03513675149133519,-0.011914492514181285,0.07055111731843575,0.9999568046544349,0.0,0.0,0.009294558907889872,0.03513675149133519,-0.012,0.055297430167597764,0.9999930887029144,0.0,0.0,-0.003717868529850411,0.0,0.0,0.04,1.0,0.0,0.0,0.0,0.03513675149133519,-0.011914492514181285,0.12235936810748194,0.9999856209156365,0.0,0.0,-0.005362645053415556,-20.372685647075134,1.86146366318453,3.5241240506569316,20.758873229737596,20.670887642957236,1.8887105460570062,3.5757078645854055,21.062727985885566,0.0,0.0,0.0,0.0,0.011570537555785979,-0.005930323995852282,0.011160412556029769,0.0010874260085358687
5499712,1342,20,14.64,0,0,122,610,0.004227188081936683,-1.9950279329608949,0,0,,0.03514519986714571,-0.011921753924197385,0.0706217877094972,0.9999560877367277,0.0,0.0,0.009371371204772274,0.03514519986714571,-0.012,0.055299888268156426,0.9999929739946823,0.0,0.0,-0.0037485945727155005,0.0,0.0,0.04,1.0,0.0,0.0,0.0,0.03514519986714571,-0.011921753924197385,0.12235526425827216,0.9999851280249671,0.0,0.0,-0.005453781155316589,-20.512309769468168,1.8742211972102891,3.4938008319515728,20.89196499681246,20.52536908948771,1.8754144345724812,3.496025187163726,20.905266027256953,0.0,0.0,0.0,0.0,0.011550140722125525,-0.006297467001740444,0.011050315016732504,-0.0008943296988149172
5503808,1343,20,14.76,0,0,123,615,0.004562383612662943,-1.990465549348232,0,0,,0.03515181819200822,-0.011929420316993258,0.07069245810055866,0.9999553649186368,0.0,0.0,0.009448183446357563,0.03515181819200822,-0.012,0.05530234636871508,0.9999928583423541,0.0,0.0,-0.0037793206120415312,0.0,0.0,0.04,1.0,0.0,0.0,0.0,0.03515181819200822,-0.011929420316993258,0.12234908634633318,0.9999846640624844,0.0,0.0,-0.005538198248543135,-20.675122518831955,1.889097489030331,3.460367891327452,21.04764895267647,20.40229150619097,1.8641687670631346,3.414704525848419,20.769902043450656,0.0,0.0,0.0,0.0,0.011564371068904745,-0.006041320759714488,0.010945135028546634,-0.0027875694861605608
5507904,1344,20,14.88,0,0,124,620,0.004897579143389202,-1.9855679702048428,0,0,,0.03515652305075211,-0.011937452013172414,0.07076312849162011,0.9999546362001662,0.0,0.0,0.009524995632192494,0.03515652305075211,-0.012,0.055304804469273744,0.9999927417459297,0.0,0.0,-0.0038100466477994956,0.0,0.0,0.04,1.0,0.0,0.0,0.0,0.03515652305075211,-0.011937452013172414,0.12234085804267655,0.9999842313138688,0.0,0.0,-0.005615792340439697,-20.85529263401446,1.9055597330571588,3.4234447326034627,21.220140493969804,20.306419888795105,1.8554089238492988,3.3333459964473398,20.6616656276009,0.0,0.0,0.0,0.0,0.011611820153310182,-0.005187237240416592,0.010855282738236553,-0.004404910711742045
5512000,1345,20,15.0,0,0,125,625,0.005232774674115455,-1.9803351955307273,0,0,,0.03515925514489885,-0.011945807442616335,0.07083379888268157,0.9999539015813204,0.0,0.0,0.009601807761823827,0.03515925514489885,-0.012,0.0553072625698324,0.9999926242054092,0.0,0.0,-0.003840772679960383,0.0,0.0,0.04,1.0,0.0,0.0,0.0,0.03515925514489885,-0.011945807442616335,0.12233060364988074,0.9999838319110267,0.0,0.0,-0.0056864678438872055,-21.04635410303808,1.9230171261659161,3.3827059090482092,21.403030513576926,20.24154131799276,1.8494809326084756,3.25335120227468,20.584578419132914,0.0,0.0,0.0,0.0,0.01168779172141544,-0.003819749014521943,0.010789651239872501,-0.005586277682294958
5516096,1346,20,15.12,0,0,126,630,0.005567970204841715,-1.9747672253258857,0,0,,0.03515998004004033,-0.011954443359641352,0.07090446927374301,0.9999531610621036,0.0,0.0,0.009678619834798322,0.03515998004004033,-0.012,0.05530972067039106,0.9999925057207929,0.0,0.0,-0.0038714987084951863,0.0,0.0,0.04,1.0,0.0,0.0,0.0,0.03515998004004033,-0.011954443359641352,0.12231834809460533,0.999983467821588,0.0,0.0,-0.005750137694972361,-21.241441300170035,1.9408423522998002,3.337937843288167,21.589523537834392,20.210319371632245,1.846628165935941,3.1759045397249563,20.541504675462484,0.0,0.0,0.0,0.0,0.011784766518012975,-0.0020742026757663463,0.010754736384444012,-0.0062147450800077485
5520192,1347,20,15.24,0,0,127,635,0.005903165735567968,-1.9688640595903177,0,0,,0.035158688599838714,-0.01196331506682786,0.07097513966480447,0.9999524146425204,0.0,0.0,0.009755431850662735,0.035158688599838714,-0.012,0.055312178770949724,0.9999923862920809,0.0,0.0,-0.003902224733374896,0.0,0.0,0.04,1.0,0.0,0.0,0.0,0.035158688599838714,-0.01196331506682786,0.12230411691991322,0.9999831408392129,0.0,0.0,-0.005806723460161536,-21.4335400354046,1.9583945210014355,3.2890867804714072,21.772690219599692,20.214188870909133,1.8469817242455047,3.10197108286524,20.534044847457984,0.0,0.0,0.0,0.0,0.011893146501855216,-0.0001233629666060206,0.010753993855637089,-0.006228110598532375
5524288,1348,20,15.36,0,0,128,640,0.006238361266294229,-1.9626256983240236,0,0,,0.035155397101177786,-0.011972376646363355,0.07104581005586592,0.999951662322575,0.0,0.0,0.009832243808963827,0.035155397101177786,-0.012,0.05531463687150838,0.999992265919273,0.0,0.0,-0.003932950754570505,0.0,0.0,0.04,1.0,0.0,0.0,0.0,0.035155397101177786,-0.011972376646363355,0.12228793627740256,0.999982852574756,0.0,0.0,-0.005856155432848231,-21.61574528136911,1.9750427160641826,3.2362940905966413,21.945724805531942,20.25329534344738,1.8505549044774254,3.0323090498111043,20.562476112982093,0.0,0.0,0.0,0.0,0.012002204807902728,0.0018396865422492205,0.010787497144939895,-0.005625051391081863
5528384,1349,20,15.48,0,0,129,645,0.006573556797020482,-1.9560521415270031,0,0,,0.035150147029014554,-0.011981581197701943,0.07111648044692737,0.9999509041022719,0.0,0.0,0.009909055709248361,0.035150147029014554,-0.012,0.05531709497206704,0.9999921446023697,0.0,0.0,-0.003963676772053003,0.0,0.0,0.04,1.0,0.0,0.0,0.0,0.035150147029014554,-0.011981581197701943,0.12226983291915162,0.9999826044483303,0.0,0.0,-0.005898372719156006,-21.781515916590145,1.990189271566612,3.179916344988018,22.10219801111307,20.32648196974345,1.8572420073877265,2.9674937455781167,20.625742078052767,0.0,0.0,0.0,0.0,0.012101147434450324,0.0036206538201059312,0.010851930277852457,-0.0044652549986557615
5532480,1350,20,15.6,0,0,130,650,0.006908752327746742,-1.9491433891992564,0,0,,0.035143004553516585,-0.011990881080310224,0.07118715083798882,0.9999501399816156,0.0,0.0,0.009985867551063097,0.035143004553516585,-0.012,0.0553195530726257,0.9999920223413709,0.0,0.0,-0.003994402785793383,0.0,0.0,0.04,1.0,0.0,0.0,0.0,0.035143004553516585,-0.011990881080310224,0.12224983418947856,0.9999823976823116,0.0,0.0,-0.005933323312892028,-21.92491678550636,2.003291889031038,3.1205290008131343,22.236295907568596,20.43132499586452,1.8668215732262001,2.907949106414867,20.72149202828793,0.0,0.0,0.0,0.0,0.012180181575077508,0.00504326835139525,0.010940916011120823,-0.00286351179982516
5536576,1351,20,15.72,0,0,131,655,0.007243947858472995,-1.9418994413407835,0,0,,0.03513405969607517,-0.012000228160243183,0.07125782122905028,0.9999493699606106,0.0,0.0,0.010062679333954792,0.03513405969607517,-0.012,0.05532201117318436,0.9999918991362767,0.0,0.0,-0.004025128795762636,0.0,0.0,0.04,1.0,0.0,0.0,0.0,0.03513405969607517,-0.012000228160243183,0.12222796801651865,0.9999822332953163,0.0,0.0,-0.0059609641595596416,-22.040838746175584,2.0138837433053833,3.058913999242102,22.343035944589623,20.564216720716537,1.8789639643294298,2.8539826063272273,20.846168272204476,0.0,0.0,0.0,0.0,0.0122314848577008,0.00596672743861452,0.01104564701780726,-0.0009783536794692905
5540672,1352,20,15.84,0,0,132,660,0.007579143389199254,-1.9343202979515843,0,0,,0.03512342519470559,-0.012009574059273859,0.07132849162011173,0.9999485940392614,0.0,0.0,0.010139491057470213,0.03512342519470559,-0.012,0.055324469273743015,0.9999917749870874,0.0,0.0,-0.004055854801931753,0.0,0.0,0.04,1.0,0.0,0.0,0.0,0.03512342519470559,-0.012009574059273859,0.12220426290362185,0.9999821120971842,0.0,0.0,-0.005981261209351752,-22.12518815373493,2.0215907957727346,2.9960329742394003,22.418452082301652,20.720493287519798,1.893243041499271,2.805819353967208,20.99513833103834,0.0,0.0,0.0,0.0,0.012249979560684986,0.0062996320923298516,0.01115575758890959,0.0010036366003726347
5544768,1353,20,15.96,0,0,133,665,0.007914338919925514,-1.926405959031659,0,0,,0.035111235083134566,-0.012018870405287357,0.07139916201117319,0.9999478122175726,0.0,0.0,0.010216302721156116,0.035111235083134566,-0.012,0.05532692737430168,0.999991649893803,0.0,0.0,-0.004086580804271726,0.0,0.0,0.04,1.0,0.0,0.0,0.0,0.035111235083134566,-0.012018870405287357,0.12217874792057312,0.9999820346849881,0.0,0.0,-0.005994189459060269,-22.17503838336299,2.026145639089004,2.9329889458477765,22.459742153704404,20.89460271725362,1.9091515173125133,2.7636316897455453,21.16286706343176,0.0,0.0,0.0,0.0,0.012233835178287003,0.00600903320916616,0.011260349575214672,0.0028862923538641263
5548864,1354,20,16.08,0,0,134,670,0.008249534450651769,-1.9181564245810072,0,0,,0.035097643001483644,-0.012028069082643223,0.07146983240223463,0.9999470244955487,0.0,0.0,0.010293114324559264,0.035097643001483644,-0.012,0.05532938547486033,0.9999915238564235,0.0,0.0,-0.004117306802753546,0.0,0.0,0.04,1.0,0.0,0.0,0.0,0.035097643001483644,-0.012028069082643223,0.12215145269463824,0.9999820014400932,0.0,0.0,-0.0059997329828504345,-22.188737478955044,2.027397333102491,2.870980223060423,22.46537198217424,21.080307004332273,1.926119421715639,2.7275614289853793,21.343122329511658,0.0,0.0,0.0,0.0,0.012184649594221069,0.005123692695979338,0.011349071027206307,0.004483278489713552
5552960,1355,20,16.2,0,0,135,675,0.008584729981378028,-1.9095716945996293,0,0,,0.03508282025984009,-0.01203712248121037,0.07154050279329609,0.9999462308731946,0.0,0.0,0.01036992586722642,0.03508282025984009,-0.012,0.055331843575418996,0.9999913968749492,0.0,0.0,-0.004148032797348206,0.0,0.0,0.04,1.0,0.0,0.0,0.0,0.03508282025984009,-0.01203712248121037,0.12212240740143807,0.9999820125262775,0.0,0.0,-0.005997884951862441,-22.165967751501263,2.025316850390978,2.811250690848882,22.435132385432226,21.270910728934485,1.9435349904610189,2.6977329910466894,21.529206552690887,0.0,0.0,0.0,0.0,0.012107290931764712,0.003731236771764919,0.011413140775079177,0.005636533951425194
5557056,1356,20,16.32,0,0,136,680,0.008919925512104281,-1.900651769087525,0,0,,0.03506695367912136,-0.012045983742785617,0.07161117318435754,0.9999454313505148,0.0,0.0,0.010446737348704346,0.03506695367912136,-0.012,0.05533430167597765,0.9999912689493802,0.0,0.0,-0.004178758788026695,0.0,0.0,0.04,1.0,0.0,0.0,0.0,0.03506695367912136,-0.012045983742785617,0.12209164275565354,0.999982067888926,0.0,0.0,-0.005988647642616405,-22.10775505931395,2.019997924201274,2.755040670442789,22.370146947934714,21.459507587629354,1.9607671907478594,2.674256884653089,21.71420557526684,0.0,0.0,0.0,0.0,0.012009415733227526,0.0019694831980955753,0.011446217541466566,0.006231915746398216
5561152,1357,20,16.44,0,0,137,685,0.009255121042830541,-1.8913966480446947,0,0,,0.0350502432364463,-0.012054607003620425,0.071681843575419,0.9999446259275141,0.0,0.0,0.010523548768539804,0.0350502432364463,-0.012,0.055336759776536314,0.9999911400797165,0.0,0.0,-0.0042094847747600065,0.0,0.0,0.04,1.0,0.0,0.0,0.0,0.0350502432364463,-0.012054607003620425,0.12205919000156511,0.999982167255299,0.0,0.0,-0.005972032434210419,-22.01642748951056,2.011653273153249,2.703542134482768,22.272830272895,21.63923554620957,1.9771890346790468,2.6572242515298,21.89124556132229,0.0,0.0,0.0,0.0,0.011900711156774659,1.2800821943978103e-05,0.011445027566801444,0.006210496202426034
5565248,1358,20,16.56,0,0,138,690,0.009590316573556796,-1.881806331471138,0,0,,0.035032899544689834,-0.01206294763180057,0.07175251396648044,0.9999438146041972,0.0,0.0,0.01060036012627956,0.035032899544689834,-0.012,0.05533921787709497,0.9999910102659583,0.0,0.0,-0.00424021075751913,0.0,0.0,0.04,1.0,0.0,0.0,0.0,0.035032899544689834,-0.01206294763180057,0.12202508090342858,0.999982310135876,0.0,0.0,-0.005948059794315127,-21.895525135999904,2.000606357604052,2.657861286246127,22.146798265126616,21.803530997382694,1.992200801791312,2.6466942711563526,22.053748401427313,0.0,0.0,0.0,0.0,0.011791936193867831,-0.0019451485103789497,0.01140968862834471,0.005574395310204831
5569344,1359,20,16.68,0,0,139,695,0.009925512104283054,-1.8718808193668548,0,0,,0.03501514119798821,-0.012070962458250145,0.0718231843575419,0.9999429973805689,0.0,0.0,0.010677171421470375,0.03501514119798821,-0.012,0.05534167597765363,0.9999908795081057,0.0,0.0,-0.00427093673627506,0.0,0.0,0.04,1.0,0.0,0.0,0.0,0.03501514119798821,-0.012070962458250145,0.1219893477356912,0.9999824958267671,0.0,0.0,-0.0059167592539818995,-21.74966454987311,1.9872789944046496,2.618990469126385,21.996733778244984,21.946372363133527,2.005252297139104,2.6426770821750782,22.195676129308296,0.0,0.0,0.0,0.0,0.011693856802439536,-0.0037105775560882627,0.01134369838322846,0.004386570898112295
5573440,1360,20,16.8,0,0,140,700,0.010260707635009308,-1.8616201117318454,0,0,,0.034997192016651,-0.012078610000164275,0.07189385474860335,0.9999421742566341,0.0,0.0,0.010753982653659015,0.034997192016651,-0.012,0.055344134078212294,0.9999907478061588,0.0,0.0,-0.004301662710998786,0.0,0.0,0.04,1.0,0.0,0.0,0.0,0.034997192016651,-0.012078610000164275,0.12195202327305021,0.999982723413181,0.0,0.0,-0.005878169371295397,-21.58436315081553,1.9721753132724849,2.587790179846663,21.828212618248788,22.06250400245425,2.0158633098689163,2.6451153921685955,22.31175526892209,0.0,0.0,0.0,0.0,0.011616180350563695,-0.0051087536898534,0.01125358818925684,0.002764587406623135
5577536,1361,20,16.92,0,0,141,705,0.010595903165735566,-1.8510242085661097,0,0,,0.03497927822620424,-0.012085850675714082,0.07196452513966481,0.9999413452323975,0.0,0.0,0.010830793822392245,0.03497927822620424,-0.012,0.05534659217877095,0.9999906151601179,0.0,0.0,-0.0043323886816613,0.0,0.0,0.04,1.0,0.0,0.0,0.0,0.03497927822620424,-0.012085850675714082,0.12191314078035767,0.9999829917739305,0.0,0.0,-0.005832337683914908,-21.40583037339807,1.955862673711499,2.5649807506612867,21.6474963685035,22.147632042162215,2.0236415063904563,2.653868075656304,22.39767277608065,0.0,0.0,0.0,0.0,0.011566594833629077,-0.0060012929946765044,0.011148276666410618,0.0008689799953911594
5581632,1362,20,17.04,0,0,142,710,0.010931098696461828,-1.8400931098696478,0,0,,0.03496162560611888,-0.012092647008912669,0.07203519553072626,0.9999405103078641,0.0,0.0,0.010907604927216827,0.03496162560611888,-0.012,0.05534905027932961,0.9999904815699829,0.0,0.0,-0.004363114648233594,0.0,0.0,0.04,1.0,0.0,0.0,0.0,0.03496162560611888,-0.012092647008912669,0.121872734002374,0.9999832995869571,0.0,0.0,-0.005779320650562445,-21.22073353384958,1.9389502721283878,2.551142175065829,21.46129973393584,22.198584805093514,2.02829708879027,2.6686987908648487,22.450236294206064,0.0,0.0,0.0,0.0,0.011550007958107044,-0.00629985675407308,0.011038186980043963,-0.0011126343592086536
5585728,1363,20,17.16,0,0,143,715,0.011266294227188082,-1.8288268156424596,0,0,,0.03494445664416134,-0.01209896382358177,0.0721058659217877,0.9999396694830388,0.0,0.0,0.010984415967679526,0.03494445664416134,-0.012,0.05535150837988827,0.9999903470357541,0.0,0.0,-0.004393840610686657,0.0,0.0,0.04,1.0,0.0,0.0,0.0,0.03494445664416134,-0.01209896382358177,0.1218308371533739,0.9999836453358428,0.0,0.0,-0.005719183581529059,-21.03594730750575,1.9220662514472258,2.546719696244807,21.276541049013392,22.21343182368407,2.0296536691691025,2.689272012313057,22.46749276974273,0.0,0.0,0.0,0.0,0.011568061403289686,-0.0059748947407855454,0.010934215212311743,-0.0029841261783886057
5589824,1364,20,17.28,0,0,144,720,0.01160148975791434,-1.8172253258845452,0,0,,0.034927987732231436,-0.012104768425415148,0.07217653631284916,0.9999388227579267,0.0,0.0,0.01106122694332711,0.034927987732231436,-0.012,0.05535396648044693,0.9999902115574315,0.0,0.0,-0.004424566568991485,0.0,0.0,0.04,1.0,0.0,0.0,0.0,0.034927987732231436,-0.012104768425415148,0.1217874849066076,0.9999840273172813,0.0,0.0,-0.005652000558284323,-20.858296281466597,1.905834178002024,2.5520322484399647,21.10008521965164,22.191556951703173,2.027654949901813,2.7151579505637615,22.448801019944394,0.0,0.0,0.0,0.0,0.011618968336746274,-0.005058569938566971,0.01084665192684791,-0.004560265316737609
5593920,1365,20,17.4,0,0,145,725,0.011936685288640595,-1.8052886405959045,0,0,,0.03491242643903073,-0.012110030771196429,0.07224720670391062,0.9999379701325325,0.0,0.0,0.011138037853706342,0.03491242643903073,-0.012,0.055356424581005585,0.9999900751350153,0.0,0.0,-0.004455292523119064,0.0,0.0,0.04,1.0,0.0,0.0,0.0,0.03491242643903073,-0.012110030771196429,0.12174271238362064,0.9999844436494681,0.0,0.0,-0.005577854342287212,-20.69430027673672,1.8908497714784822,2.5672806931374206,20.93848865031576,22.133682773592277,2.0223669539322895,2.7458467158973803,22.39485555670269,0.0,0.0,0.0,0.0,0.011697690265339962,-0.00364157522388059,0.010784163664394412,-0.005685054040900571
5598016,1366,20,17.52,0,0,146,730,0.012271880819366853,-1.7930167597765376,0,0,,0.034897968893935476,-0.01211472362429552,0.07231787709497206,0.9999371116068614,0.0,0.0,0.01121484869836399,0.034897968893935476,-0.012,0.05535888268156425,0.9999899377685055,0.0,0.0,-0.004486018473040391,0.0,0.0,0.04,1.0,0.0,0.0,0.0,0.034897968893935476,-0.01211472362429552,0.12169655514343572,0.9999848922813718,0.0,0.0,-0.005496836273109834,-20.549932012644724,1.8776587625766754,2.5925530372981678,20.79775563382274,22.041845307079306,2.013975713337196,2.7807709029578658,22.307660781217365,0.0,0.0,0.0,0.0,0.011796435718046932,-0.001864157075155106,0.0107529351754386,-0.006247166842105185
5602112,1367,20,17.64,0,0,147,735,0.012607076350093107,-1.7804096834264445,0,0,,0.03488479731504701,-0.012118822695638836,0.07238854748603352,0.9999362471809184,0.0,0.0,0.011291659476846818,0.03488479731504701,-0.012,0.0553613407821229,0.9999897994579025,0.0,0.0,-0.004516744418726454,0.0,0.0,0.04,1.0,0.0,0.0,0.0,0.03488479731504701,-0.012118822695638836,0.12164904917159969,0.9999853710028374,0.0,0.0,-0.00540904615599863,-20.430396214748743,1.8667367099770427,2.6278244297963993,20.683115255440377,21.91931984385854,2.0027804933474807,2.8193346602172515,22.190456508332726,0.0,0.0,0.0,0.0,0.011905431403647772,9.776526566000559e-05,0.010756057287036715,-0.006190968833339121
5606208,1368,20,17.76,0,0,148,740,0.012942271880819369,-1.767467411545625,0,0,,0.034873077712575314,-0.012122306769423667,0.07245921787709497,0.9999353768547089,0.0,0.0,0.0113684701887016,0.034873077712575314,-0.012,0.055363798882681566,0.9999896602032061,0.0,0.0,-0.004547470360148246,0.0,0.0,0.04,1.0,0.0,0.0,0.0,0.034873077712575314,-0.012122306769423667,0.12160023086909914,0.9999858774554748,0.0,0.0,-0.005314592139010485,-20.339938455711263,1.8584715340243791,2.672950635073889,20.598827100649267,21.770500613467156,1.989182797169588,2.860946387195381,22.04759758776306,0.0,0.0,0.0,0.0,0.012013889518270662,0.0020500113288720364,0.01079322098945685,-0.005522022189776656
5610304,1369,20,17.88,0,0,149,745,0.01327746741154562,-1.7541899441340794,0,0,,0.03486295779650135,-0.012125157812926043,0.07252988826815643,0.9999345006282376,0.0,0.0,0.011445280833475097,0.03486295779650135,-0.012,0.05536625698324022,0.9999895200044167,0.0,0.0,-0.004578196297276758,0.0,0.0,0.04,1.0,0.0,0.0,0.0,0.03486295779650135,-0.012125157812926043,0.12155013704114818,0.999986409144277,0.0,0.0,-0.005213590579874144,-20.281690887554923,1.8531494211979118,2.727654777526612,20.54802298570299,21.600738720306158,1.9736715582005626,2.905051580521856,21.88439209500863,0.0,0.0,0.0,0.0,0.012111075463913767,0.003799358350447926,0.010860748020292115,-0.004306535634741896
5614400,1370,20,18.0,0,0,150,750,0.013612662942271881,-1.7405772811918074,0,0,,0.03485456511488952,-0.012127361069833772,0.07260055865921788,0.9999336185015099,0.0,0.0,0.011522091410714079,0.03485456511488952,-0.012,0.05536871508379888,0.9999893788615343,0.0,0.0,-0.004608922230082982,0.0,0.0,0.04,1.0,0.0,0.0,0.0,0.03485456511488952,-0.012127361069833772,0.1214988048858515,0.999986963449911,0.0,0.0,-0.005106165902739749,-20.257560607009403,1.8509446239907068,2.791508312155435,20.532590591656284,21.41614442256875,1.9568050741433372,2.95116210335987,21.706904104151356,0.0,0.0,0.0,0.0,0.012187370300938189,0.005172665416887498,0.010951954918993758,-0.0026648114581123293
5618496,1371,20,18.12,0,0,151,755,0.01394785847299814,-1.7266294227188093,0,0,,0.034848005446314154,-0.012128905136621524,0.07267122905027933,0.999932730474531,0.0,0.0,0.011598901919965314,0.034848005446314154,-0.012,0.05537117318435754,0.999989236774559,0.0,0.0,-0.004639648158537909,0.0,0.0,0.04,1.0,0.0,0.0,0.0,0.034848005446314154,-0.012128905136621524,0.12144627198274656,0.999987537641622,0.0,0.0,-0.004992450444991967,-20.26816474155206,1.8519135296849598,2.863908273520885,20.553103325562923,21.22336122341681,1.9391903655913836,2.9988783185216645,21.52172837071721,0.0,0.0,0.0,0.0,0.012235222778725933,0.006034010017066896,0.011057814519674193,-0.0007593386458645047
5622592,1372,20,18.24,0,0,152,760,0.014283054003724394,-1.7123463687150848,0,0,,0.03484336146666148,-0.01212978202157274,0.07274189944134078,0.9999318365473061,0.0,0.0,0.01167571236077557,0.03484336146666148,-0.012,0.0553736312849162,0.999989093743491,0.0,0.0,-0.004670374082612531,0.0,0.0,0.04,1.0,0.0,0.0,0.0,0.03484336146666148,-0.01212978202157274,0.12139257628122825,0.9999881288906858,0.0,0.0,-0.004872584294314223,-20.312814515236596,1.8559932044378613,2.9440537583850075,20.60879901492532,21.029320361576765,1.9214607436973694,3.0479010971297362,21.33574529650375,0.0,0.0,0.0,0.0,0.01224989671765384,0.006298140917769246,0.01116784941119742,0.0012212894015535803
5626688,1373,20,18.36,0,0,153,765,0.014618249534450655,-1.6977281191806342,0,0,,0.034840691707110155,-0.012129987186142815,0.07281256983240224,0.9999309367198405,0.0,0.0,0.011752522732691617,0.034840691707110155,-0.012,0.055376089385474864,0.9999889497683305,0.0,0.0,-0.00470110000227784,0.0,0.0,0.04,1.0,0.0,0.0,0.0,0.034840691707110155,-0.012129987186142815,0.12133775608885965,0.9999887342843446,0.0,0.0,-0.004746715116203636,-20.389548626726953,1.8630044430511936,3.0309251991715795,20.69760822702625,20.840985062344835,1.9042524422447056,3.0980316414762847,21.155865280915922,0.0,0.0,0.0,0.0,0.012229939770555063,0.005938915869991257,0.01127116893470602,0.0030810408247083803
5630784,1374,20,18.48,0,0,154,770,0.014953445065176907,-1.6827746741154572,0,0,,0.03484002981642373,-0.012129519568449513,0.07288324022346368,0.9999300309921394,0.0,0.0,0.011829333035260223,0.03484002981642373,-0.012,0.05537854748603352,0.9999888048490775,0.0,0.0,-0.004731825917504827,0.0,0.0,0.04,1.0,0.0,0.0,0.0,0.03484002981642373,-0.012129519568449513,0.1212818500595723,0.9999893508401563,0.0,0.0,-0.004614997972148052,-20.495214332978904,1.8726591776325903,3.12327020829621,20.816231160907734,20.665094297526053,1.8881812048500963,3.1491582533606017,20.988771957708774,0.0,0.0,0.0,0.0,0.012177327168192132,0.004991889027458484,0.011357547082174112,0.004635847479134032
5634880,1375,20,18.6,0,0,155,775,0.015288640595903168,-1.667486033519554,0,0,,0.03484138413685281,-0.012128381588769015,0.07295391061452514,0.9999291193642084,0.0,0.0,0.01190614326802816,0.03484138413685281,-0.012,0.05538100558659218,0.9999886589857322,0.0,0.0,-0.0047625518282644825,0.0,0.0,0.04,1.0,0.0,0.0,0.0,0.03484138413685281,-0.012128381588769015,0.12122489718176013,0.9999899755206867,0.0,0.0,-0.004477595128688042,-20.625592770822422,1.8845719282984956,3.219599580124011,20.96026025499368,20.50791578081056,1.8738197160131476,3.201230518354867,20.840673857449644,0.0,0.0,0.0,0.0,0.012097266221591609,0.0035507919886490673,0.011418434611413253,0.005731823005438594
5638976,1376,20,18.72,0,0,156,780,0.015623836126629419,-1.6518621973929246,0,0,,0.034844737598992065,-0.012126579137009146,0.07302458100558659,0.9999282018360526,0.0,0.0,0.011982953430542193,0.034844737598992065,-0.012,0.05538346368715084,0.9999885121782948,0.0,0.0,-0.0047932777345278,0.0,0.0,0.04,1.0,0.0,0.0,0.0,0.034844737598992065,-0.012126579137009146,0.12116693676626997,0.999990605248474,0.0,0.0,-0.00433467585759806,-20.775563352941273,1.8982748241266136,3.318196434531832,21.12434395473926,20.375017493599042,1.8616767253034658,3.2542227256240683,20.717073722945813,0.0,0.0,0.0,0.0,0.011997680930542641,0.0017582567497676658,0.011447805203858167,0.006260493669447014
5643072,1377,20,18.84,0,0,157,785,0.015959031657355682,-1.635903165735569,0,0,,0.03485004793691738,-0.012124121542224642,0.07309525139664805,0.9999272784076775,0.0,0.0,0.0120597635223491,0.03485004793691738,-0.012,0.0553859217877095,0.9999883644267654,0.0,0.0,-0.0048240036362657696,0.0,0.0,0.04,1.0,0.0,0.0,0.0,0.03485004793691738,-0.012124121542224642,0.121108008434293,0.9999912369211895,0.0,0.0,-0.004186416227431838,-20.939300622646947,1.9132355898865228,3.4171405239765074,21.302385555345523,20.27106621975446,1.8521786393684276,3.3080895628775733,20.62256404896885,0.0,0.0,0.0,0.0,0.01188842770892466,-0.00020830123935601869,0.011442751917007886,0.006169534506141951
5647168,1378,20,18.96,0,0,158,790,0.016294227188081933,-1.619608938547487,0,0,,0.034857248220891514,-0.01212102152433222,0.0731659217877095,0.9999263490790886,0.0,0.0,0.01213657354299565,0.034857248220891514,-0.012,0.055388379888268155,0.999988215731144,0.0,0.0,-0.004854729533449384,0.0,0.0,0.04,1.0,0.0,0.0,0.0,0.034857248220891514,-0.01212102152433222,0.12104815210516054,0.9999918674269206,0.0,0.0,-0.00403299888668796,-21.110495805912116,1.9288777893726807,3.514348492782579,21.48776973132604,20.19966041326843,1.8456542509585367,3.3627180896532547,20.56065644321519,0.0,0.0,0.0,0.0,0.01178031985013256,-0.00215424269761381,0.011403774897883355,0.005467948161900401
5651264,1379,20,19.08,0,0,159,795,0.01662942271880819,-1.6029795158286788,0,0,,0.03486624770092433,-0.01211729512827535,0.07323659217877095,0.9999254138502914,0.0,0.0,0.012213383492028612,0.03486624770092433,-0.012,0.05539083798882682,0.999988066091431,0.0,0.0,-0.004885455426049634,0.0,0.0,0.04,1.0,0.0,0.0,0.0,0.03486624770092433,-0.01211729512827535,0.12098740798404792,0.9999924936595019,0.0,0.0,-0.0038746128388617742,-21.282594501501386,1.9446025432843905,3.607629489664903,21.67360833597823,20.163203295932046,1.8423231437907452,3.4178805977523776,20.533651148778294,0.0,0.0,0.0,0.0,0.011684057285739062,-0.0038869688566967736,0.011334731881178433,0.004225173861211814
5655360,1380,20,19.2,0,0,160,800,0.01696461824953445,-1.5860148975791444,0,0,,0.034876932950555516,-0.012112961640979525,0.0733072625698324,0.9999244727212915,0.0,0.0,0.012290193368994758,0.034876932950555516,-0.012,0.05539329608938547,0.9999879155076262,0.0,0.0,-0.004916181314037512,0.0,0.0,0.04,1.0,0.0,0.0,0.0,0.034876932950555516,-0.012112961640979525,0.12092581654959055,0.9999931125338176,0.0,0.0,-0.0037114532096600137,-21.449041520132674,1.9598109003166908,3.6947541248773934,21.852996337817704,20.162820460647804,1.8422881639170583,3.473193149270382,20.54255157616418,0.0,0.0,0.0,0.0,0.011609167564097586,-0.005234983846243345,0.011242456371529805,0.002564214687536495
5659456,1381,20,19.32,0,0,161,805,0.017299813780260707,-1.5687150837988837,0,0,,0.03488916929644412,-0.012108043491527774,0.07337793296089386,0.9999235256920942,0.0,0.0,0.012367003173440862,0.03488916929644412,-0.012,0.055395754189944135,0.9999877639797301,0.0,0.0,-0.004946907197384009,0.0,0.0,0.04,1.0,0.0,0.0,0.0,0.03488916929644412,-0.012108043491527774,0.12086341854141534,0.9999937210010006,0.0,0.0,-0.003543721006664127,-21.603523818379244,1.9739260341666314,3.7735334666499933,22.019268384384795,20.198324523011067,1.8455321899197925,3.528084316179752,20.587027020504294,0.0,0.0,0.0,0.0,0.011563062865099744,-0.006064868428204498,0.011136081300161063,0.0006494634028991763
5663552,1382,20,19.44,0,0,162,810,0.017635009310986965,-1.5510800744878968,0,0,,0.034902802515746574,-0.012102566135073165,0.0734486033519553,0.9999225727627052,0.0,0.0,0.012443812904913698,0.034902802515746574,-0.012,0.05539821229050279,0.9999876115077427,0.0,0.0,-0.004977633076060117,0.0,0.0,0.04,1.0,0.0,0.0,0.0,0.034902802515746574,-0.012102566135073165,0.1208002549475922,0.9999943160634518,0.0,0.0,-0.0033716228717378363,-21.740202749669876,1.9864144644368416,3.841903711351481,22.166246460521318,20.268227600233956,1.8519192731178236,3.5817779501176825,20.665424949247477,0.0,0.0,0.0,0.0,0.011550306382670291,-0.006294485111934649,0.011026135096710977,-0.0013295682592023893
5667648,1383,20,19.56,0,0,163,815,0.017970204841713223,-1.5331098696461836,0,0,,0.03491766077989033,-0.01209655792108907,0.07351927374301676,0.9999216139331302,0.0,0.0,0.012520622562960035,0.03491766077989033,-0.012,0.05540067039106145,0.999987458091664,0.0,0.0,-0.005008358950036827,0.0,0.0,0.04,1.0,0.0,0.0,0.0,0.03491766077989033,-0.01209655792108907,0.12073636699200864,0.999994894789609,0.0,0.0,-0.0031953708264834076,-21.853927435286668,1.9968055524627415,3.8980114388024436,22.288469439110354,20.369800675300453,1.8612000617025797,3.633292746741719,20.774832403768716,0.0,0.0,0.0,0.0,0.011572160684495136,-0.005901107679087439,0.010923499642170814,-0.003177006440925303
5671744,1384,20,19.68,0,0,164,820,0.01830540037243948,-1.5148044692737441,0,0,,0.03493355682024409,-0.012090049946639158,0.07358994413407821,0.9999206492033748,0.0,0.0,0.012597432147126652,0.03493355682024409,-0.012,0.05540312849162011,0.9999873037314944,0.0,0.0,-0.00503908481928513,0.0,0.0,0.04,1.0,0.0,0.0,0.0,0.03493355682024409,-0.012090049946639158,0.12067179612167199,0.9999954543283885,0.0,0.0,-0.003015182011059757,-21.94042189521531,2.0047085995628198,3.940294047304733,22.381395995076574,20.49917728596768,1.8730212748599908,3.6814600293605793,20.911184233452467,0.0,0.0,0.0,0.0,0.011626462749895596,-0.004923670501879155,0.01083833323911715,-0.004710001695891286
5675840,1385,20,19.8,0,0,165,825,0.018640595903165733,-1.4961638733705784,0,0,,0.03495029028838957,-0.012083075895426492,0.07366061452513967,0.9999196785734447,0.0,0.0,0.012674241656960317,0.03495029028838957,-0.012,0.05540558659217877,0.9999871484272339,0.0,0.0,-0.005069810683776019,0.0,0.0,0.04,1.0,0.0,0.0,0.0,0.03495029028838957,-0.012083075895426492,0.12060658399394268,0.9999959919232313,0.0,0.0,-0.0028312784166839434,-21.996439620900183,2.0098269704375804,3.967550084053322,22.441573343161064,20.651497508967335,1.8869388586873708,3.7249596793691095,21.069414140697745,0.0,0.0,0.0,0.0,0.01170783805392469,-0.0034589150293554785,0.010779065197825401,-0.0057768264391427635
5679936,1386,20,19.92,0,0,166,830,0.01897579143389199,-1.4771880819366865,0,0,,0.03496765028124645,-0.012075671863454835,0.07373128491620112,0.9999187020433457,0.0,0.0,0.012751051092007809,0.03496765028124645,-0.012,0.05540804469273743,0.9999869921788826,0.0,0.0,-0.0051005365434804864,0.0,0.0,0.04,1.0,0.0,0.0,0.0,0.03496765028124645,-0.012075671863454835,0.12054077246370291,0.9999965049256833,0.0,0.0,-0.0026438866121453494,-22.019880469612243,2.0119687738732,3.9789947385863726,22.466765529838728,20.821086921376914,1.9024343379938295,3.762372617151048,21.243642924606853,0.0,0.0,0.0,0.0,0.0118082325087987,-0.0016518148416232914,0.010751561548696657,-0.006271892123460137
5684032,1387,20,20.04,0,0,167,835,0.01931098696461825,-1.4578770949720683,0,0,,0.034985417999224826,-0.012067876172204445,0.07380195530726257,0.9999177196130833,0.0,0.0,0.012827860451815899,0.034985417999224826,-0.012,0.05541050279329609,0.9999868349864407,0.0,0.0,-0.0051312623983695215,0.0,0.0,0.04,1.0,0.0,0.0,0.0,0.034985417999224826,-0.012067876172204445,0.1204744035704644,0.9999969908084434,0.0,0.0,-0.0024532374646694687,-22.00986606851371,2.011053752453029,3.974296705588629,22.456036512555357,21.001664133368703,1.9189337786834346,3.792246818645111,21.427396928962736,0.0,0.0,0.0,0.0,0.01191770961397608,0.0003187730515695546,0.010758544454272718,-0.006146199823091038
5688128,1388,20,20.16,0,0,168,840,0.019646182495344507,-1.4382309124767239,0,0,,0.03500336950390265,-0.012059729170289364,0.07387262569832402,0.9999167312826637,0.0,0.0,0.012904669735931368,0.03500336950390265,-0.012,0.05541296089385475,0.9999866768499085,0.0,0.0,-0.005161988248414118,0.0,0.0,0.04,1.0,0.0,0.0,0.0,0.03500336950390265,-0.012059729170289364,0.12040751952541924,0.9999974471778139,0.0,0.0,-0.0022595658554751367,-21.966771297767522,2.0071161591868805,3.9535938719941104,22.40978493938667,21.186569610458225,1.9358286953718176,3.8131726617919997,21.61384857782748,0.0,0.0,0.0,0.0,0.012025433917277256,0.002257810510990711,0.010799322784300175,-0.005412189882596837
5692224,1389,20,20.28,0,0,169,845,0.019981378026070758,-1.4182495344506532,0,0,,0.03502127854047128,-0.01205127302462274,0.07394329608938548,0.9999157370520924,0.0,0.0,0.012981478943900988,0.03502127854047128,-0.012,0.05541541899441341,0.9999865177692858,0.0,0.0,-0.005192714093585266,0.0,0.0,0.04,1.0,0.0,0.0,0.0,0.03502127854047128,-0.01205127302462274,0.12034016269843788,0.9999978717854939,0.0,0.0,-0.002063110390376005,-21.892210845236324,2.0003035290063647,3.9174867397701916,22.329729336844043,21.369007845272417,1.9524981787558553,3.8238625357527805,21.7960700614054,0.0,0.0,0.0,0.0,0.012120743449378983,0.003973382088821802,0.010869860520067534,-0.004142510638784361
5696320,1390,20,20.4,0,0,170,850,0.020316573556797023,-1.3979329608938562,0,0,,0.03503891938937606,-0.01204255150217107,0.07401396648044693,0.9999147369213753,0.0,0.0,0.013058288075271538,0.03503891938937606,-0.012,0.05541787709497207,0.9999863577445731,0.0,0.0,-0.0052234399338539576,0.0,0.0,0.04,1.0,0.0,0.0,0.0,0.03503891938937606,-0.01204255150217107,0.1202723756050183,0.9999982625396551,0.0,0.0,-0.0018641131057828334,-21.78898126469693,1.9908713845915977,3.867010041041878,22.218844256189794,21.54229450399081,1.968331477522003,3.823229188277171,21.967290746201982,0.0,0.0,0.0,0.0,0.012194204987913237,0.005295689782438379,0.010963176217723827,-0.0024628280809711046
5700416,1391,20,20.52,0,0,171,855,0.02065176908752328,-1.377281191806333,0,0,,0.03505606971121065,-0.012033609743426961,0.07408463687150837,0.9999137308905185,0.0,0.0,0.013135097129589792,0.03505606971121065,-0.012,0.055420335195530725,0.9999861967757704,0.0,0.0,-0.0052541657691911854,0.0,0.0,0.04,1.0,0.0,0.0,0.0,0.03505606971121065,-0.012033609743426961,0.12020420089319023,0.9999986175152475,0.0,0.0,-0.0016628191704694446,-21.660960401686225,1.979174046854579,3.8035845102551447,22.081249750813797,21.700099967865544,1.9827502508709633,3.8104572732765924,22.121148745129705,0.0,0.0,0.0,0.0,0.012238547706833455,0.006093858723002308,0.011070033993858358,-0.0005393881105495266
5704512,1392,20,20.64,0,0,172,860,0.020986964618249532,-1.3562942271880836,0,0,,0.03507251334900913,-0.012024494028772847,0.07415530726256983,0.9999127189595278,0.0,0.0,0.013211906106402526,0.03507251334900913,-0.012,0.05542279329608939,0.9999860348628778,0.0,0.0,-0.005284891599567939,0.0,0.0,0.04,1.0,0.0,0.0,0.0,0.03507251334900913,-0.012024494028772847,0.12013568133037866,0.999998934963484,0.0,0.0,-0.001459476583470087,-21.512967451744732,1.9656518483827674,3.7289521257856313,21.922058291257233,21.836680725314135,1.9952297109424084,3.7850629948384156,22.251927300205445,0.0,0.0,0.0,0.0,0.012249382803479994,0.006288890462639986,0.011179857643323523,0.0014374375798234316
5708608,1393,20,20.76,0,0,173,865,0.02132216014897579,-1.3349720670391079,0,0,,0.035088043052616716,-0.01201525153894492,0.07422597765363129,0.9999117011284092,0.0,0.0,0.013288715005256522,0.035088043052616716,-0.012,0.05542525139664804,0.9999858720058956,0.0,0.0,-0.0053156174249552116,0.0,0.0,0.04,1.0,0.0,0.0,0.0,0.035088043052616716,-0.01201525153894492,0.12006685979023043,0.999999213320455,0.0,0.0,-0.0012543358684811473,-21.350588256481355,1.9508151706429664,3.6450992105821234,21.74718480591906,21.94709035697863,2.005317900637641,3.746937591310258,22.354767194788142,0.0,0.0,0.0,0.0,0.012225637878547222,0.0058614818138500915,0.011281777414859107,0.003271993467463954
5712704,1394,20,20.88,0,0,174,870,0.021657355679702048,-1.313314711359406,0,0,,0.0351024630908019,-0.012005930110837027,0.07429664804469274,0.9999106773971687,0.0,0.0,0.013365523825698555,0.0351024630908019,-0.012,0.055427709497206705,0.9999857082048239,0.0,0.0,-0.0053463432453239946,0.0,0.0,0.04,1.0,0.0,0.0,0.0,0.0351024630908019,-0.012005930110837027,0.11999777923940821,0.9999994512148342,0.0,0.0,-0.0010476497651443813,-21.179971688760332,1.9352258395821622,3.5541724999639865,21.563126905585282,22.02736240679413,2.01265240265124,3.69637159404298,22.425847302953635,0.0,0.0,0.0,0.0,0.012169663076370796,0.00485393537467444,0.011365705840324281,0.004782705125837076
5716800,1395,20,21.0,0,0,175,875,0.021992551210428306,-1.2913221601489777,0,0,,0.035115591718188004,-0.011996577989908486,0.07436731843575418,0.9999096477658123,0.0,0.0,0.013442332567275403,0.035115591718188004,-0.012,0.05543016759776536,0.9999855434596627,0.0,0.0,-0.0053770690606452795,0.0,0.0,0.04,1.0,0.0,0.0,0.0,0.035115591718188004,-0.011996577989908486,0.11992848272435581,0.9999996474746335,0.0,0.0,-0.0008396729175927146,-21.00760408753367,1.9194765156122136,3.458393586269198,21.376723457772854,22.074658254710727,2.016973850684229,3.634058230013929,22.462526567502252,0.0,0.0,0.0,0.0,0.01208699848034314,0.0033659726461766418,0.011423336137774439,0.005820050479939922
5720896,1396,20,21.12,0,0,176,880,0.022327746741154557,-1.2689944134078233,0,0,,0.035127263465911523,-0.011987243580477232,0.07443798882681564,0.9999086122343461,0.0,0.0,0.013519141229533847,0.035127263465911523,-0.012,0.05543262569832402,0.9999853777704124,0.0,0.0,-0.0054077948708900585,0.0,0.0,0.04,1.0,0.0,0.0,0.0,0.035127263465911523,-0.011987243580477232,0.11985901335803892,0.9999998011329781,0.0,0.0,-0.0006306615606434317,-20.840069627505397,1.9041687984522697,3.3599770119177657,21.19490048131597,22.087374201236205,2.0181357138185363,3.561075893519586,22.463442131254748,0.0,0.0,0.0,0.0,0.011985825785401756,0.0015448641372317307,0.011448964371842415,0.0062813586931634935
5724992,1397,20,21.24,0,0,177,885,0.022662942271880822,-1.2463314711359423,0,0,,0.035137331227136866,-0.011977975195190772,0.0745086592178771,0.9999075708027763,0.0,0.0,0.013595949812020669,0.035137331227136866,-0.012,0.055435083798882685,0.999985211137073,0.0,0.0,-0.005438520676029323,0.0,0.0,0.04,1.0,0.0,0.0,0.0,0.035137331227136866,-0.011977975195190772,0.11978941430666529,0.9999999114328691,0.0,0.0,-0.00042087320402604264,-20.68380519791679,1.8898908302665085,3.2610567203994827,21.02441380275221,22.065203327645595,2.0161099487188867,3.4788511548081527,22.428559975463774,0.0,0.0,0.0,0.0,0.011876158518083905,-0.00042914667448960456,0.011440053998433073,0.006120971971795321
5729088,1398,20,21.36,0,0,178,890,0.022998137802607073,-1.2233333333333352,0,0,,0.03514566811114204,-0.011968820804971591,0.07457932960893855,0.9999065234711089,0.0,0.0,0.013672758314282642,0.03514566811114204,-0.012,0.05543754189944134,0.9999850435596447,0.0,0.0,-0.005469246476034064,0.0,0.0,0.04,1.0,0.0,0.0,0.0,0.03514566811114204,-0.011968820804971591,0.11971972877638862,0.9999999778309132,0.0,0.0,-0.00021056631503513288,-20.544858768743467,1.8771952174486415,3.1636246427794936,20.87159803638497,22.0091492793779,2.0109882590294528,3.3891051678965125,22.359176183816743,0.0,0.0,0.0,0.0,0.011768850951790057,-0.002360682867778871,0.011397486918148575,0.0053547645266743575
5733184,1399,20,21.48,0,0,179,895,0.02333333333333333,-1.2000000000000017,0,1,time_out,0.03515216904260723,-0.011959827790731258,0.07465,0.9999054702393502,0.0,0.0,0.013749566735866553,0.03515216904260723,-0.012,0.05544,0.9999848750381276,0.0,0.0,-0.005499972270875274,0.0,0.0,0.04,1.0,0.0,0.0,0.0,0.03515216904260723,-0.011959827790731258,0.11964999999999999,1.0,0.0,0.0,-1.4695761589768239e-18,-20.42866029900424,1.8665780983861737,3.0694839840128196,20.742131214935412,21.921490886263808,2.0029788627043073,3.2937874631137505,22.25786878506459,0.0,0.0,0.0,0.0,0.011674523809466802,-0.004058571429597457,0.011325476190533193,0.004058571429597478
